# 3ds Max Wavefront OBJ Exporter v0.99 - (c)2007 guruware
# File Created: 28.03.2022 08:37:25

mtllib Fan for Metro.mtl

#
# object Object248_Object248
#

v  -0.6400 11.1907 46.3400
v  -0.6400 19.0076 59.8793
v  -8.3800 19.0076 59.8793
v  -8.3800 11.1907 46.3400
v  -0.6400 8.4759 30.9438
v  -8.3800 8.4759 30.9438
v  -0.6400 11.1907 15.5475
v  -8.3800 11.1907 15.5475
v  -0.6400 19.0076 2.0083
v  -8.3800 19.0076 2.0083
v  -0.6400 30.9837 69.9285
v  -0.6400 45.6747 75.2755
v  -8.3800 45.6747 75.2755
v  -8.3800 30.9837 69.9285
v  -0.6400 30.9837 -8.0409
v  -8.3800 30.9837 -8.0409
v  -0.6400 45.6746 -13.3879
v  -8.3800 45.6746 -13.3879
v  -0.6400 61.3084 -13.3879
v  -8.3800 61.3084 -13.3879
v  -0.6400 75.9993 -8.0409
v  -8.3800 75.9993 -8.0409
v  -0.6400 87.9755 2.0083
v  -8.3800 87.9755 2.0083
v  -0.6400 95.7923 15.5475
v  -8.3800 95.7923 15.5475
v  -0.6400 98.5071 30.9438
v  -8.3800 98.5071 30.9438
v  -0.6400 95.7923 46.3400
v  -8.3800 95.7923 46.3400
v  -8.3800 76.0601 69.8774
v  -8.3800 61.3084 75.2755
v  -0.6400 61.3084 75.2755
v  -0.6400 76.0601 69.8774
v  -8.3800 22.6553 57.1299
v  -8.3800 15.6377 44.9750
v  -8.3800 13.2005 31.1530
v  -8.3800 15.6377 17.3310
v  -8.3800 22.6553 5.1762
v  -8.3800 46.5957 70.9519
v  -8.3800 33.4069 66.1516
v  -8.3800 33.4069 -3.8455
v  -8.3800 46.5957 -8.6458
v  -8.3800 60.6309 -8.6458
v  -8.3800 73.8197 -3.8455
v  -8.3800 60.6309 70.9519
v  -8.3800 84.5712 5.1762
v  -8.3800 91.5888 17.3310
v  -8.3800 94.0260 31.1530
v  -8.3800 91.5888 44.9750
v  -8.3800 87.9755 59.8792
v  -8.3800 84.5713 57.1298
v  -8.3800 73.8742 66.1057
v  51.3670 21.7174 57.9169
v  51.3670 14.4872 45.3938
v  -5.2120 14.4872 45.3938
v  -5.2120 21.7174 57.9169
v  51.3670 11.9761 31.1530
v  -5.2120 11.9761 31.1530
v  51.3670 14.4872 16.9123
v  -5.2120 14.4872 16.9123
v  51.3670 21.7174 4.3892
v  -5.2120 21.7174 4.3892
v  51.3670 46.3831 72.1577
v  51.3670 32.7947 67.2119
v  -5.2120 32.7947 67.2119
v  -5.2120 46.3831 72.1577
v  51.3670 32.7947 -4.9058
v  -5.2120 32.7947 -4.9058
v  51.3670 46.3831 -9.8516
v  -5.2120 46.3831 -9.8516
v  51.3670 60.8435 -9.8516
v  -5.2120 60.8435 -9.8516
v  51.3670 74.4319 -4.9058
v  -5.2120 74.4319 -4.9058
v  51.3670 60.8435 72.1577
v  -5.2120 60.8435 72.1577
v  51.3670 85.5092 4.3892
v  -5.2120 85.5092 4.3892
v  51.3670 92.7394 16.9122
v  -5.2120 92.7394 16.9123
v  51.3670 95.2504 31.1530
v  -5.2120 95.2504 31.1530
v  51.3670 92.7394 45.3937
v  -5.2120 92.7394 45.3938
v  51.3670 85.5092 57.9168
v  -5.2120 85.5092 57.9168
v  51.3670 74.5736 67.1051
v  -5.2120 74.5736 67.1051
v  51.6210 12.3413 45.9212
v  51.6210 19.9455 59.0922
v  -0.6400 19.9455 59.0922
v  -0.6400 12.3413 45.9212
v  51.6210 9.7003 30.9438
v  -0.6400 9.7003 30.9438
v  51.6210 12.3413 15.9663
v  -0.6400 12.3413 15.9663
v  51.6210 19.9455 2.7954
v  -0.6400 19.9455 2.7954
v  51.6210 31.5959 68.8681
v  51.6210 45.8873 74.0697
v  -0.6400 45.8873 74.0697
v  -0.6400 31.5959 68.8681
v  51.6210 31.5959 -6.9805
v  -0.6400 31.5959 -6.9805
v  51.6210 45.8872 -12.1821
v  -0.6400 45.8872 -12.1821
v  51.6210 61.0958 -12.1821
v  -0.6400 61.0958 -12.1821
v  51.6210 75.3871 -6.9805
v  -0.6400 75.3871 -6.9805
v  51.6210 61.0958 74.0697
v  -0.6400 61.0958 74.0697
v  51.6210 87.0375 2.7954
v  -0.6400 87.0375 2.7954
v  51.6210 94.6418 15.9663
v  -0.6400 94.6418 15.9663
v  51.6210 97.2827 30.9438
v  -0.6400 97.2827 30.9438
v  51.6210 94.6418 45.9212
v  -0.6400 94.6418 45.9212
v  51.6210 87.0375 59.0922
v  -0.6400 87.0375 59.0922
v  51.6210 75.3604 68.8784
v  -0.6400 75.3604 68.8784
v  54.5340 11.1907 46.3400
v  54.5340 15.6377 44.9750
v  54.5340 22.6553 57.1299
v  54.5340 19.0076 59.8793
v  54.5340 8.4759 30.9438
v  54.5340 13.2005 31.1530
v  54.5340 11.1907 15.5475
v  54.5340 15.6377 17.3310
v  54.5340 19.0076 2.0083
v  54.5340 22.6553 5.1762
v  54.5340 30.9837 69.9285
v  54.5340 33.4069 66.1516
v  54.5340 46.5957 70.9519
v  54.5340 45.6747 75.2755
v  54.5340 30.9837 -8.0409
v  54.5340 33.4069 -3.8455
v  54.5340 45.6746 -13.3879
v  54.5340 46.5957 -8.6458
v  54.5340 61.3084 -13.3879
v  54.5340 60.6309 -8.6458
v  54.5340 75.9993 -8.0409
v  54.5340 73.8197 -3.8455
v  54.5340 60.6309 70.9519
v  54.5340 61.3084 75.2755
v  54.5340 87.9755 2.0083
v  54.5340 84.5712 5.1762
v  54.5340 95.7923 15.5475
v  54.5340 91.5888 17.3310
v  54.5340 98.5071 30.9438
v  54.5340 94.0260 31.1530
v  54.5340 95.7923 46.3400
v  54.5340 91.5888 44.9750
v  54.5340 87.9755 59.8792
v  54.5340 84.5713 57.1298
v  54.5340 73.8742 66.1057
v  54.5340 76.0601 69.8774
v  51.3670 15.6377 44.9750
v  51.3670 22.6553 57.1299
v  -5.2120 22.6553 57.1299
v  -5.2120 15.6377 44.9750
v  51.3670 13.2005 31.1530
v  -5.2120 13.2005 31.1530
v  51.3670 15.6377 17.3310
v  -5.2120 15.6377 17.3310
v  51.3670 22.6553 5.1762
v  -5.2120 22.6553 5.1762
v  51.3670 33.4069 66.1516
v  51.3670 46.5957 70.9519
v  -5.2120 46.5957 70.9519
v  -5.2120 33.4069 66.1516
v  51.3670 33.4069 -3.8455
v  -5.2120 33.4069 -3.8455
v  51.3670 46.5957 -8.6458
v  -5.2120 46.5957 -8.6458
v  51.3670 60.6309 -8.6458
v  -5.2120 60.6309 -8.6458
v  51.3670 73.8197 -3.8455
v  -5.2120 73.8197 -3.8455
v  51.3670 60.6309 70.9519
v  -5.2120 60.6309 70.9519
v  51.3670 84.5712 5.1762
v  -5.2120 84.5712 5.1762
v  51.3670 91.5888 17.3310
v  -5.2120 91.5888 17.3310
v  51.3670 94.0260 31.1530
v  -5.2120 94.0260 31.1530
v  51.3670 91.5888 44.9750
v  -5.2120 91.5888 44.9750
v  51.3670 84.5713 57.1298
v  -5.2120 84.5713 57.1298
v  51.3670 73.8742 66.1057
v  -5.2120 73.8742 66.1057
v  51.6210 19.0076 59.8793
v  51.6210 11.1907 46.3400
v  51.6210 8.4759 30.9438
v  51.6210 11.1907 15.5475
v  51.6210 19.0076 2.0083
v  51.6210 45.6747 75.2755
v  51.6210 30.9837 69.9285
v  51.6210 30.9837 -8.0409
v  51.6210 45.6746 -13.3879
v  51.6210 61.3084 -13.3879
v  51.6210 75.9993 -8.0409
v  51.6210 61.3084 75.2755
v  51.6210 87.9755 2.0083
v  51.6210 95.7923 15.5475
v  51.6210 98.5071 30.9438
v  51.6210 95.7923 46.3400
v  51.6210 87.9755 59.8792
v  51.6210 76.0601 69.8774
v  -0.6400 87.9755 59.8792
v  47.5170 11.4054 33.0737
v  47.5170 50.1652 33.0737
v  44.3500 50.1652 33.0737
v  44.3500 11.4054 33.0737
v  46.5130 12.4054 29.3682
v  46.5130 50.5794 29.3682
v  46.5130 53.9159 30.7210
v  46.5130 50.5794 32.0737
v  46.5130 12.4054 32.0737
v  44.3500 11.4054 28.3682
v  44.3500 50.1652 28.3682
v  47.5170 50.1652 28.3682
v  47.5170 11.4054 28.3682
v  44.3500 50.5616 32.0822
v  44.3500 50.5616 29.3598
v  44.3500 56.2687 26.9703
v  47.5170 56.2687 26.9703
v  47.5170 56.0248 -11.0615
v  44.3500 56.0248 -11.0615
v  46.5130 52.5658 27.3818
v  46.5130 52.3258 -9.0597
v  46.5130 55.0312 -9.0597
v  46.5130 55.2714 27.3871
v  47.5170 51.5632 26.9703
v  44.3500 51.5632 26.9703
v  44.3500 51.3193 -11.0615
v  47.5170 51.3193 -11.0615
v  44.3500 52.5547 27.3667
v  44.3500 55.2771 27.3667
v  44.3500 56.0248 72.7223
v  47.5170 56.0248 72.7223
v  47.5170 56.2687 34.4718
v  44.3500 56.2687 34.4718
v  46.5130 52.3257 71.7223
v  46.5130 52.5658 34.0602
v  46.5130 55.0312 71.7223
v  46.5130 55.2713 34.0549
v  47.5170 51.3193 72.7223
v  44.3500 51.3193 72.7223
v  44.3500 51.5632 34.4718
v  47.5170 51.5632 34.4718
v  44.3500 55.2771 34.0753
v  44.3500 52.5547 34.0753
v  47.5170 95.9388 33.0737
v  44.3500 95.9388 33.0737
v  44.3500 57.6667 33.0737
v  47.5170 57.6667 33.0737
v  46.5130 94.9388 32.0737
v  46.5130 57.2525 32.0737
v  46.5130 94.9388 29.3682
v  46.5130 57.2525 29.3682
v  44.3500 95.9388 28.3682
v  47.5170 95.9388 28.3682
v  47.5170 57.6667 28.3682
v  44.3500 57.6667 28.3682
v  44.3500 57.2703 29.3598
v  44.3500 57.2703 32.0822
v  32.4730 50.5616 29.3598
v  32.4730 50.5616 32.0822
v  32.4730 52.5547 34.0753
v  32.4730 55.2771 34.0753
v  32.4730 57.2703 32.0822
v  32.4730 57.2703 29.3598
v  32.4730 55.2771 27.3667
v  32.4730 52.5547 27.3667
v  34.5410 52.9390 28.2944
v  34.5410 54.8929 28.2944
v  42.2810 54.8929 28.2944
v  42.2810 52.9390 28.2944
v  34.5410 51.4893 29.7441
v  42.2810 51.4893 29.7441
v  34.5410 51.4893 31.6979
v  42.2810 51.4893 31.6979
v  34.5410 52.9390 33.1476
v  42.2810 52.9390 33.1476
v  34.5410 54.8929 33.1476
v  42.2810 54.8929 33.1476
v  34.5410 56.3426 31.6979
v  42.2810 56.3426 31.6979
v  34.5410 56.3426 29.7441
v  42.2810 56.3426 29.7441
v  34.5410 55.2771 27.3667
v  34.5410 52.5547 27.3667
v  42.2810 52.5547 27.3667
v  42.2810 55.2771 27.3667
v  34.5410 50.5616 29.3598
v  42.2810 50.5616 29.3598
v  34.5410 50.5616 32.0822
v  42.2810 50.5616 32.0822
v  34.5410 52.5547 34.0753
v  42.2810 52.5547 34.0753
v  34.5410 55.2771 34.0753
v  42.2810 55.2771 34.0753
v  34.5410 57.2703 32.0822
v  42.2810 57.2703 32.0822
v  34.5410 57.2703 29.3598
v  42.2810 57.2703 29.3598
v  43.2860 54.0513 33.0753
v  43.2860 53.7805 33.0753
v  41.2770 54.2247 34.1476
v  41.2770 53.6072 34.1476
v  47.5170 12.4054 29.3682
v  47.5170 12.4054 32.0737
v  47.5170 50.5794 29.3682
v  47.5170 52.5658 27.3818
v  47.5170 52.3258 -9.0597
v  47.5170 55.0312 -9.0597
v  47.5170 55.2714 27.3871
v  47.5170 57.2525 29.3682
v  47.5170 94.9388 29.3682
v  47.5170 94.9388 32.0737
v  47.5170 57.2525 32.0737
v  47.5170 55.2713 34.0549
v  47.5170 55.0312 71.7223
v  47.5170 52.3257 71.7223
v  47.5170 52.5658 34.0602
v  47.5170 50.5794 32.0737
v  42.2810 53.7805 33.0753
v  42.2810 54.0513 33.0753
v  42.2810 54.2247 34.1476
v  42.2810 53.6072 34.1476
v  47.6340 7.8571 56.6852
v  47.6340 7.8571 2.0084
v  51.3670 7.8571 2.0084
v  51.3670 7.8571 56.6852
v  47.6340 9.7003 56.6852
v  51.3670 9.7003 56.6852
v  51.3670 9.7003 2.0084
v  47.6340 9.7003 2.0084
v  51.3670 -0.0000 58.6935
v  47.6340 -0.0000 58.6935
v  47.6340 -0.0000 -0.0000
v  51.3670 -0.0000 -0.0000
v  47.6340 20.8218 56.6852
v  51.3670 20.8218 56.6852
v  47.6340 20.8218 58.6935
v  51.3670 20.8218 58.6935
v  51.3670 23.6456 2.0084
v  47.6340 23.6456 2.0084
v  51.3670 23.6456 -0.0000
v  50.3670 1.0000 0.5570
v  48.6340 1.0000 0.5570
v  48.6340 22.6456 0.5570
v  50.3670 22.6456 0.5570
v  47.6340 23.6456 -0.0000
v  51.3670 -0.0000 56.6852
v  47.6340 -0.0000 56.6852
v  47.6340 -0.0000 2.0084
v  51.3670 -0.0000 2.0084
v  50.3670 22.6456 -0.0000
v  48.6340 22.6456 -0.0000
v  50.3670 1.0000 -0.0000
v  48.6340 1.0000 -0.0000
v  22.8650 7.8571 56.6852
v  22.8650 7.8571 2.0084
v  26.5980 7.8571 2.0084
v  26.5980 7.8571 56.6852
v  22.8650 9.7003 56.6852
v  26.5980 9.7003 56.6852
v  26.5980 9.7003 2.0084
v  22.8650 9.7003 2.0084
v  26.5980 -0.0000 58.6935
v  22.8650 -0.0000 58.6935
v  22.8650 -0.0000 -0.0000
v  26.5980 -0.0000 -0.0000
v  22.8650 20.8218 56.6852
v  26.5980 20.8218 56.6852
v  22.8650 20.8218 58.6935
v  26.5980 20.8218 58.6935
v  26.5980 23.6456 2.0084
v  22.8650 23.6456 2.0084
v  26.5980 23.6456 -0.0000
v  25.5980 1.0000 0.5570
v  23.8650 1.0000 0.5570
v  23.8650 22.6456 0.5570
v  25.5980 22.6456 0.5570
v  22.8650 23.6456 -0.0000
v  26.5980 -0.0000 56.6852
v  22.8650 -0.0000 56.6852
v  22.8650 -0.0000 2.0084
v  26.5980 -0.0000 2.0084
v  25.5980 22.6456 -0.0000
v  23.8650 22.6456 -0.0000
v  25.5980 1.0000 -0.0000
v  23.8650 1.0000 -0.0000
v  0.0000 7.8571 56.6852
v  0.0000 7.8571 2.0084
v  3.7330 7.8571 2.0084
v  3.7330 7.8571 56.6852
v  0.0000 9.7003 56.6852
v  3.7330 9.7003 56.6852
v  3.7330 9.7003 2.0084
v  0.0000 9.7003 2.0084
v  3.7330 -0.0000 58.6935
v  0.0000 -0.0000 58.6935
v  0.0000 -0.0000 -0.0000
v  3.7330 -0.0000 -0.0000
v  0.0000 20.8218 56.6852
v  3.7330 20.8218 56.6852
v  0.0000 20.8218 58.6935
v  3.7330 20.8218 58.6935
v  3.7330 23.6456 2.0084
v  0.0000 23.6456 2.0084
v  3.7330 23.6456 -0.0000
v  2.7330 1.0000 0.5570
v  1.0000 1.0000 0.5570
v  1.0000 22.6456 0.5570
v  2.7330 22.6456 0.5570
v  0.0000 23.6456 -0.0000
v  3.7330 -0.0000 56.6852
v  0.0000 -0.0000 56.6852
v  0.0000 -0.0000 2.0084
v  3.7330 -0.0000 2.0084
v  2.7330 22.6456 -0.0000
v  1.0000 22.6456 -0.0000
v  2.7330 1.0000 -0.0000
v  1.0000 1.0000 -0.0000
v  47.6340 7.8571 0.5665
v  3.7330 7.8571 0.5665
v  3.7330 9.7003 0.5665
v  47.6340 9.7003 0.5665
v  47.6340 7.8571 58.1271
v  3.7330 7.8571 58.1271
v  3.7330 9.7003 58.1271
v  47.6340 9.7003 58.1271
v  -2.0150 39.7767 15.7709
v  9.0840 39.7767 15.7709
v  9.0840 39.7767 45.8902
v  -2.0150 39.7767 45.8902
v  9.0840 40.7624 20.9020
v  9.0840 40.7624 15.7709
v  -2.0150 40.7624 15.7709
v  9.0840 40.7624 40.7591
v  9.0840 40.7624 45.8902
v  -2.0150 40.7624 45.8902
v  20.1830 39.7767 45.8902
v  20.1830 39.7767 15.7709
v  20.1830 40.7624 15.7709
v  20.1830 40.7624 20.9020
v  20.1830 40.7624 40.7591
v  20.1830 40.7624 45.8902
v  19.2300 45.3369 25.6578
v  10.0370 45.3369 25.6578
v  10.0370 45.3369 36.0032
v  19.2300 45.3369 36.0032
v  20.1830 40.7624 14.6552
v  9.0840 40.7624 14.6552
v  9.0840 40.7624 47.0059
v  20.1830 40.7624 47.0059
v  20.1830 23.6631 2.2576
v  20.1830 22.2609 3.3734
v  9.0840 22.2609 3.3734
v  9.0840 22.9620 2.8155
v  9.0840 23.6631 2.2576
v  9.0840 40.2695 15.2131
v  9.0840 22.9620 58.8456
v  9.0840 22.2609 58.2877
v  20.1830 22.2609 58.2877
v  9.0840 23.6631 59.4035
v  20.1830 23.6631 59.4035
v  9.0840 40.2695 46.4480
v  0.5000 22.9620 58.8456
v  0.5000 23.6631 59.4035
v  0.5000 23.6631 2.2576
v  0.5000 22.9620 2.8155
v  20.1830 41.9897 20.9020
v  20.1830 41.9897 40.7591
v  9.0840 41.9897 20.9020
v  9.0840 41.9897 40.7591
v  19.2300 41.9897 21.8553
v  19.2300 41.9897 39.8058
v  10.0370 41.9897 21.8553
v  10.0370 41.9897 39.8058
v  17.9910 53.6721 32.5987
v  17.9910 52.8508 32.4112
v  19.2290 52.8508 32.4113
v  19.2290 53.6721 32.5988
v  17.9910 54.4934 32.4112
v  19.2290 54.4934 32.4113
v  17.9910 55.1520 31.8860
v  19.2290 55.1520 31.8861
v  17.9910 55.5175 31.1270
v  19.2290 55.5175 31.1271
v  17.9910 55.5175 30.2846
v  19.2290 55.5175 30.2846
v  17.9910 55.1520 29.5256
v  19.2290 55.1520 29.5256
v  17.9910 54.4934 29.0004
v  19.2290 54.4934 29.0004
v  17.9910 53.6721 28.8129
v  19.2290 53.6721 28.8129
v  17.9910 52.8508 29.0004
v  19.2290 52.8508 29.0004
v  17.9910 52.1922 29.5256
v  19.2290 52.1922 29.5256
v  17.9910 51.8267 30.2846
v  19.2290 51.8267 30.2846
v  17.9910 51.8267 31.1270
v  19.2290 51.8267 31.1271
v  17.9910 52.1922 31.8860
v  19.2290 52.1922 31.8861
v  17.9910 53.6721 34.1187
v  17.9910 45.3369 34.1188
v  17.9910 55.1529 33.7807
v  17.9910 56.3404 32.8337
v  17.9910 56.9994 31.4653
v  17.9910 56.9994 29.9464
v  17.9910 56.3404 28.5779
v  17.9910 55.1529 27.6309
v  17.9910 53.6721 27.2929
v  17.9910 45.3369 27.2929
v  15.0160 55.1529 33.7807
v  15.0160 53.6721 34.1187
v  15.0160 56.3404 32.8337
v  15.0160 56.9994 31.4653
v  15.0160 56.9994 29.9464
v  15.0160 56.3404 28.5779
v  15.0160 55.1529 27.6309
v  15.0160 53.6721 27.2929
v  15.0160 45.3369 34.1188
v  15.0160 45.3369 27.2929
v  15.0160 53.6721 33.3130
v  15.0160 52.5409 33.0548
v  15.0160 54.8033 33.0548
v  15.0160 55.7104 32.3313
v  15.0160 56.2139 31.2859
v  15.0160 56.2139 30.1257
v  15.0160 55.7104 29.0803
v  15.0160 54.8033 28.3569
v  15.0160 53.6721 28.0987
v  15.0160 52.5409 28.3569
v  15.0160 51.6338 29.0803
v  15.0160 51.1304 30.1257
v  15.0160 51.1304 31.2859
v  15.0160 51.6338 32.3313
v  13.9950 53.6721 33.3130
v  13.9950 52.5409 33.0548
v  13.9950 54.8033 33.0548
v  13.9950 55.7104 32.3313
v  13.9950 56.2139 31.2859
v  13.9950 56.2139 30.1257
v  13.9950 55.7104 29.0803
v  13.9950 54.8033 28.3569
v  13.9950 53.6721 28.0987
v  13.9950 52.5409 28.3569
v  13.9950 51.6338 29.0803
v  13.9950 51.1304 30.1257
v  13.9950 51.1304 31.2859
v  13.9950 51.6338 32.3313
v  12.9130 53.8330 33.5359
v  12.9130 50.3111 33.5359
v  12.9130 52.8508 32.4112
v  12.9130 53.6721 32.5987
v  12.9130 55.0609 33.2556
v  12.9130 54.4934 32.4112
v  12.9130 56.0457 32.4703
v  12.9130 55.1520 31.8860
v  12.9130 56.5921 31.3356
v  12.9130 55.5175 31.1270
v  12.9130 56.5921 30.0761
v  12.9130 55.5175 30.2846
v  12.9130 56.0457 28.9413
v  12.9130 55.1520 29.5256
v  12.9130 55.0609 28.1560
v  12.9130 54.4934 29.0004
v  12.9130 53.8330 27.8758
v  12.9130 53.6721 28.8129
v  12.9130 50.3111 27.8758
v  12.9130 52.8508 29.0004
v  12.9130 52.1922 29.5256
v  12.9130 51.8267 30.2846
v  12.9130 51.8267 31.1270
v  12.9130 52.1922 31.8860
v  12.0050 55.0609 33.2556
v  12.0050 53.8330 33.5359
v  12.0050 56.0457 32.4703
v  12.0050 56.5921 31.3356
v  12.0050 56.5921 30.0761
v  12.0050 56.0457 28.9413
v  12.0050 55.0609 28.1560
v  12.0050 53.8330 27.8758
v  12.0050 50.3111 33.5359
v  12.0050 50.3111 27.8758
v  12.0050 53.6721 33.3130
v  12.0050 52.5409 33.0548
v  12.0050 54.8033 33.0548
v  12.0050 55.7104 32.3313
v  12.0050 56.2139 31.2859
v  12.0050 56.2139 30.1257
v  12.0050 55.7104 29.0803
v  12.0050 54.8033 28.3569
v  12.0050 53.6721 28.0987
v  12.0050 52.5409 28.3569
v  12.0050 51.6338 29.0803
v  12.0050 51.1304 30.1257
v  12.0050 51.1304 31.2859
v  12.0050 51.6338 32.3313
v  10.9840 53.6721 33.3130
v  10.9840 52.5409 33.0548
v  10.9840 54.8033 33.0548
v  10.9840 55.7104 32.3313
v  10.9840 56.2139 31.2859
v  10.9840 56.2139 30.1257
v  10.9840 55.7104 29.0803
v  10.9840 54.8033 28.3569
v  10.9840 53.6721 28.0987
v  10.9840 52.5409 28.3569
v  10.9840 51.6338 29.0803
v  10.9840 51.1304 30.1257
v  10.9840 51.1304 31.2859
v  10.9840 51.6338 32.3313
v  13.3550 50.3111 33.6467
v  13.3550 50.3111 27.7649
v  11.5630 50.3111 33.6467
v  11.5630 50.3111 27.7649
v  12.7260 50.2003 27.8130
v  12.7260 50.2003 33.5987
v  12.7260 46.3406 33.5987
v  12.7260 46.3406 27.8130
v  12.1920 50.2003 33.5987
v  12.1920 46.3406 33.5987
v  12.1920 50.2003 27.8130
v  12.1920 46.3406 27.8130
v  13.3550 46.3406 27.7650
v  13.3550 46.3406 33.6467
v  13.3550 45.3369 33.6467
v  13.3550 45.3369 27.7650
v  13.3550 50.2003 33.6467
v  13.3550 50.2003 27.7649
v  11.5630 46.3406 33.6467
v  11.5630 45.3369 33.6467
v  11.5630 50.2003 33.6467
v  11.5630 46.3406 27.7650
v  11.5630 45.3369 27.7650
v  11.5630 50.2003 27.7649
v  10.9840 53.6721 33.6156
v  10.9840 52.4096 33.3275
v  10.9840 54.9346 33.3275
v  10.9840 55.9471 32.5200
v  10.9840 56.5089 31.3533
v  10.9840 56.5089 30.0583
v  10.9840 55.9471 28.8916
v  10.9840 54.9346 28.0841
v  10.9840 53.6721 27.7960
v  10.9840 52.4096 28.0842
v  10.9840 51.3971 28.8916
v  10.9840 50.8353 30.0583
v  10.9840 50.8353 31.3533
v  10.9840 51.3971 32.5200
v  10.7500 53.6721 34.1506
v  10.7500 52.1775 33.8094
v  10.7500 55.1667 33.8094
v  10.7500 56.3653 32.8536
v  10.7500 57.0304 31.4723
v  10.7500 57.0304 29.9393
v  10.7500 56.3653 28.5581
v  10.7500 55.1667 27.6023
v  10.7500 53.6721 27.2611
v  10.7500 52.1775 27.6023
v  10.7500 50.9789 28.5581
v  10.7500 50.3138 29.9393
v  10.7500 50.3138 31.4723
v  10.7500 50.9789 32.8536
v  10.4690 53.6721 34.5217
v  10.4690 52.0165 34.1438
v  10.4690 55.3278 34.1438
v  10.4690 56.6555 33.0850
v  10.4690 57.3923 31.5549
v  10.4690 57.3923 29.8567
v  10.4690 56.6555 28.3266
v  10.4690 55.3278 27.2678
v  10.4690 53.6721 26.8899
v  10.4690 52.0164 27.2678
v  10.4690 50.6887 28.3266
v  10.4690 49.9519 29.8567
v  10.4690 49.9519 31.5549
v  10.4690 50.6887 33.0850
v  9.7010 52.7482 34.7539
v  9.7010 51.8242 34.5429
v  9.7010 54.5960 34.7539
v  9.7010 53.6721 34.9648
v  9.7010 56.2609 33.9521
v  9.7010 55.5200 34.5429
v  9.7010 57.4130 32.5074
v  9.7010 57.0019 33.3612
v  9.7010 57.8242 30.7058
v  9.7010 57.8242 31.6535
v  9.7010 57.4130 28.9043
v  9.7010 57.8242 29.7581
v  9.7010 56.2609 27.4595
v  9.7010 57.0019 28.0504
v  9.7010 54.5960 26.6578
v  9.7010 55.5200 26.8686
v  9.7010 52.7482 26.6578
v  9.7010 53.6721 26.4469
v  9.7010 51.0833 27.4595
v  9.7010 51.8242 26.8686
v  9.7010 49.9312 28.9043
v  9.7010 50.3423 28.0504
v  9.7010 49.5200 30.7058
v  9.7010 49.5200 29.7581
v  9.7010 49.9312 32.5074
v  9.7010 49.5200 31.6535
v  9.7010 51.0833 33.9521
v  9.7010 50.3423 33.3612
v  -0.3090 53.6721 27.2611
v  -0.3090 52.1775 27.6023
v  -0.5420 52.4096 28.0841
v  -0.5420 53.6721 27.7960
v  -0.3090 55.1667 27.6023
v  -0.5420 54.9346 28.0841
v  -0.3090 56.3653 28.5581
v  -0.5420 55.9471 28.8916
v  -0.3090 57.0304 29.9393
v  -0.5420 56.5089 30.0583
v  -0.3090 57.0304 31.4723
v  -0.5420 56.5089 31.3533
v  -0.3090 56.3653 32.8536
v  -0.5420 55.9471 32.5200
v  -0.3090 55.1667 33.8094
v  -0.5420 54.9346 33.3275
v  -0.3090 53.6721 34.1506
v  -0.5420 53.6721 33.6156
v  -0.3090 52.1775 33.8094
v  -0.5420 52.4096 33.3275
v  -0.3090 50.9789 32.8536
v  -0.5420 51.3971 32.5200
v  -0.3090 50.3138 31.4723
v  -0.5420 50.8353 31.3533
v  -0.3090 50.3138 29.9393
v  -0.5420 50.8353 30.0583
v  -0.3090 50.9789 28.5581
v  -0.5420 51.3971 28.8916
v  -0.0270 53.6721 26.8899
v  -0.0270 52.0165 27.2678
v  -0.0270 55.3278 27.2678
v  -0.0270 56.6555 28.3266
v  -0.0270 57.3923 29.8567
v  -0.0270 57.3923 31.5549
v  -0.0270 56.6555 33.0850
v  -0.0270 55.3278 34.1438
v  -0.0270 53.6721 34.5217
v  -0.0270 52.0164 34.1438
v  -0.0270 50.6887 33.0850
v  -0.0270 49.9519 31.5549
v  -0.0270 49.9519 29.8567
v  -0.0270 50.6887 28.3266
v  0.7410 52.7482 26.6578
v  0.7410 51.8242 26.8686
v  0.7410 54.5960 26.6578
v  0.7410 53.6721 26.4469
v  0.7410 56.2609 27.4595
v  0.7410 55.5200 26.8686
v  0.7410 57.4130 28.9043
v  0.7410 57.0019 28.0504
v  0.7410 57.8242 30.7058
v  0.7410 57.8242 29.7581
v  0.7410 57.4130 32.5074
v  0.7410 57.8242 31.6535
v  0.7410 56.2609 33.9521
v  0.7410 57.0019 33.3612
v  0.7410 54.5960 34.7539
v  0.7410 55.5200 34.5429
v  0.7410 52.7482 34.7539
v  0.7410 53.6721 34.9648
v  0.7410 51.0833 33.9521
v  0.7410 51.8242 34.5429
v  0.7410 49.9312 32.5074
v  0.7410 50.3423 33.3612
v  0.7410 49.5200 30.7058
v  0.7410 49.5200 31.6535
v  0.7410 49.9312 28.9043
v  0.7410 49.5200 29.7581
v  0.7410 51.0833 27.4595
v  0.7410 50.3423 28.0504
v  9.5220 52.0261 26.9524
v  0.9190 52.0261 26.9524
v  0.9190 52.6026 26.8208
v  9.5220 52.6026 26.8208
v  9.5220 53.8176 26.6099
v  0.9190 53.8176 26.6099
v  0.9190 54.3942 26.7415
v  9.5220 54.3942 26.7415
v  9.5220 55.5804 27.0787
v  0.9190 55.5804 27.0787
v  0.9190 56.0427 27.4474
v  9.5220 56.0427 27.4474
v  9.5220 56.9651 28.2658
v  0.9190 56.9651 28.2658
v  0.9190 57.2217 28.7987
v  9.5220 57.2217 28.7987
v  9.5220 57.6977 29.9363
v  0.9190 57.6977 29.9363
v  0.9190 57.6977 30.5276
v  9.5220 57.6977 30.5276
v  9.5220 57.6329 31.7591
v  0.9190 57.6329 31.7591
v  0.9190 57.3763 32.2919
v  9.5220 57.3763 32.2919
v  9.5220 56.7836 33.3734
v  0.9190 56.7836 33.3734
v  0.9190 56.3213 33.7420
v  9.5220 56.3213 33.7420
v  9.5220 55.3181 34.4593
v  0.9190 55.3181 34.4593
v  0.9190 54.7416 34.5908
v  9.5220 54.7416 34.5908
v  9.5220 53.5266 34.8017
v  0.9190 53.5266 34.8017
v  0.9190 52.9500 34.6701
v  9.5220 52.9500 34.6701
v  9.5220 51.7638 34.3329
v  0.9190 51.7638 34.3329
v  0.9190 51.3015 33.9642
v  9.5220 51.3015 33.9642
v  9.5220 50.3791 33.1458
v  0.9190 50.3791 33.1458
v  0.9190 50.1225 32.6130
v  9.5220 50.1225 32.6130
v  9.5220 49.7113 29.6525
v  0.9190 49.7113 29.6525
v  0.9190 49.9679 29.1197
v  9.5220 49.9679 29.1197
v  9.5220 50.5606 28.0383
v  0.9190 50.5606 28.0383
v  0.9190 51.0229 27.6696
v  9.5220 51.0229 27.6696
v  9.5220 52.9500 26.7415
v  0.9190 52.9500 26.7415
v  0.9190 53.5266 26.6099
v  9.5220 53.5266 26.6099
v  9.5220 54.7416 26.8208
v  0.9190 54.7416 26.8208
v  0.9190 55.3181 26.9524
v  9.5220 55.3181 26.9524
v  9.5220 56.3213 27.6696
v  0.9190 56.3213 27.6696
v  0.9190 56.7836 28.0383
v  9.5220 56.7836 28.0383
v  9.5220 57.3763 29.1197
v  0.9190 57.3763 29.1197
v  0.9190 57.6329 29.6525
v  9.5220 57.6329 29.6525
v  9.5220 57.6977 30.8840
v  0.9190 57.6977 30.8840
v  0.9190 57.6977 31.4754
v  9.5220 57.6977 31.4754
v  9.5220 57.2217 32.6130
v  0.9190 57.2217 32.6130
v  0.9190 56.9651 33.1458
v  9.5220 56.9651 33.1458
v  9.5220 56.0427 33.9642
v  0.9190 56.0427 33.9642
v  0.9190 55.5804 34.3329
v  9.5220 55.5804 34.3329
v  9.5220 54.3942 34.6701
v  0.9190 54.3942 34.6701
v  0.9190 53.8176 34.8017
v  9.5220 53.8176 34.8017
v  9.5220 52.6026 34.5908
v  0.9190 52.6026 34.5908
v  0.9190 52.0261 34.4593
v  9.5220 52.0261 34.4593
v  9.5220 51.0229 33.7420
v  0.9190 51.0229 33.7420
v  0.9190 50.5606 33.3734
v  9.5220 50.5606 33.3734
v  9.5220 49.9679 32.2919
v  0.9190 49.9679 32.2919
v  0.9190 49.7113 31.7591
v  9.5220 49.7113 31.7591
v  9.5220 50.1225 28.7987
v  0.9190 50.1225 28.7987
v  0.9190 50.3791 28.2658
v  9.5220 50.3791 28.2658
v  9.5220 51.3015 27.4474
v  0.9190 51.3015 27.4474
v  0.9190 51.7638 27.0787
v  9.5220 51.7638 27.0787
v  0.9190 52.5745 26.6974
v  0.9190 51.9979 26.8290
v  9.5220 52.5745 26.6974
v  9.5220 51.9979 26.8290
v  0.9190 54.4223 26.6181
v  0.9190 53.8458 26.4865
v  9.5220 54.4223 26.6181
v  9.5220 53.8458 26.4865
v  0.9190 56.1216 27.3485
v  0.9190 55.6593 26.9797
v  9.5220 56.1216 27.3485
v  9.5220 55.6593 26.9797
v  0.9190 57.3357 28.7438
v  0.9190 57.0792 28.2109
v  9.5220 57.3357 28.7438
v  9.5220 57.0792 28.2109
v  0.9190 57.8242 30.5276
v  0.9190 57.8242 29.9363
v  9.5220 57.8242 30.5276
v  9.5220 57.8242 29.9363
v  0.9190 57.4904 32.3468
v  0.9190 57.7469 31.8140
v  9.5220 57.4904 32.3468
v  9.5220 57.7469 31.8140
v  0.9190 56.4002 33.8410
v  0.9190 56.8626 33.4723
v  9.5220 56.4002 33.8410
v  9.5220 56.8626 33.4723
v  0.9190 54.7697 34.7142
v  0.9190 55.3463 34.5826
v  9.5220 54.7697 34.7142
v  9.5220 55.3463 34.5826
v  0.9190 52.9219 34.7935
v  0.9190 53.4984 34.9251
v  9.5220 52.9219 34.7935
v  9.5220 53.4984 34.9251
v  0.9190 51.2226 34.0632
v  0.9190 51.6849 34.4319
v  9.5220 51.2226 34.0632
v  9.5220 51.6849 34.4319
v  0.9190 50.0085 32.6679
v  0.9190 50.2650 33.2007
v  9.5220 50.0085 32.6679
v  9.5220 50.2650 33.2007
v  0.9190 49.8538 29.0648
v  0.9190 49.5973 29.5976
v  9.5220 49.8538 29.0648
v  9.5220 49.5973 29.5976
v  0.9190 50.9440 27.5707
v  0.9190 50.4817 27.9393
v  9.5220 50.9440 27.5707
v  9.5220 50.4817 27.9393
v  0.9190 53.4984 26.4865
v  0.9190 52.9219 26.6181
v  9.5220 53.4984 26.4865
v  9.5220 52.9219 26.6181
v  0.9190 55.3463 26.8290
v  0.9190 54.7697 26.6974
v  9.5220 55.3463 26.8290
v  9.5220 54.7697 26.6974
v  0.9190 56.8626 27.9393
v  0.9190 56.4002 27.5707
v  9.5220 56.8626 27.9393
v  9.5220 56.4002 27.5707
v  0.9190 57.7469 29.5976
v  0.9190 57.4904 29.0648
v  9.5220 57.7469 29.5976
v  9.5220 57.4904 29.0648
v  0.9190 57.8242 31.4754
v  0.9190 57.8242 30.8840
v  9.5220 57.8242 31.4754
v  9.5220 57.8242 30.8840
v  0.9190 57.0792 33.2007
v  0.9190 57.3357 32.6679
v  9.5220 57.0792 33.2007
v  9.5220 57.3357 32.6679
v  0.9190 55.6593 34.4319
v  0.9190 56.1216 34.0632
v  9.5220 55.6593 34.4319
v  9.5220 56.1216 34.0632
v  0.9190 53.8458 34.9251
v  0.9190 54.4223 34.7935
v  9.5220 53.8458 34.9251
v  9.5220 54.4223 34.7935
v  0.9190 51.9979 34.5826
v  0.9190 52.5745 34.7142
v  9.5220 51.9979 34.5826
v  9.5220 52.5745 34.7142
v  0.9190 50.4817 33.4723
v  0.9190 50.9440 33.8410
v  9.5220 50.4817 33.4723
v  9.5220 50.9440 33.8410
v  0.9190 49.5973 31.8140
v  0.9190 49.8538 32.3468
v  9.5220 49.5973 31.8140
v  9.5220 49.8538 32.3468
v  0.9190 50.2650 28.2109
v  0.9190 50.0085 28.7438
v  9.5220 50.2650 28.2109
v  9.5220 50.0085 28.7438
v  0.9190 51.6849 26.9797
v  0.9190 51.2226 27.3485
v  9.5220 51.6849 26.9797
v  9.5220 51.2226 27.3485
v  -0.5420 52.7365 28.7631
v  -0.5420 53.6721 28.5495
v  -0.5420 54.6077 28.7631
v  -0.5420 55.3580 29.3614
v  -0.5420 55.7743 30.2260
v  -0.5420 55.7743 31.1856
v  -0.5420 55.3580 32.0502
v  -0.5420 54.6077 32.6485
v  -0.5420 53.6721 32.8621
v  -0.5420 52.7365 32.6485
v  -0.5420 51.9862 32.0502
v  -0.5420 51.5699 31.1856
v  -0.5420 51.5699 30.2260
v  -0.5420 51.9863 29.3614
v  -1.0740 52.7365 28.7631
v  -1.0740 53.6721 28.5495
v  -1.0740 54.6077 28.7631
v  -1.0740 55.3580 29.3614
v  -1.0740 55.7743 30.2260
v  -1.0740 55.7743 31.1856
v  -1.0740 55.3580 32.0502
v  -1.0740 54.6077 32.6485
v  -1.0740 53.6721 32.8621
v  -1.0740 52.7365 32.6485
v  -1.0740 51.9862 32.0502
v  -1.0740 51.5699 31.1856
v  -1.0740 51.5699 30.2260
v  -1.0740 51.9863 29.3614
v  -1.0740 53.1234 29.5664
v  -1.0740 53.6721 29.4411
v  -1.0740 54.2208 29.5664
v  -1.0740 54.6609 29.9173
v  -1.0740 54.9051 30.4244
v  -1.0740 54.9051 30.9873
v  -1.0740 54.6609 31.4944
v  -1.0740 54.2208 31.8453
v  -1.0740 53.6721 31.9705
v  -1.0740 53.1234 31.8453
v  -1.0740 52.6833 31.4944
v  -1.0740 52.4391 30.9873
v  -1.0740 52.4391 30.4244
v  -1.0740 52.6833 29.9173
v  -4.0690 53.1234 29.5664
v  -4.0690 53.6721 29.4411
v  -4.0690 54.2208 29.5664
v  -4.0690 54.6609 29.9173
v  -4.0690 54.9051 30.4244
v  -4.0690 54.9051 30.9873
v  -4.0690 54.6609 31.4944
v  -4.0690 54.2208 31.8453
v  -4.0690 53.6721 31.9705
v  -4.0690 53.1234 31.8453
v  -4.0690 52.6833 31.4944
v  -4.0690 52.4391 30.9873
v  -4.0690 52.4391 30.4244
v  -4.0690 52.6833 29.9173
v  -4.0690 53.4771 30.3008
v  -4.0690 53.6721 30.2563
v  -4.0690 53.8671 30.3008
v  -4.0690 54.0235 30.4255
v  -4.0690 54.1103 30.6058
v  -4.0690 54.1103 30.8059
v  -4.0690 54.0235 30.9861
v  -4.0690 53.8671 31.1108
v  -4.0690 53.6721 31.1553
v  -4.0690 53.4771 31.1108
v  -4.0690 53.3207 30.9861
v  -4.0690 53.2339 30.8059
v  -4.0690 53.2339 30.6058
v  -4.0690 53.3207 30.4255
v  -4.6200 53.4771 30.3008
v  -4.6200 53.6721 30.2563
v  -4.6200 53.8671 30.3008
v  -4.6200 54.0235 30.4255
v  -4.6200 54.1103 30.6058
v  -4.6200 54.1103 30.8059
v  -4.6200 54.0235 30.9861
v  -4.6200 53.8671 31.1108
v  -4.6200 53.6721 31.1553
v  -4.6200 53.4771 31.1108
v  -4.6200 53.3207 30.9861
v  -4.6200 53.2339 30.8059
v  -4.6200 53.2339 30.6058
v  -4.6200 53.3207 30.4255
v  -4.6190 53.6721 30.7058
v  -4.5120 53.6166 29.4411
v  -4.2550 53.6166 29.4411
v  -4.2550 53.6166 31.9705
v  -4.5120 53.6166 31.9705
v  -4.5120 53.7276 29.4411
v  -4.5120 53.7276 31.9705
v  -4.2550 53.7276 31.9705
v  -4.2550 53.7276 29.4411
v  32.9890 75.8389 30.8305
v  27.4030 74.6150 23.8897
v  28.0540 75.8389 30.8305
v  32.9890 74.5021 23.2490
v  27.4030 70.9781 17.1454
v  28.0540 74.5021 23.2490
v  32.9890 64.7555 11.6335
v  27.4030 58.1327 9.2230
v  28.0540 64.7555 11.6335
v  32.9890 57.5213 9.0005
v  27.4030 50.4735 9.0005
v  28.0540 57.5213 9.0005
v  32.9890 49.8229 9.0005
v  27.4030 43.2001 11.4110
v  28.0540 49.8229 9.0005
v  32.9890 42.5887 11.6335
v  27.4030 37.1898 16.1638
v  28.0540 42.5887 11.6335
v  32.9890 36.6914 16.5820
v  27.4030 33.1674 22.6856
v  28.0540 36.6914 16.5820
v  32.9890 32.8422 23.2490
v  27.4030 31.6183 30.1898
v  28.0540 32.8422 23.2490
v  32.9890 31.5053 30.8305
v  27.4030 32.7292 37.7713
v  28.0540 31.5053 30.8305
v  32.9890 32.8422 38.4120
v  27.4030 36.3661 44.5156
v  28.0540 32.8422 38.4120
v  32.9890 36.6914 45.0791
v  27.4030 42.0903 49.6093
v  28.0540 36.6914 45.0791
v  32.9890 42.5887 50.0275
v  27.4030 49.2115 52.4380
v  28.0540 42.5887 50.0275
v  32.9890 49.8229 52.6605
v  27.4030 56.8707 52.6605
v  28.0540 49.8229 52.6605
v  32.9890 57.5213 52.6605
v  27.4030 64.1441 50.2500
v  28.0540 57.5213 52.6605
v  32.9890 64.7555 50.0275
v  27.4030 70.1545 45.4972
v  28.0540 64.7555 50.0275
v  32.9890 70.6528 45.0791
v  27.4030 74.1768 38.9754
v  28.0540 70.6528 45.0791
v  32.9890 74.5021 38.4120
v  27.4030 75.7259 31.4712
v  28.0540 74.5021 38.4120
v  33.6400 75.7259 30.1898
v  33.6400 74.1768 22.6856
v  32.9890 70.6528 16.5820
v  28.0540 70.6528 16.5820
v  33.6400 64.1441 11.4110
v  33.6400 56.8707 9.0005
v  33.6400 49.2115 9.2230
v  33.6400 42.0904 12.0517
v  33.6400 36.3661 17.1454
v  33.6400 32.7292 23.8897
v  33.6400 31.6183 31.4712
v  33.6400 33.1674 38.9754
v  33.6400 37.1897 45.4972
v  33.6400 43.2001 50.2500
v  33.6400 50.4735 52.6605
v  33.6400 58.1327 52.4380
v  33.6400 65.2539 49.6093
v  33.6400 70.9781 44.5156
v  33.6400 74.6150 37.7713
v  33.6400 70.1545 16.1638
v  27.4030 65.2539 12.0517
v  32.9890 92.6488 27.8665
v  33.6400 92.5358 27.2258
v  28.0540 91.3120 20.2850
v  27.4030 91.4250 20.9257
v  32.9890 89.2845 14.7144
v  33.6400 88.9592 14.1510
v  28.0540 85.4352 8.0474
v  27.4030 85.7605 8.6108
v  32.9890 70.5935 -4.4063
v  33.6400 69.9822 -4.6288
v  28.0540 63.3593 -7.0393
v  27.4030 63.9707 -6.8168
v  32.9890 57.5213 -8.0688
v  33.6400 56.8707 -8.0688
v  28.0540 49.8229 -8.0688
v  27.4030 50.4735 -8.0688
v  32.9890 43.9849 -7.0393
v  33.6400 43.3735 -6.8168
v  28.0540 36.7507 -4.4063
v  27.4030 37.3621 -4.6288
v  32.9890 31.6168 -1.4423
v  33.6400 31.1185 -1.0241
v  28.0540 25.7195 3.5062
v  27.4030 26.2178 3.0880
v  32.9890 21.9090 8.0474
v  33.6400 21.5837 8.6108
v  28.0540 18.0598 14.7144
v  27.4030 18.3851 14.1510
v  32.9890 16.0322 20.2850
v  33.6400 15.9193 20.9257
v  28.0540 14.6954 27.8665
v  27.4030 14.8084 27.2258
v  32.9890 14.6954 33.7946
v  33.6400 14.8084 34.4353
v  28.0540 16.0322 41.3760
v  27.4030 15.9193 40.7353
v  32.9890 18.0598 46.9466
v  33.6400 18.3850 47.5100
v  28.0540 21.9090 53.6137
v  27.4030 21.5837 53.0502
v  32.9890 25.7195 58.1548
v  33.6400 26.2178 58.5730
v  28.0540 31.6168 63.1033
v  27.4030 31.1184 62.6851
v  32.9890 36.7507 66.0673
v  33.6400 37.3620 66.2899
v  28.0540 43.9848 68.7004
v  27.4030 43.3735 68.4779
v  32.9890 49.8229 69.7297
v  33.6400 50.4735 69.7297
v  28.0540 57.5213 69.7297
v  27.4030 56.8707 69.7297
v  32.9890 63.3593 68.7004
v  33.6400 63.9707 68.4779
v  28.0540 70.5935 66.0673
v  27.4030 69.9822 66.2899
v  32.9890 75.7274 63.1033
v  33.6400 76.2257 62.6851
v  28.0540 81.6247 58.1549
v  27.4030 81.1263 58.5730
v  32.9890 85.4352 53.6137
v  33.6400 85.7605 53.0503
v  28.0540 89.2844 46.9466
v  27.4030 88.9592 47.5101
v  32.9890 91.3120 41.3761
v  33.6400 91.4249 40.7354
v  28.0540 92.6488 33.7946
v  27.4030 92.5358 34.4353
v  28.0540 75.7274 -1.4423
v  27.4030 76.2258 -1.0241
v  32.9890 81.6247 3.5062
v  33.6400 81.1264 3.0880
v  27.4030 61.6177 28.1972
v  27.4030 62.0392 31.0736
v  27.4030 60.2379 25.6384
v  27.4030 58.0662 23.7059
v  27.4030 55.3644 22.6327
v  27.4030 52.4586 22.5483
v  27.4030 49.6991 23.4628
v  27.4030 47.4188 25.2660
v  27.4030 45.8927 27.7404
v  27.4030 45.3050 30.5874
v  27.4030 45.7265 33.4638
v  27.4030 47.1063 36.0226
v  27.4030 49.2780 37.9551
v  27.4030 51.9798 39.0283
v  27.4030 54.8856 39.1127
v  27.4030 57.6451 38.1982
v  27.4030 59.9254 36.3950
v  27.4030 61.4515 33.9207
v  23.4830 61.6177 28.1972
v  23.4830 62.0392 31.0736
v  23.4830 60.2379 25.6384
v  23.4830 58.0662 23.7059
v  23.4830 55.3644 22.6327
v  23.4830 52.4586 22.5483
v  23.4830 49.6991 23.4628
v  23.4830 47.4188 25.2660
v  23.4830 45.8927 27.7404
v  23.4830 45.3050 30.5874
v  23.4830 45.7265 33.4638
v  23.4830 47.1063 36.0226
v  23.4830 49.2780 37.9551
v  23.4830 51.9798 39.0283
v  23.4830 54.8856 39.1127
v  23.4830 57.6451 38.1982
v  23.4830 59.9254 36.3950
v  23.4830 61.4515 33.9207
v  23.4830 57.7507 29.4788
v  23.4830 57.9670 30.9553
v  23.4830 57.0424 28.1654
v  23.4830 55.9276 27.1734
v  23.4830 54.5408 26.6225
v  23.4830 53.0492 26.5792
v  23.4830 51.6327 27.0486
v  23.4830 50.4622 27.9742
v  23.4830 49.6789 29.2443
v  23.4830 49.3772 30.7057
v  23.4830 49.5935 32.1822
v  23.4830 50.3018 33.4956
v  23.4830 51.4166 34.4876
v  23.4830 52.8034 35.0385
v  23.4830 54.2950 35.0818
v  23.4830 55.7115 34.6124
v  23.4830 56.8820 33.6868
v  23.4830 57.6653 32.4167
v  19.2290 57.7507 29.4788
v  19.2290 57.9670 30.9553
v  19.2290 57.0424 28.1654
v  19.2290 55.9276 27.1734
v  19.2290 54.5408 26.6225
v  19.2290 53.0492 26.5792
v  19.2290 51.6327 27.0486
v  19.2290 50.4622 27.9742
v  19.2290 49.6789 29.2443
v  19.2290 49.3772 30.7057
v  19.2290 49.5935 32.1822
v  19.2290 50.3018 33.4956
v  19.2290 51.4166 34.4876
v  19.2290 52.8034 35.0385
v  19.2290 54.2950 35.0818
v  19.2290 55.7115 34.6124
v  19.2290 56.8820 33.6868
v  19.2290 57.6653 32.4167
v  33.6400 73.4153 37.3737
v  33.6400 74.4625 30.2265
v  33.6400 73.0021 23.1522
v  33.6400 69.2102 17.0040
v  33.6400 63.5442 12.5235
v  33.6400 56.6875 10.2511
v  33.6400 49.4671 10.4609
v  33.6400 42.7538 13.1275
v  33.6400 37.3575 17.9294
v  33.6400 33.9290 24.2873
v  33.6400 32.8817 31.4345
v  33.6400 34.3421 38.5088
v  33.6400 38.1340 44.6570
v  33.6400 43.8000 49.1375
v  33.6400 50.6567 51.4099
v  33.6400 57.8771 51.2002
v  33.6400 64.5904 48.5336
v  33.6400 69.9867 43.7316
v  29.7460 73.4153 37.3737
v  29.7460 74.4625 30.2265
v  29.7460 73.0021 23.1522
v  29.7460 69.2102 17.0040
v  29.7460 63.5442 12.5235
v  29.7460 56.6875 10.2511
v  29.7460 49.4671 10.4609
v  29.7460 42.7538 13.1275
v  29.7460 37.3575 17.9294
v  29.7460 33.9290 24.2873
v  29.7460 32.8817 31.4345
v  29.7460 34.3421 38.5088
v  29.7460 38.1340 44.6570
v  29.7460 43.8000 49.1375
v  29.7460 50.6567 51.4099
v  29.7460 57.8771 51.2002
v  29.7460 64.5904 48.5336
v  29.7460 69.9867 43.7316
v  29.7460 61.7264 33.4998
v  29.7460 62.1537 30.5841
v  29.7460 61.5579 27.6981
v  29.7460 60.0110 25.1899
v  29.7460 57.6995 23.3621
v  29.7460 54.9022 22.4350
v  29.7460 51.9566 22.5206
v  29.7460 49.2179 23.6085
v  29.7460 47.0165 25.5674
v  29.7460 45.6178 28.1612
v  29.7460 45.1906 31.0769
v  29.7460 45.7863 33.9629
v  29.7460 47.3332 36.4711
v  29.7460 49.6447 38.2990
v  29.7460 52.4420 39.2260
v  29.7460 55.3876 39.1404
v  29.7460 58.1263 38.0526
v  29.7460 60.3277 36.0936
v  32.4730 61.7264 33.4998
v  32.4730 62.1537 30.5841
v  32.4730 61.5579 27.6981
v  32.4730 60.0110 25.1899
v  32.4730 57.6995 23.3621
v  32.4730 54.9022 22.4350
v  32.4730 51.9566 22.5206
v  32.4730 49.2179 23.6085
v  32.4730 47.0165 25.5674
v  32.4730 45.6178 28.1612
v  32.4730 45.1906 31.0769
v  32.4730 45.7863 33.9629
v  32.4730 47.3332 36.4711
v  32.4730 49.6447 38.2990
v  32.4730 52.4420 39.2260
v  32.4730 55.3876 39.1404
v  32.4730 58.1263 38.0526
v  32.4730 60.3277 36.0936
v  19.2290 53.6721 30.8305
v  32.4730 53.6721 30.8305
# 1382 vertices

vn 0.0000 -0.8660 0.5000
vn 0.0000 -0.9848 0.1736
vn 0.0000 -0.9848 -0.1736
vn 0.0000 -0.8660 -0.5000
vn 0.0000 -0.3420 0.9397
vn 0.0000 -0.6428 0.7660
vn 0.0000 -0.6428 -0.7660
vn 0.0000 -0.3420 -0.9397
vn 0.0000 0.0000 -1.0000
vn 0.0000 0.3420 -0.9397
vn 0.0000 0.6428 -0.7660
vn 0.0000 0.8660 -0.5000
vn 0.0000 0.9848 -0.1736
vn 0.0000 0.9848 0.1736
vn 0.0000 0.3436 0.9391
vn -1.0000 0.0000 0.0000
vn -1.0000 0.0000 -0.0000
vn -1.0000 -0.0000 -0.0000
vn -0.0000 0.8660 -0.5000
vn -0.0000 0.9848 -0.1736
vn 0.0000 0.8660 0.5000
vn 0.0000 0.6428 0.7660
vn 0.0000 0.3420 0.9397
vn 0.0000 -0.0000 1.0000
vn -0.0000 -0.9848 0.1736
vn -0.0000 -0.8660 -0.5000
vn 0.0000 -0.3454 -0.9385
vn 0.0000 -0.6433 -0.7656
vn -0.0000 -0.6428 -0.7660
vn -0.0000 -0.3420 -0.9397
vn 0.0000 0.6423 0.7664
vn 1.0000 0.0000 -0.0000
vn 1.0000 0.0000 0.0000
vn 1.0000 -0.0000 -0.0000
vn 0.0000 -0.3436 -0.9391
vn 1.0000 -0.0000 0.0000
vn -1.0000 -0.0000 0.0000
vn 0.0000 1.0000 -0.0064
vn 0.0000 -1.0000 0.0064
vn 0.0000 1.0000 0.0064
vn 0.0000 -1.0000 -0.0064
vn 0.0000 0.7071 -0.7071
vn 0.0000 -0.7071 -0.7071
vn 0.0000 0.7071 0.7071
vn 0.0000 -0.7071 0.7071
vn 0.0000 -1.0000 -0.0000
vn 0.0000 1.0000 0.0000
vn -0.4710 0.0000 -0.8821
vn 0.4710 -0.0000 0.8821
vn 0.0000 1.0000 -0.0066
vn 0.0000 -1.0000 0.0066
vn 0.0000 -0.9239 0.3827
vn 0.0000 0.9239 -0.3827
vn 0.0000 -0.9239 -0.3827
vn 0.0000 0.9239 0.3827
vn 0.0000 -0.6226 -0.7825
vn -1.0000 -0.0000 0.0001
vn 0.0000 -0.6226 0.7825
vn 0.0000 -0.5777 0.8162
vn 0.0000 0.5870 -0.8096
vn 0.0000 -0.5777 -0.8162
vn 0.0000 0.5870 0.8096
vn -0.9268 0.2815 -0.2487
vn -0.9214 0.2420 -0.3042
vn -0.9214 0.2420 0.3042
vn -0.9268 0.2815 0.2487
vn 0.0000 -0.5823 -0.8130
vn 0.0000 -0.5823 0.8130
vn 0.0000 0.7506 -0.6607
vn 0.0000 0.7506 0.6607
vn -0.0000 -0.2226 0.9749
vn -0.0000 0.2226 0.9749
vn -0.0000 0.6235 0.7818
vn -0.0000 0.9010 0.4339
vn 0.0000 0.9010 -0.4339
vn 0.0000 0.6235 -0.7818
vn 0.0000 0.2226 -0.9749
vn 0.0000 -0.2226 -0.9749
vn 0.0000 -0.6235 -0.7818
vn 0.0000 -0.9010 -0.4339
vn -0.0000 -0.9010 0.4339
vn -0.0000 -0.6235 0.7818
vn 0.0000 0.2225 0.9749
vn 0.0000 0.6235 0.7818
vn 0.0000 0.9010 0.4339
vn 0.0000 0.2225 -0.9749
vn 0.0000 0.0000 1.0000
vn 0.0000 -0.0000 -1.0000
vn 0.0000 -0.2225 0.9749
vn 0.0000 -0.2225 -0.9749
vn 0.0000 -0.9010 0.4339
vn 0.0000 -0.6235 0.7818
vn 0.0000 0.2226 0.9749
vn -1.0000 0.0001 -0.0003
vn -1.0000 0.0000 -0.0001
vn -1.0000 -0.0001 -0.0002
vn -1.0000 -0.0001 -0.0000
vn -1.0000 -0.0001 0.0000
vn -1.0000 -0.0001 0.0001
vn -0.0000 -0.0000 -1.0000
vn -0.5412 0.1872 -0.8198
vn -0.5411 0.1871 -0.8198
vn -0.5411 -0.1872 -0.8198
vn -0.5412 -0.1871 -0.8198
vn -0.5412 -0.5243 -0.6575
vn -0.5411 -0.5243 -0.6575
vn -0.5412 -0.7576 -0.3649
vn -0.5411 -0.7576 -0.3649
vn -0.5411 -0.8409 -0.0000
vn -0.5411 -0.7577 0.3649
vn -0.5411 -0.5243 0.6575
vn -0.5412 -0.5243 0.6574
vn -0.5412 -0.1872 0.8198
vn -0.5412 -0.1871 0.8198
vn -0.5411 0.1872 0.8198
vn -0.5412 0.1871 0.8198
vn -0.5412 0.5243 0.6575
vn -0.5411 0.5243 0.6574
vn -0.5411 0.7577 0.3649
vn -0.5412 0.8409 0.0000
vn -0.5411 0.7576 -0.3649
vn -0.5411 0.5243 -0.6575
vn -0.5412 0.5243 -0.6575
vn 0.0000 -1.0000 0.0000
vn -0.0000 -1.0000 0.0000
vn -0.0000 -1.0000 0.0001
vn -0.0000 -1.0000 -0.0000
vn 0.9129 -0.0908 0.3979
vn 0.9129 0.0908 0.3979
vn 0.9129 0.2545 0.3191
vn 0.9129 0.3677 0.1771
vn 0.9129 0.4082 0.0000
vn 0.9129 0.3677 -0.1771
vn 0.9129 0.2545 -0.3191
vn 0.9129 0.0908 -0.3980
vn 0.9129 0.0908 -0.3979
vn 0.9129 -0.0908 -0.3979
vn 0.9129 -0.2545 -0.3191
vn 0.9129 -0.3677 -0.1771
vn 0.9129 -0.4082 0.0000
vn 0.9129 -0.4082 -0.0000
vn 0.9129 -0.3677 0.1771
vn 0.9129 -0.2545 0.3191
vn 0.7894 -0.1366 0.5985
vn 0.7894 0.1366 0.5985
vn 0.7894 0.3828 0.4800
vn 0.7894 0.5531 0.2664
vn 0.7894 0.5531 0.2663
vn 0.7894 0.6139 0.0000
vn 0.7894 0.5531 -0.2664
vn 0.7894 0.3827 -0.4800
vn 0.7894 0.1366 -0.5985
vn 0.7894 -0.1366 -0.5985
vn 0.7894 -0.3827 -0.4800
vn 0.7894 -0.5531 -0.2664
vn 0.7894 -0.6139 0.0000
vn 0.7894 -0.5531 0.2664
vn 0.7894 -0.3828 0.4800
vn 0.4900 -0.1940 0.8499
vn 0.4900 0.1940 0.8498
vn 0.4900 0.5435 0.6816
vn 0.4900 0.7854 0.3782
vn 0.4900 0.8717 0.0000
vn 0.4900 0.7854 -0.3782
vn 0.4900 0.5435 -0.6815
vn 0.4901 0.1939 -0.8498
vn 0.4901 -0.1940 -0.8498
vn 0.4901 -0.5435 -0.6815
vn 0.4900 -0.7854 -0.3782
vn 0.4900 -0.8717 -0.0000
vn 0.4900 -0.7854 0.3782
vn 0.4900 -0.5435 0.6815
vn -0.9129 -0.0908 -0.3980
vn -0.9129 -0.0908 -0.3979
vn -0.9129 0.0908 -0.3979
vn -0.9129 0.0908 -0.3980
vn -0.9129 0.2545 -0.3191
vn -0.9129 0.3677 -0.1771
vn -0.9129 0.4082 0.0000
vn -0.9129 0.3677 0.1771
vn -0.9129 0.2545 0.3191
vn -0.9129 0.0908 0.3979
vn -0.9129 -0.0908 0.3979
vn -0.9129 -0.2545 0.3191
vn -0.9129 -0.3677 0.1771
vn -0.9129 -0.4082 -0.0000
vn -0.9129 -0.3677 -0.1771
vn -0.9129 -0.2545 -0.3191
vn -0.7894 -0.1366 -0.5985
vn -0.7894 0.1366 -0.5985
vn -0.7894 0.3827 -0.4800
vn -0.7894 0.5531 -0.2664
vn -0.7894 0.6139 0.0000
vn -0.7894 0.5531 0.2664
vn -0.7894 0.3828 0.4800
vn -0.7894 0.1366 0.5985
vn -0.7894 -0.1366 0.5985
vn -0.7894 -0.3828 0.4800
vn -0.7894 -0.5531 0.2664
vn -0.7894 -0.5531 0.2663
vn -0.7894 -0.6139 -0.0000
vn -0.7894 -0.5531 -0.2664
vn -0.7894 -0.3827 -0.4800
vn -0.4901 -0.1939 -0.8498
vn -0.4900 0.1940 -0.8498
vn -0.4901 0.5435 -0.6815
vn -0.4900 0.7854 -0.3782
vn -0.4900 0.8717 0.0000
vn -0.4900 0.7854 0.3782
vn -0.4900 0.5435 0.6815
vn -0.4900 0.1940 0.8499
vn -0.4901 -0.1940 0.8498
vn -0.4900 -0.5435 0.6816
vn -0.4900 -0.7854 0.3782
vn -0.4900 -0.8717 -0.0000
vn -0.4900 -0.7854 -0.3782
vn -0.4900 -0.5435 -0.6815
vn -0.0000 0.2225 0.9749
vn -0.0000 0.6235 -0.7818
vn -0.0000 -0.6235 -0.7818
vn -0.0000 -0.2225 -0.9749
vn -0.0001 0.2226 -0.9749
vn 0.0001 0.2225 -0.9749
vn 0.0001 0.6235 -0.7818
vn 0.0002 0.6235 -0.7818
vn 0.0000 0.6234 -0.7819
vn -0.0002 0.6235 -0.7818
vn 0.0000 0.6236 -0.7818
vn -0.0000 0.9010 -0.4339
vn 0.0000 0.9010 0.4338
vn -0.0001 0.9010 0.4339
vn -0.0001 0.6235 0.7818
vn 0.0000 0.6235 0.7819
vn 0.0001 0.6235 0.7818
vn -0.0000 0.6236 0.7818
vn 0.0001 0.2225 0.9749
vn -0.0001 0.2225 0.9749
vn -0.0001 -0.2226 0.9749
vn 0.0001 -0.2225 0.9749
vn 0.0001 -0.6235 0.7819
vn 0.0000 -0.6234 0.7819
vn -0.0002 -0.6235 0.7818
vn -0.0000 -0.6235 0.7819
vn 0.0000 -0.6235 0.7819
vn -0.0001 -0.9010 0.4339
vn 0.0000 -0.9010 0.4338
vn -0.0001 -0.9010 -0.4339
vn -0.0000 -0.9010 -0.4339
vn 0.0000 -0.9010 -0.4338
vn 0.0002 -0.6235 -0.7818
vn -0.0000 -0.6237 -0.7817
vn 0.0000 -0.6237 -0.7817
vn -0.0002 -0.6235 -0.7818
vn 0.0000 -0.6235 -0.7819
vn -0.0000 -0.6235 -0.7819
vn 0.0001 -0.2226 -0.9749
vn -0.0001 -0.2225 -0.9749
vn -0.0000 0.2225 -0.9749
vn 0.0000 0.6235 -0.7819
vn 0.0000 0.6237 -0.7817
vn 0.0000 0.9010 -0.4338
vn 0.0001 0.9010 -0.4339
vn -0.0000 0.9010 0.4338
vn 0.0002 0.6235 0.7818
vn -0.0001 0.6235 0.7819
vn 0.0000 0.6234 0.7819
vn 0.0001 0.2226 0.9749
vn -0.0000 -0.2225 0.9749
vn -0.0001 -0.2225 0.9749
vn 0.0000 -0.2226 0.9749
vn 0.0000 -0.2227 0.9749
vn -0.0001 -0.6235 0.7818
vn 0.0000 -0.6236 0.7818
vn 0.0001 -0.6235 0.7818
vn 0.0001 -0.9010 0.4339
vn 0.0001 -0.6235 -0.7818
vn -0.0000 -0.6236 -0.7818
vn 0.0000 -0.6236 -0.7818
vn -0.0001 -0.6235 -0.7818
vn 0.0000 -0.6234 -0.7819
vn -0.0000 -0.9749 0.2225
vn 0.0000 -0.9749 0.2225
vn 0.0000 0.9749 -0.2225
vn 0.0000 -0.9749 -0.2225
vn 0.0000 0.9749 0.2225
vn 0.0000 -0.7818 -0.6235
vn 0.0000 0.7818 0.6235
vn 0.0000 -0.4338 -0.9010
vn 0.0000 0.4338 0.9010
vn 0.0000 0.4338 -0.9010
vn 0.0000 -0.4340 0.9009
vn 0.0000 0.7820 -0.6233
vn -0.0000 -0.7818 0.6235
vn 0.0000 -0.7818 0.6235
vn 0.0000 0.9749 -0.2226
vn 0.0000 -0.9749 0.2226
vn -0.0000 0.9749 0.2225
vn 0.0000 -0.9749 -0.2224
vn -0.0000 0.7818 0.6235
vn 0.0000 0.4340 0.9009
vn 0.0000 -0.4338 0.9010
vn 0.0000 0.4340 -0.9009
vn 0.0000 0.7818 -0.6235
vn -0.0000 -0.4340 -0.9009
vn -0.0000 0.7818 -0.6235
vn 0.0000 0.9749 -0.2224
vn 0.0000 0.9749 0.2226
vn 0.0000 -0.9749 -0.2226
vn 0.0000 -0.7820 -0.6233
vn -0.0000 -0.4338 0.9010
vn 0.4900 -0.1940 0.8498
vn 0.4900 0.1940 0.8499
vn 0.4900 0.5435 0.6815
vn 0.4901 0.5435 0.6815
vn 0.4901 0.5435 -0.6815
vn 0.4901 0.1940 -0.8498
vn 0.4900 0.1940 -0.8498
vn 0.4900 -0.1939 -0.8499
vn 0.4900 -0.5435 -0.6815
vn 0.4900 -0.8717 0.0000
vn 0.4901 -0.5434 0.6815
vn -0.0001 0.6235 -0.7818
vn -0.4900 -0.1940 -0.8498
vn -0.4900 -0.1940 -0.8499
vn -0.4901 0.1940 -0.8498
vn -0.4900 0.1939 -0.8499
vn -0.4900 0.5435 -0.6815
vn -0.4901 0.5434 0.6815
vn -0.4901 0.1940 0.8498
vn -0.4900 -0.1940 0.8499
vn -0.4900 -0.5435 0.6815
vn -0.4901 -0.5435 0.6815
vn -0.4901 -0.5435 -0.6815
vn -1.0000 0.0000 0.0001
vn -1.0000 -0.0001 -0.0001
vn -1.0000 -0.0000 -0.0001
vn -1.0000 0.0001 -0.0001
vn -1.0000 0.0001 0.0000
vn -1.0000 0.0001 0.0001
vn 0.1418 0.9855 0.0936
vn -0.1896 0.9235 -0.3336
vn -0.1418 0.9855 -0.0936
vn 0.1418 0.9581 -0.2491
vn -0.1896 0.7537 -0.6293
vn -0.1418 0.8940 -0.4250
vn 0.1418 0.5738 -0.8066
vn -0.1896 0.1729 -0.9665
vn -0.1418 0.4117 -0.9002
vn 0.1418 0.2633 -0.9542
vn -0.1896 -0.1681 -0.9674
vn -0.1418 0.0789 -0.9868
vn 0.1418 -0.0789 -0.9868
vn -0.1896 -0.4889 -0.8515
vn -0.1418 -0.2633 -0.9542
vn 0.1418 -0.4117 -0.9002
vn -0.1896 -0.7506 -0.6330
vn -0.1418 -0.5738 -0.8066
vn 0.1418 -0.6947 -0.7052
vn -0.1896 -0.9218 -0.3381
vn -0.1418 -0.8151 -0.5617
vn 0.1418 -0.8940 -0.4250
vn -0.1896 -0.9819 -0.0024
vn -0.1418 -0.9581 -0.2491
vn 0.1418 -0.9855 -0.0936
vn -0.1896 -0.9235 0.3336
vn -0.1418 -0.9855 0.0936
vn 0.1418 -0.9581 0.2491
vn -0.1896 -0.7537 0.6293
vn -0.1418 -0.8940 0.4250
vn 0.1418 -0.8151 0.5617
vn -0.1896 -0.4930 0.8491
vn -0.1418 -0.6947 0.7052
vn 0.1418 -0.5738 0.8066
vn -0.1896 -0.1729 0.9665
vn -0.1418 -0.4117 0.9002
vn 0.1418 -0.2633 0.9542
vn -0.1896 0.1681 0.9674
vn -0.1418 -0.0789 0.9867
vn 0.1418 0.0789 0.9868
vn -0.1896 0.4889 0.8515
vn -0.1418 0.2633 0.9542
vn 0.1418 0.4117 0.9002
vn -0.1896 0.7506 0.6330
vn -0.1418 0.5738 0.8066
vn 0.1418 0.6947 0.7052
vn -0.1896 0.9218 0.3381
vn -0.1418 0.8151 0.5617
vn 0.1418 0.8940 0.4250
vn -0.1896 0.9819 0.0024
vn -0.1418 0.9581 0.2491
vn 0.1896 0.9819 -0.0024
vn 0.1896 0.9218 -0.3381
vn 0.1418 0.8151 -0.5617
vn -0.1418 0.6947 -0.7052
vn 0.1896 0.4889 -0.8515
vn 0.1896 0.1681 -0.9674
vn 0.1896 -0.1729 -0.9665
vn 0.1896 -0.4930 -0.8491
vn 0.1896 -0.7537 -0.6293
vn 0.1896 -0.9235 -0.3336
vn 0.1896 -0.9819 0.0024
vn 0.1896 -0.9218 0.3381
vn 0.1896 -0.7506 0.6330
vn 0.1896 -0.4889 0.8515
vn 0.1896 -0.1681 0.9674
vn 0.1896 0.1729 0.9665
vn 0.1896 0.4930 0.8491
vn 0.1896 0.7537 0.6293
vn 0.1896 0.9235 0.3336
vn 0.1896 0.7506 -0.6330
vn -0.1896 0.4930 -0.8491
vn 0.0000 0.9848 -0.1737
vn -0.0000 0.3420 -0.9397
vn -0.0000 -0.6428 -0.7661
vn -0.0000 -0.9848 -0.1736
vn -0.0000 -0.8660 0.5000
vn -0.0000 -0.6428 0.7660
vn -0.0000 -0.3420 0.9397
vn -0.0000 0.6428 0.7660
vn -0.0000 0.9848 0.1736
vn -0.0000 0.6428 -0.7660
vn -0.7837 0.1079 0.6117
vn 0.7071 0.1228 0.6964
vn 0.7837 -0.1079 -0.6117
vn -0.7071 -0.1228 -0.6964
vn -0.7837 0.3106 0.5379
vn 0.7071 0.3536 0.6124
vn 0.7071 0.3535 0.6124
vn 0.7837 -0.3106 -0.5379
vn -0.7071 -0.3536 -0.6124
vn -0.7837 0.5837 0.2124
vn 0.7071 0.6645 0.2418
vn 0.7837 -0.5837 -0.2124
vn -0.7071 -0.6645 -0.2418
vn -0.7837 0.6212 0.0000
vn 0.7071 0.7071 0.0000
vn 0.7837 -0.6212 -0.0000
vn -0.7071 -0.7071 -0.0000
vn -0.7837 0.5837 -0.2124
vn 0.7071 0.6645 -0.2418
vn 0.7837 -0.5837 0.2124
vn -0.7071 -0.6645 0.2418
vn -0.7837 0.4758 -0.3993
vn 0.7071 0.5417 -0.4545
vn 0.7837 -0.4758 0.3993
vn -0.7071 -0.5417 0.4545
vn -0.7837 0.3106 -0.5379
vn 0.7071 0.3536 -0.6124
vn 0.7837 -0.3106 0.5379
vn -0.7071 -0.3536 0.6124
vn -0.7837 0.1079 -0.6117
vn 0.7071 0.1228 -0.6964
vn 0.7837 -0.1079 0.6117
vn -0.7071 -0.1228 0.6964
vn -0.7837 -0.1079 -0.6117
vn 0.7071 -0.1228 -0.6964
vn 0.7837 0.1079 0.6117
vn -0.7071 0.1228 0.6964
vn -0.7071 0.1228 0.6963
vn -0.7837 -0.3106 -0.5379
vn 0.7071 -0.3536 -0.6124
vn 0.7837 0.3106 0.5379
vn -0.7071 0.3536 0.6124
vn -0.7837 -0.4758 -0.3993
vn 0.7071 -0.5417 -0.4545
vn 0.7837 0.4758 0.3993
vn -0.7071 0.5417 0.4545
vn -0.7837 -0.5837 -0.2124
vn 0.7071 -0.6645 -0.2418
vn 0.7837 0.5837 0.2124
vn -0.7071 0.6645 0.2418
vn -0.7837 -0.6212 -0.0000
vn 0.7071 -0.7071 -0.0000
vn 0.7837 0.6212 0.0000
vn -0.7071 0.7071 0.0000
vn -0.7837 -0.5837 0.2124
vn 0.7071 -0.6645 0.2418
vn 0.7837 0.5837 -0.2124
vn -0.7071 0.6645 -0.2418
vn -0.7837 -0.4758 0.3993
vn 0.7071 -0.5417 0.4545
vn 0.7837 0.4758 -0.3993
vn -0.7071 0.5417 -0.4545
vn -0.7837 -0.3106 0.5379
vn 0.7071 -0.3536 0.6124
vn 0.7837 0.3106 -0.5379
vn -0.7071 0.3536 -0.6124
vn -0.7837 -0.1079 0.6117
vn 0.7071 -0.1228 0.6964
vn 0.7071 -0.1228 0.6963
vn 0.7837 0.1079 -0.6117
vn -0.7071 0.1228 -0.6964
vn 0.7837 -0.4758 -0.3993
vn -0.7071 -0.5417 -0.4545
vn -0.7837 0.4758 0.3993
vn 0.7071 0.5417 0.4545
vn 0.0000 0.9894 -0.1450
vn 0.0000 0.8802 -0.4746
vn 0.0000 0.6648 -0.7471
vn 0.0000 0.3692 -0.9294
vn 0.0000 0.0290 -0.9996
vn 0.0000 -0.3146 -0.9492
vn 0.0000 -0.6203 -0.7844
vn 0.0000 -0.8511 -0.5249
vn 0.0000 -0.9793 -0.2022
vn 0.0000 -0.9894 0.1450
vn 0.0000 -0.8802 0.4746
vn 0.0000 -0.6648 0.7471
vn 0.0000 -0.3692 0.9294
vn 0.0000 -0.0290 0.9996
vn 0.0000 0.3146 0.9492
vn 0.0000 0.6203 0.7844
vn 0.0000 0.8511 0.5249
vn 0.0000 0.9793 0.2022
vn 0.0000 -0.9894 -0.1450
vn 0.0000 -0.9793 0.2022
vn 0.0000 -0.8511 0.5249
vn 0.0000 -0.6203 0.7844
vn 0.0000 -0.3146 0.9492
vn 0.0000 0.0290 0.9996
vn 0.0000 0.3692 0.9294
vn 0.0000 0.6648 0.7471
vn 0.0000 0.8802 0.4746
vn 0.0000 0.9894 0.1450
vn 0.0000 0.9793 -0.2022
vn 0.0000 0.8511 -0.5249
vn 0.0000 0.6203 -0.7844
vn 0.0000 0.3146 -0.9492
vn -0.0000 -0.0290 -0.9996
vn 0.0000 -0.0290 -0.9996
vn 0.0000 -0.3692 -0.9294
vn 0.0000 -0.6648 -0.7471
vn 0.0000 -0.8802 -0.4746
# 533 vertex normals

vt 0.0020 0.4071 0.0000
vt 0.0020 0.3878 0.0000
vt 0.0130 0.3878 0.0000
vt 0.0130 0.4071 0.0000
vt 0.0020 0.4290 0.0000
vt 0.0130 0.4290 0.0000
vt 0.0020 0.4510 0.0000
vt 0.0130 0.4510 0.0000
vt 0.0020 0.4703 0.0000
vt 0.0130 0.4703 0.0000
vt 0.0020 0.3707 0.0000
vt 0.0020 0.3498 0.0000
vt 0.0130 0.3498 0.0000
vt 0.0130 0.3707 0.0000
vt 0.0020 0.4873 0.0000
vt 0.0130 0.4873 0.0000
vt 0.0020 0.5083 0.0000
vt 0.0130 0.5083 0.0000
vt 0.0020 0.5306 0.0000
vt 0.0130 0.5306 0.0000
vt 0.0020 0.5515 0.0000
vt 0.0130 0.5515 0.0000
vt 0.0020 0.5686 0.0000
vt 0.0130 0.5686 0.0000
vt 0.0020 0.5879 0.0000
vt 0.0130 0.5879 0.0000
vt 0.0020 0.6098 0.0000
vt 0.0130 0.6098 0.0000
vt 0.0020 0.6318 0.0000
vt 0.0130 0.6318 0.0000
vt 0.0130 0.3064 0.0000
vt 0.0130 0.3275 0.0000
vt 0.0020 0.3275 0.0000
vt 0.0020 0.3065 0.0000
vt 0.6760 0.1704 0.0000
vt 0.6626 0.1337 0.0000
vt 0.6737 0.1312 0.0000
vt 0.6857 0.1641 0.0000
vt 0.7010 0.2002 0.0000
vt 0.7082 0.1909 0.0000
vt 0.7348 0.2197 0.0000
vt 0.7385 0.2084 0.0000
vt 0.7732 0.2265 0.0000
vt 0.7730 0.2144 0.0000
vt 0.6626 0.0948 0.0000
vt 0.6760 0.0581 0.0000
vt 0.6857 0.0633 0.0000
vt 0.6737 0.0962 0.0000
vt 0.8116 0.2197 0.0000
vt 0.8074 0.2084 0.0000
vt 0.8453 0.2002 0.0000
vt 0.8377 0.1909 0.0000
vt 0.8704 0.1704 0.0000
vt 0.8602 0.1641 0.0000
vt 0.8837 0.1337 0.0000
vt 0.8722 0.1312 0.0000
vt 0.7010 0.0283 0.0000
vt 0.7082 0.0365 0.0000
vt 0.8837 0.0948 0.0000
vt 0.8722 0.0962 0.0000
vt 0.8704 0.0581 0.0000
vt 0.8602 0.0633 0.0000
vt 0.8453 0.0283 0.0000
vt 0.8377 0.0365 0.0000
vt 0.8116 0.0088 0.0000
vt 0.8074 0.0190 0.0000
vt 0.7732 0.0020 0.0000
vt 0.7730 0.0129 0.0000
vt 0.7350 0.0087 0.0000
vt 0.7387 0.0190 0.0000
vt 0.3116 0.1382 0.0000
vt 0.3455 0.1382 0.0000
vt 0.3455 0.2806 0.0000
vt 0.3116 0.2806 0.0000
vt 0.3794 0.1382 0.0000
vt 0.3794 0.2806 0.0000
vt 0.4134 0.1382 0.0000
vt 0.4134 0.2806 0.0000
vt 0.4473 0.1382 0.0000
vt 0.4473 0.2806 0.0000
vt 0.2434 0.1382 0.0000
vt 0.2776 0.1382 0.0000
vt 0.2776 0.2806 0.0000
vt 0.2434 0.2806 0.0000
vt 0.4812 0.1382 0.0000
vt 0.4812 0.2806 0.0000
vt 0.5155 0.1382 0.0000
vt 0.5155 0.2806 0.0000
vt 0.5503 0.1382 0.0000
vt 0.5503 0.2806 0.0000
vt 0.5857 0.1382 0.0000
vt 0.5857 0.2806 0.0000
vt 0.2090 0.1382 0.0000
vt 0.2090 0.2806 0.0000
vt 0.6218 0.1382 0.0000
vt 0.6218 0.2806 0.0000
vt 0.0020 0.1382 0.0000
vt 0.0381 0.1382 0.0000
vt 0.0381 0.2806 0.0000
vt 0.0020 0.2806 0.0000
vt 0.0735 0.1382 0.0000
vt 0.0735 0.2806 0.0000
vt 0.1083 0.1382 0.0000
vt 0.1083 0.2806 0.0000
vt 0.1426 0.1382 0.0000
vt 0.1426 0.2806 0.0000
vt 0.1753 0.1382 0.0000
vt 0.1753 0.2806 0.0000
vt 0.1854 0.1338 0.0000
vt 0.1496 0.1338 0.0000
vt 0.1496 0.0020 0.0000
vt 0.1854 0.0020 0.0000
vt 0.2212 0.1338 0.0000
vt 0.2212 0.0020 0.0000
vt 0.2569 0.1338 0.0000
vt 0.2569 0.0020 0.0000
vt 0.2926 0.1338 0.0000
vt 0.2926 0.0020 0.0000
vt 0.1136 0.1338 0.0000
vt 0.0771 0.1338 0.0000
vt 0.0771 0.0020 0.0000
vt 0.1136 0.0020 0.0000
vt 0.3283 0.1338 0.0000
vt 0.3283 0.0020 0.0000
vt 0.3640 0.1338 0.0000
vt 0.3640 0.0020 0.0000
vt 0.3998 0.1338 0.0000
vt 0.3998 0.0020 0.0000
vt 0.4356 0.1338 0.0000
vt 0.4356 0.0020 0.0000
vt 0.0400 0.1338 0.0000
vt 0.0400 0.0020 0.0000
vt 0.4714 0.1338 0.0000
vt 0.4714 0.0020 0.0000
vt 0.5075 0.1338 0.0000
vt 0.5075 0.0020 0.0000
vt 0.5440 0.1338 0.0000
vt 0.5440 0.0020 0.0000
vt 0.5809 0.1338 0.0000
vt 0.5809 0.0020 0.0000
vt 0.6183 0.1338 0.0000
vt 0.6183 0.0020 0.0000
vt 0.0020 0.1338 0.0000
vt 0.0020 0.0020 0.0000
vt 0.6562 0.1338 0.0000
vt 0.6562 0.0020 0.0000
vt 0.2281 0.7288 0.0000
vt 0.2168 0.7262 0.0000
vt 0.2168 0.6912 0.0000
vt 0.2281 0.6898 0.0000
vt 0.2148 0.7654 0.0000
vt 0.2048 0.7591 0.0000
vt 0.1897 0.7953 0.0000
vt 0.1823 0.7859 0.0000
vt 0.1560 0.8148 0.0000
vt 0.1520 0.8034 0.0000
vt 0.2148 0.6532 0.0000
vt 0.2048 0.6583 0.0000
vt 0.1823 0.6315 0.0000
vt 0.1897 0.6233 0.0000
vt 0.1176 0.8215 0.0000
vt 0.1176 0.8094 0.0000
vt 0.0792 0.8148 0.0000
vt 0.0831 0.8034 0.0000
vt 0.0454 0.7953 0.0000
vt 0.0528 0.7859 0.0000
vt 0.0204 0.7654 0.0000
vt 0.0303 0.7591 0.0000
vt 0.1520 0.6140 0.0000
vt 0.1560 0.6038 0.0000
vt 0.0070 0.7288 0.0000
vt 0.0183 0.7262 0.0000
vt 0.0070 0.6898 0.0000
vt 0.0183 0.6912 0.0000
vt 0.0204 0.6532 0.0000
vt 0.0303 0.6583 0.0000
vt 0.0454 0.6233 0.0000
vt 0.0528 0.6315 0.0000
vt 0.0792 0.6038 0.0000
vt 0.0831 0.6140 0.0000
vt 0.1174 0.6079 0.0000
vt 0.1174 0.5971 0.0000
vt 0.9787 0.0070 0.0000
vt 0.9787 0.0393 0.0000
vt 0.9703 0.0393 0.0000
vt 0.9703 0.0070 0.0000
vt 0.8946 0.2209 0.0000
vt 0.8946 0.1886 0.0000
vt 0.9030 0.1886 0.0000
vt 0.9030 0.2209 0.0000
vt 0.9787 0.0760 0.0000
vt 0.9703 0.0760 0.0000
vt 0.8946 0.2576 0.0000
vt 0.9030 0.2576 0.0000
vt 0.9787 0.1127 0.0000
vt 0.9703 0.1127 0.0000
vt 0.8946 0.2943 0.0000
vt 0.9030 0.2943 0.0000
vt 0.9787 0.1450 0.0000
vt 0.9703 0.1450 0.0000
vt 0.8946 0.3265 0.0000
vt 0.9030 0.3265 0.0000
vt 0.9249 0.0728 0.0000
vt 0.9249 0.0366 0.0000
vt 0.9336 0.0366 0.0000
vt 0.9336 0.0728 0.0000
vt 0.1426 0.8781 0.0000
vt 0.1064 0.8781 0.0000
vt 0.1064 0.8694 0.0000
vt 0.1426 0.8694 0.0000
vt 0.9249 0.0070 0.0000
vt 0.9336 0.0070 0.0000
vt 0.1721 0.8781 0.0000
vt 0.1721 0.8694 0.0000
vt 0.8946 0.1778 0.0000
vt 0.8946 0.1482 0.0000
vt 0.9033 0.1482 0.0000
vt 0.9033 0.1778 0.0000
vt 0.9097 0.0367 0.0000
vt 0.9097 0.0070 0.0000
vt 0.9185 0.0070 0.0000
vt 0.9185 0.0367 0.0000
vt 0.8946 0.1118 0.0000
vt 0.9033 0.1118 0.0000
vt 0.9097 0.0731 0.0000
vt 0.9185 0.0731 0.0000
vt 0.8946 0.0731 0.0000
vt 0.9033 0.0731 0.0000
vt 0.9097 0.1118 0.0000
vt 0.9185 0.1118 0.0000
vt 0.8946 0.0367 0.0000
vt 0.9033 0.0367 0.0000
vt 0.9097 0.1482 0.0000
vt 0.9185 0.1482 0.0000
vt 0.9249 0.1114 0.0000
vt 0.9336 0.1114 0.0000
vt 0.0678 0.8781 0.0000
vt 0.0678 0.8694 0.0000
vt 0.8946 0.0070 0.0000
vt 0.9033 0.0070 0.0000
vt 0.9097 0.1778 0.0000
vt 0.9185 0.1778 0.0000
vt 0.1399 0.8980 0.0000
vt 0.1077 0.8980 0.0000
vt 0.1077 0.8896 0.0000
vt 0.1399 0.8896 0.0000
vt 0.1077 0.9097 0.0000
vt 0.1399 0.9097 0.0000
vt 0.1399 0.9181 0.0000
vt 0.1077 0.9181 0.0000
vt 0.0710 0.8980 0.0000
vt 0.0710 0.8896 0.0000
vt 0.0710 0.9097 0.0000
vt 0.0710 0.9181 0.0000
vt 0.0343 0.8980 0.0000
vt 0.0343 0.8896 0.0000
vt 0.0343 0.9097 0.0000
vt 0.0343 0.9181 0.0000
vt 0.0020 0.8980 0.0000
vt 0.0020 0.8896 0.0000
vt 0.0020 0.9097 0.0000
vt 0.0020 0.9181 0.0000
vt 0.9249 0.1478 0.0000
vt 0.9336 0.1478 0.0000
vt 0.0314 0.8781 0.0000
vt 0.0314 0.8694 0.0000
vt 0.9249 0.1772 0.0000
vt 0.9336 0.1772 0.0000
vt 0.0020 0.8781 0.0000
vt 0.0020 0.8694 0.0000
vt 0.9477 0.1250 0.0000
vt 0.9477 0.1610 0.0000
vt 0.9400 0.1610 0.0000
vt 0.9400 0.1250 0.0000
vt 0.9477 0.0840 0.0000
vt 0.9400 0.0840 0.0000
vt 0.9477 0.0431 0.0000
vt 0.9400 0.0431 0.0000
vt 0.9477 0.0070 0.0000
vt 0.9400 0.0070 0.0000
vt 0.8795 0.3156 0.0000
vt 0.8795 0.2750 0.0000
vt 0.8875 0.2750 0.0000
vt 0.8875 0.3156 0.0000
vt 0.8795 0.3486 0.0000
vt 0.8875 0.3486 0.0000
vt 0.8724 0.3413 0.0000
vt 0.8724 0.3745 0.0000
vt 0.8644 0.3745 0.0000
vt 0.8644 0.3413 0.0000
vt 0.8724 0.3006 0.0000
vt 0.8644 0.3006 0.0000
vt 0.8724 0.2574 0.0000
vt 0.8644 0.2574 0.0000
vt 0.8724 0.2167 0.0000
vt 0.8644 0.2167 0.0000
vt 0.8795 0.2319 0.0000
vt 0.8875 0.2319 0.0000
vt 0.8724 0.1835 0.0000
vt 0.8644 0.1835 0.0000
vt 0.9551 0.0431 0.0000
vt 0.9551 0.0070 0.0000
vt 0.9629 0.0070 0.0000
vt 0.9629 0.0431 0.0000
vt 0.9551 0.0840 0.0000
vt 0.9629 0.0840 0.0000
vt 0.9551 0.1250 0.0000
vt 0.9629 0.1250 0.0000
vt 0.9551 0.1610 0.0000
vt 0.9629 0.1610 0.0000
vt 0.8795 0.1912 0.0000
vt 0.8875 0.1912 0.0000
vt 0.8795 0.1583 0.0000
vt 0.8875 0.1583 0.0000
vt 0.0020 0.2894 0.0000
vt 0.0130 0.2894 0.0000
vt 0.0020 0.3063 0.0000
vt 0.2319 0.6427 0.0000
vt 0.2439 0.6756 0.0000
vt 0.2413 0.6772 0.0000
vt 0.2289 0.6433 0.0000
vt 0.2664 0.7024 0.0000
vt 0.2644 0.7048 0.0000
vt 0.2967 0.7199 0.0000
vt 0.2957 0.7228 0.0000
vt 0.3312 0.7260 0.0000
vt 0.3312 0.7291 0.0000
vt 0.3656 0.7199 0.0000
vt 0.3667 0.7228 0.0000
vt 0.3959 0.7024 0.0000
vt 0.3979 0.7048 0.0000
vt 0.4184 0.6756 0.0000
vt 0.4211 0.6772 0.0000
vt 0.4304 0.6427 0.0000
vt 0.4334 0.6433 0.0000
vt 0.4304 0.6077 0.0000
vt 0.4334 0.6072 0.0000
vt 0.4184 0.5749 0.0000
vt 0.4211 0.5733 0.0000
vt 0.3959 0.5481 0.0000
vt 0.3979 0.5457 0.0000
vt 0.3656 0.5306 0.0000
vt 0.3667 0.5277 0.0000
vt 0.3312 0.5245 0.0000
vt 0.3312 0.5214 0.0000
vt 0.2969 0.5305 0.0000
vt 0.2961 0.5276 0.0000
vt 0.2664 0.5481 0.0000
vt 0.2644 0.5457 0.0000
vt 0.2439 0.5749 0.0000
vt 0.2413 0.5733 0.0000
vt 0.2319 0.6077 0.0000
vt 0.2289 0.6072 0.0000
vt 0.7389 0.4405 0.0000
vt 0.7739 0.4405 0.0000
vt 0.7744 0.4435 0.0000
vt 0.7383 0.4435 0.0000
vt 0.8067 0.4285 0.0000
vt 0.8083 0.4312 0.0000
vt 0.8336 0.4060 0.0000
vt 0.8359 0.4080 0.0000
vt 0.8511 0.3757 0.0000
vt 0.8539 0.3768 0.0000
vt 0.8571 0.3411 0.0000
vt 0.8601 0.3408 0.0000
vt 0.8511 0.3068 0.0000
vt 0.8539 0.3058 0.0000
vt 0.8336 0.2765 0.0000
vt 0.8359 0.2745 0.0000
vt 0.8067 0.2540 0.0000
vt 0.8083 0.2514 0.0000
vt 0.7739 0.2420 0.0000
vt 0.7744 0.2390 0.0000
vt 0.7389 0.2420 0.0000
vt 0.7383 0.2390 0.0000
vt 0.7060 0.2540 0.0000
vt 0.7045 0.2514 0.0000
vt 0.6792 0.2765 0.0000
vt 0.6768 0.2745 0.0000
vt 0.6617 0.3068 0.0000
vt 0.6588 0.3058 0.0000
vt 0.6556 0.3413 0.0000
vt 0.6525 0.3413 0.0000
vt 0.6617 0.3757 0.0000
vt 0.6588 0.3768 0.0000
vt 0.6792 0.4060 0.0000
vt 0.6768 0.4080 0.0000
vt 0.7060 0.4285 0.0000
vt 0.7045 0.4312 0.0000
vt 0.3570 0.5022 0.0000
vt 0.3203 0.5156 0.0000
vt 0.3198 0.5126 0.0000
vt 0.3554 0.4996 0.0000
vt 0.2813 0.5156 0.0000
vt 0.2819 0.5126 0.0000
vt 0.2447 0.5022 0.0000
vt 0.2462 0.4996 0.0000
vt 0.2148 0.4772 0.0000
vt 0.2172 0.4752 0.0000
vt 0.1953 0.4432 0.0000
vt 0.1983 0.4424 0.0000
vt 0.1886 0.4050 0.0000
vt 0.1916 0.4050 0.0000
vt 0.1954 0.3666 0.0000
vt 0.1982 0.3677 0.0000
vt 0.2148 0.3329 0.0000
vt 0.2172 0.3348 0.0000
vt 0.2447 0.3078 0.0000
vt 0.2462 0.3105 0.0000
vt 0.2813 0.2945 0.0000
vt 0.2819 0.2975 0.0000
vt 0.3203 0.2945 0.0000
vt 0.3198 0.2975 0.0000
vt 0.3570 0.3078 0.0000
vt 0.3554 0.3105 0.0000
vt 0.3868 0.3329 0.0000
vt 0.3845 0.3348 0.0000
vt 0.4063 0.3666 0.0000
vt 0.4034 0.3677 0.0000
vt 0.4131 0.4050 0.0000
vt 0.4100 0.4050 0.0000
vt 0.4063 0.4434 0.0000
vt 0.4034 0.4424 0.0000
vt 0.3868 0.4772 0.0000
vt 0.3845 0.4752 0.0000
vt 0.5573 0.5105 0.0000
vt 0.5184 0.5105 0.0000
vt 0.5189 0.5075 0.0000
vt 0.5568 0.5075 0.0000
vt 0.4817 0.4972 0.0000
vt 0.4833 0.4945 0.0000
vt 0.4519 0.4721 0.0000
vt 0.4542 0.4702 0.0000
vt 0.4324 0.4384 0.0000
vt 0.4352 0.4373 0.0000
vt 0.4256 0.4000 0.0000
vt 0.4287 0.4000 0.0000
vt 0.4324 0.3616 0.0000
vt 0.4352 0.3626 0.0000
vt 0.4519 0.3278 0.0000
vt 0.4542 0.3298 0.0000
vt 0.4817 0.3028 0.0000
vt 0.4833 0.3054 0.0000
vt 0.5184 0.2894 0.0000
vt 0.5189 0.2925 0.0000
vt 0.5573 0.2894 0.0000
vt 0.5568 0.2925 0.0000
vt 0.5940 0.3028 0.0000
vt 0.5924 0.3054 0.0000
vt 0.6238 0.3278 0.0000
vt 0.6215 0.3298 0.0000
vt 0.6433 0.3616 0.0000
vt 0.6405 0.3626 0.0000
vt 0.6501 0.3998 0.0000
vt 0.6470 0.4001 0.0000
vt 0.6433 0.4384 0.0000
vt 0.6405 0.4373 0.0000
vt 0.6238 0.4721 0.0000
vt 0.6215 0.4702 0.0000
vt 0.5940 0.4972 0.0000
vt 0.5924 0.4945 0.0000
vt 0.6828 0.8248 0.0000
vt 0.6828 0.7282 0.0000
vt 0.6907 0.7282 0.0000
vt 0.6907 0.8248 0.0000
vt 0.1331 0.8309 0.0000
vt 0.2283 0.8292 0.0000
vt 0.2367 0.8325 0.0000
vt 0.2284 0.8360 0.0000
vt 0.1332 0.8376 0.0000
vt 0.4709 0.4207 0.0000
vt 0.5687 0.4207 0.0000
vt 0.5687 0.4287 0.0000
vt 0.4709 0.4287 0.0000
vt 0.4307 0.6591 0.0000
vt 0.5175 0.6167 0.0000
vt 0.5195 0.6185 0.0000
vt 0.5225 0.6246 0.0000
vt 0.5227 0.6272 0.0000
vt 0.4358 0.6696 0.0000
vt 0.7282 0.5668 0.0000
vt 0.7361 0.5668 0.0000
vt 0.7361 0.6616 0.0000
vt 0.7282 0.6616 0.0000
vt 0.2332 0.8242 0.0000
vt 0.2310 0.7333 0.0000
vt 0.2377 0.7332 0.0000
vt 0.2399 0.8241 0.0000
vt 0.7058 0.7776 0.0000
vt 0.6979 0.7776 0.0000
vt 0.6979 0.6828 0.0000
vt 0.7058 0.6828 0.0000
vt 0.5291 0.6269 0.0000
vt 0.5352 0.6239 0.0000
vt 0.5379 0.6237 0.0000
vt 0.5789 0.7092 0.0000
vt 0.5683 0.7143 0.0000
vt 0.5273 0.6288 0.0000
vt 0.7427 0.1542 0.0000
vt 0.7347 0.1542 0.0000
vt 0.7347 0.0576 0.0000
vt 0.7427 0.0576 0.0000
vt 0.2345 0.9347 0.0000
vt 0.2334 0.8408 0.0000
vt 0.2412 0.9346 0.0000
vt 0.2402 0.8407 0.0000
vt 0.5963 0.5164 0.0000
vt 0.5963 0.5244 0.0000
vt 0.4997 0.5244 0.0000
vt 0.4997 0.5164 0.0000
vt 0.4873 0.5214 0.0000
vt 0.5297 0.6069 0.0000
vt 0.5279 0.6089 0.0000
vt 0.4768 0.5266 0.0000
vt 0.5218 0.6118 0.0000
vt 0.5191 0.6120 0.0000
vt 0.7080 0.5517 0.0000
vt 0.7159 0.5517 0.0000
vt 0.7159 0.6471 0.0000
vt 0.7080 0.6471 0.0000
vt 0.3390 0.8340 0.0000
vt 0.2450 0.8357 0.0000
vt 0.3389 0.8273 0.0000
vt 0.2449 0.8289 0.0000
vt 0.4703 0.4962 0.0000
vt 0.4703 0.5042 0.0000
vt 0.3737 0.5042 0.0000
vt 0.3737 0.4962 0.0000
vt 0.6252 0.5772 0.0000
vt 0.5395 0.6190 0.0000
vt 0.5375 0.6172 0.0000
vt 0.6201 0.5667 0.0000
vt 0.5343 0.6085 0.0000
vt 0.5345 0.6111 0.0000
vt 0.9702 0.8644 0.0000
vt 0.9770 0.8644 0.0000
vt 0.9819 0.8693 0.0000
vt 0.9819 0.8761 0.0000
vt 0.9770 0.8811 0.0000
vt 0.9702 0.8811 0.0000
vt 0.9652 0.8761 0.0000
vt 0.9652 0.8693 0.0000
vt 0.3701 0.4962 0.0000
vt 0.3701 0.5042 0.0000
vt 0.5723 0.4287 0.0000
vt 0.5723 0.4207 0.0000
vt 0.7347 0.0541 0.0000
vt 0.7427 0.0541 0.0000
vt 0.4962 0.5164 0.0000
vt 0.4962 0.5244 0.0000
vt 0.4546 0.6374 0.0000
vt 0.4496 0.6374 0.0000
vt 0.4496 0.6172 0.0000
vt 0.4546 0.6172 0.0000
vt 0.4584 0.6374 0.0000
vt 0.4584 0.6172 0.0000
vt 0.0658 0.9559 0.0000
vt 0.0658 0.9511 0.0000
vt 0.0851 0.9511 0.0000
vt 0.0851 0.9559 0.0000
vt 0.7635 0.9892 0.0000
vt 0.7635 0.9854 0.0000
vt 0.7836 0.9854 0.0000
vt 0.7836 0.9892 0.0000
vt 0.7635 0.9942 0.0000
vt 0.7836 0.9942 0.0000
vt 0.7635 0.9980 0.0000
vt 0.7836 0.9980 0.0000
vt 0.3330 0.9105 0.0000
vt 0.3330 0.9057 0.0000
vt 0.3523 0.9057 0.0000
vt 0.3523 0.9105 0.0000
vt 0.4458 0.6374 0.0000
vt 0.4458 0.6172 0.0000
vt 0.8897 0.0676 0.0000
vt 0.8897 0.0743 0.0000
vt 0.8845 0.0743 0.0000
vt 0.8845 0.0676 0.0000
vt 0.3870 0.7989 0.0000
vt 0.3802 0.7989 0.0000
vt 0.3802 0.7937 0.0000
vt 0.3870 0.7937 0.0000
vt 0.6658 0.6727 0.0000
vt 0.6714 0.6727 0.0000
vt 0.6714 0.6785 0.0000
vt 0.6658 0.6785 0.0000
vt 0.6021 0.2995 0.0000
vt 0.6077 0.2995 0.0000
vt 0.6077 0.3054 0.0000
vt 0.6021 0.3054 0.0000
vt 0.6582 0.6727 0.0000
vt 0.6582 0.6785 0.0000
vt 0.6154 0.2995 0.0000
vt 0.6154 0.3054 0.0000
vt 0.6525 0.6727 0.0000
vt 0.6525 0.6785 0.0000
vt 0.6210 0.2995 0.0000
vt 0.6210 0.3054 0.0000
vt 0.1230 0.9317 0.0000
vt 0.1230 0.9249 0.0000
vt 0.1282 0.9249 0.0000
vt 0.1282 0.9317 0.0000
vt 0.6878 0.5164 0.0000
vt 0.6946 0.5164 0.0000
vt 0.6946 0.5215 0.0000
vt 0.6878 0.5215 0.0000
vt 0.7184 0.1620 0.0000
vt 0.7184 0.1564 0.0000
vt 0.7242 0.1564 0.0000
vt 0.7242 0.1620 0.0000
vt 0.3358 0.6102 0.0000
vt 0.3358 0.6158 0.0000
vt 0.3300 0.6158 0.0000
vt 0.3300 0.6102 0.0000
vt 0.7184 0.1697 0.0000
vt 0.7242 0.1697 0.0000
vt 0.3358 0.6235 0.0000
vt 0.3300 0.6235 0.0000
vt 0.7184 0.1753 0.0000
vt 0.7242 0.1753 0.0000
vt 0.3358 0.6291 0.0000
vt 0.3300 0.6291 0.0000
vt 0.9769 0.8088 0.0000
vt 0.9769 0.8156 0.0000
vt 0.9746 0.8146 0.0000
vt 0.9746 0.8098 0.0000
vt 0.9719 0.8206 0.0000
vt 0.9710 0.8182 0.0000
vt 0.9651 0.8206 0.0000
vt 0.9661 0.8182 0.0000
vt 0.9602 0.8156 0.0000
vt 0.9625 0.8146 0.0000
vt 0.9602 0.8088 0.0000
vt 0.9625 0.8098 0.0000
vt 0.9651 0.8038 0.0000
vt 0.9661 0.8061 0.0000
vt 0.9719 0.8038 0.0000
vt 0.9710 0.8061 0.0000
vt 0.9652 0.8458 0.0000
vt 0.9652 0.8391 0.0000
vt 0.9675 0.8400 0.0000
vt 0.9675 0.8449 0.0000
vt 0.9702 0.8341 0.0000
vt 0.9711 0.8364 0.0000
vt 0.9770 0.8341 0.0000
vt 0.9760 0.8364 0.0000
vt 0.9819 0.8391 0.0000
vt 0.9796 0.8400 0.0000
vt 0.2445 0.8193 0.0000
vt 0.2452 0.8193 0.0000
vt 0.2441 0.8139 0.0000
vt 0.2457 0.8139 0.0000
vt 0.9819 0.8458 0.0000
vt 0.9770 0.8508 0.0000
vt 0.9760 0.8485 0.0000
vt 0.9796 0.8449 0.0000
vt 0.9702 0.8508 0.0000
vt 0.9711 0.8485 0.0000
vt 0.6474 0.6056 0.0000
vt 0.6390 0.5974 0.0000
vt 0.6425 0.5973 0.0000
vt 0.6474 0.6020 0.0000
vt 0.7061 0.5279 0.0000
vt 0.7086 0.5289 0.0000
vt 0.7061 0.5230 0.0000
vt 0.7085 0.5219 0.0000
vt 0.6374 0.4575 0.0000
vt 0.6427 0.4592 0.0000
vt 0.6456 0.4491 0.0000
vt 0.6474 0.4543 0.0000
vt 0.7142 0.5145 0.0000
vt 0.7132 0.5170 0.0000
vt 0.7191 0.5144 0.0000
vt 0.7202 0.5169 0.0000
vt 0.7854 0.4458 0.0000
vt 0.7855 0.4493 0.0000
vt 0.7939 0.4539 0.0000
vt 0.7903 0.4540 0.0000
vt 0.7276 0.5226 0.0000
vt 0.7251 0.5216 0.0000
vt 0.7277 0.5275 0.0000
vt 0.7252 0.5286 0.0000
vt 0.7958 0.5942 0.0000
vt 0.7923 0.5942 0.0000
vt 0.7877 0.6026 0.0000
vt 0.7876 0.5991 0.0000
vt 0.7195 0.5359 0.0000
vt 0.7205 0.5334 0.0000
vt 0.7146 0.5360 0.0000
vt 0.7135 0.5336 0.0000
vt 0.1255 0.8240 0.0000
vt 0.1255 0.8308 0.0000
vt 0.1230 0.8271 0.0000
vt 0.1230 0.8277 0.0000
vt 0.8845 0.0106 0.0000
vt 0.8881 0.0106 0.0000
vt 0.8857 0.0071 0.0000
vt 0.8898 0.0070 0.0000
vt 0.7955 0.5352 0.0000
vt 0.7907 0.5352 0.0000
vt 0.7923 0.5327 0.0000
vt 0.7939 0.5327 0.0000
vt 0.6208 0.5329 0.0000
vt 0.6175 0.5315 0.0000
vt 0.6210 0.5368 0.0000
vt 0.6172 0.5352 0.0000
vt 0.6576 0.5567 0.0000
vt 0.6643 0.5567 0.0000
vt 0.6643 0.5592 0.0000
vt 0.6576 0.5592 0.0000
vt 0.8151 0.3845 0.0000
vt 0.8151 0.2874 0.0000
vt 0.8176 0.2874 0.0000
vt 0.8176 0.3845 0.0000
vt 0.8151 0.2824 0.0000
vt 0.8176 0.2824 0.0000
vt 0.6173 0.8820 0.0000
vt 0.5265 0.8820 0.0000
vt 0.5265 0.8795 0.0000
vt 0.6173 0.8795 0.0000
vt 0.4609 0.7937 0.0000
vt 0.4677 0.7937 0.0000
vt 0.4677 0.7963 0.0000
vt 0.4609 0.7963 0.0000
vt 0.4180 0.2945 0.0000
vt 0.4180 0.3854 0.0000
vt 0.4155 0.3854 0.0000
vt 0.4155 0.2945 0.0000
vt 0.3892 0.6663 0.0000
vt 0.3892 0.6613 0.0000
vt 0.3918 0.6613 0.0000
vt 0.3918 0.6663 0.0000
vt 0.3892 0.5654 0.0000
vt 0.3918 0.5654 0.0000
vt 0.6172 0.4929 0.0000
vt 0.6172 0.4861 0.0000
vt 0.6197 0.4861 0.0000
vt 0.6197 0.4929 0.0000
vt 0.5113 0.5618 0.0000
vt 0.6053 0.5618 0.0000
vt 0.6053 0.5643 0.0000
vt 0.5113 0.5643 0.0000
vt 0.7139 0.1549 0.0000
vt 0.7139 0.1498 0.0000
vt 0.7165 0.1498 0.0000
vt 0.7165 0.1549 0.0000
vt 0.7139 0.0541 0.0000
vt 0.7165 0.0541 0.0000
vt 0.4071 0.7963 0.0000
vt 0.4004 0.7963 0.0000
vt 0.4004 0.7937 0.0000
vt 0.4071 0.7937 0.0000
vt 0.1761 0.7500 0.0000
vt 0.1761 0.6542 0.0000
vt 0.1786 0.6542 0.0000
vt 0.1786 0.7500 0.0000
vt 0.1761 0.6491 0.0000
vt 0.1786 0.6491 0.0000
vt 0.7578 0.2314 0.0000
vt 0.6626 0.2314 0.0000
vt 0.6626 0.2289 0.0000
vt 0.7578 0.2289 0.0000
vt 0.2445 0.8166 0.0000
vt 0.2452 0.8166 0.0000
vt 0.7977 0.5327 0.0000
vt 0.7992 0.5327 0.0000
vt 0.7992 0.5352 0.0000
vt 0.7977 0.5352 0.0000
vt 0.5922 0.9443 0.0000
vt 0.4559 0.9443 0.0000
vt 0.4559 0.9350 0.0000
vt 0.5922 0.9350 0.0000
vt 0.4155 0.7022 0.0000
vt 0.4155 0.6929 0.0000
vt 0.5519 0.6929 0.0000
vt 0.5519 0.7022 0.0000
vt 0.5115 0.8079 0.0000
vt 0.3751 0.8079 0.0000
vt 0.3751 0.8033 0.0000
vt 0.5115 0.8033 0.0000
vt 0.3904 0.8735 0.0000
vt 0.2541 0.8735 0.0000
vt 0.2541 0.8689 0.0000
vt 0.3904 0.8689 0.0000
vt 0.5165 0.8275 0.0000
vt 0.2491 0.8930 0.0000
vt 0.3955 0.8930 0.0000
vt 0.3701 0.8275 0.0000
vt 0.3449 0.7937 0.0000
vt 0.3542 0.7937 0.0000
vt 0.3542 0.8215 0.0000
vt 0.3449 0.8215 0.0000
vt 0.2491 0.8411 0.0000
vt 0.2541 0.8411 0.0000
vt 0.4206 0.5113 0.0000
vt 0.4299 0.5113 0.0000
vt 0.4299 0.5633 0.0000
vt 0.4206 0.5633 0.0000
vt 0.5115 0.7756 0.0000
vt 0.5165 0.7756 0.0000
vt 0.6727 0.5063 0.0000
vt 0.6820 0.5063 0.0000
vt 0.6820 0.5411 0.0000
vt 0.6727 0.5411 0.0000
vt 0.3701 0.7685 0.0000
vt 0.3751 0.7685 0.0000
vt 0.6374 0.1482 0.0000
vt 0.6417 0.1482 0.0000
vt 0.6417 0.2022 0.0000
vt 0.6374 0.2022 0.0000
vt 0.3904 0.8341 0.0000
vt 0.3955 0.8341 0.0000
vt 0.3903 0.5358 0.0000
vt 0.3903 0.5265 0.0000
vt 0.4099 0.5265 0.0000
vt 0.4099 0.5358 0.0000
vt 0.5115 0.8275 0.0000
vt 0.2541 0.8930 0.0000
vt 0.4402 0.9299 0.0000
vt 0.4402 0.9392 0.0000
vt 0.4206 0.9392 0.0000
vt 0.4206 0.9299 0.0000
vt 0.3904 0.8930 0.0000
vt 0.3751 0.8275 0.0000
vt 0.7305 0.3656 0.0000
vt 0.7212 0.3656 0.0000
vt 0.7237 0.3631 0.0000
vt 0.7280 0.3631 0.0000
vt 0.7212 0.3067 0.0000
vt 0.7237 0.3092 0.0000
vt 0.7305 0.3067 0.0000
vt 0.7280 0.3092 0.0000
vt 0.2253 0.3096 0.0000
vt 0.2253 0.3139 0.0000
vt 0.2239 0.3139 0.0000
vt 0.2239 0.3096 0.0000
vt 0.6273 0.2022 0.0000
vt 0.6273 0.1482 0.0000
vt 0.6287 0.1482 0.0000
vt 0.6287 0.2022 0.0000
vt 0.0070 0.6670 0.0000
vt 0.0070 0.6626 0.0000
vt 0.0084 0.6626 0.0000
vt 0.0084 0.6670 0.0000
vt 0.6382 0.6435 0.0000
vt 0.5842 0.6435 0.0000
vt 0.5842 0.6421 0.0000
vt 0.6382 0.6421 0.0000
vt 0.3147 0.9652 0.0000
vt 0.4510 0.9652 0.0000
vt 0.4510 0.9745 0.0000
vt 0.3147 0.9745 0.0000
vt 0.5922 0.9753 0.0000
vt 0.5922 0.9846 0.0000
vt 0.4559 0.9846 0.0000
vt 0.4559 0.9753 0.0000
vt 0.3047 0.9541 0.0000
vt 0.1684 0.9541 0.0000
vt 0.1684 0.9495 0.0000
vt 0.3047 0.9495 0.0000
vt 0.2743 0.8991 0.0000
vt 0.4106 0.8991 0.0000
vt 0.4106 0.9037 0.0000
vt 0.2743 0.9037 0.0000
vt 0.3097 0.9737 0.0000
vt 0.4156 0.8795 0.0000
vt 0.2693 0.8795 0.0000
vt 0.1634 0.9737 0.0000
vt 0.2012 0.9350 0.0000
vt 0.2012 0.9443 0.0000
vt 0.1735 0.9443 0.0000
vt 0.1735 0.9350 0.0000
vt 0.4156 0.9314 0.0000
vt 0.4106 0.9314 0.0000
vt 0.6576 0.4912 0.0000
vt 0.6669 0.4912 0.0000
vt 0.6669 0.5431 0.0000
vt 0.6576 0.5431 0.0000
vt 0.3047 0.9218 0.0000
vt 0.3097 0.9218 0.0000
vt 0.8184 0.2289 0.0000
vt 0.8184 0.2382 0.0000
vt 0.7837 0.2382 0.0000
vt 0.7837 0.2289 0.0000
vt 0.1634 0.9148 0.0000
vt 0.1684 0.9148 0.0000
vt 0.3838 0.2894 0.0000
vt 0.3838 0.2938 0.0000
vt 0.3298 0.2938 0.0000
vt 0.3298 0.2894 0.0000
vt 0.2743 0.9384 0.0000
vt 0.2693 0.9384 0.0000
vt 0.9594 0.6873 0.0000
vt 0.9501 0.6873 0.0000
vt 0.9501 0.6677 0.0000
vt 0.9594 0.6677 0.0000
vt 0.3047 0.9737 0.0000
vt 0.4106 0.8795 0.0000
vt 0.6425 0.6316 0.0000
vt 0.6425 0.6223 0.0000
vt 0.6620 0.6223 0.0000
vt 0.6620 0.6316 0.0000
vt 0.2743 0.8795 0.0000
vt 0.1684 0.9737 0.0000
vt 0.7417 0.3656 0.0000
vt 0.7324 0.3656 0.0000
vt 0.7349 0.3631 0.0000
vt 0.7392 0.3631 0.0000
vt 0.7324 0.3067 0.0000
vt 0.7349 0.3092 0.0000
vt 0.7417 0.3067 0.0000
vt 0.7392 0.3092 0.0000
vt 0.6640 0.0676 0.0000
vt 0.6640 0.0719 0.0000
vt 0.6626 0.0719 0.0000
vt 0.6626 0.0676 0.0000
vt 0.5842 0.6455 0.0000
vt 0.6382 0.6455 0.0000
vt 0.6382 0.6469 0.0000
vt 0.5842 0.6469 0.0000
vt 0.6878 0.0315 0.0000
vt 0.6878 0.0272 0.0000
vt 0.6892 0.0272 0.0000
vt 0.6892 0.0315 0.0000
vt 0.6382 0.6402 0.0000
vt 0.5842 0.6402 0.0000
vt 0.5842 0.6388 0.0000
vt 0.6382 0.6388 0.0000
vt 0.3147 0.9450 0.0000
vt 0.4510 0.9450 0.0000
vt 0.4510 0.9543 0.0000
vt 0.3147 0.9543 0.0000
vt 0.5922 0.9551 0.0000
vt 0.5922 0.9644 0.0000
vt 0.4559 0.9644 0.0000
vt 0.4559 0.9551 0.0000
vt 0.0070 0.9445 0.0000
vt 0.1433 0.9445 0.0000
vt 0.1433 0.9491 0.0000
vt 0.0070 0.9491 0.0000
vt 0.4913 0.7625 0.0000
vt 0.3550 0.7625 0.0000
vt 0.3550 0.7579 0.0000
vt 0.4913 0.7579 0.0000
vt 0.0020 0.9249 0.0000
vt 0.3500 0.7821 0.0000
vt 0.4963 0.7821 0.0000
vt 0.1483 0.9249 0.0000
vt 0.6904 0.1987 0.0000
vt 0.6904 0.2080 0.0000
vt 0.6626 0.2080 0.0000
vt 0.6626 0.1987 0.0000
vt 0.3500 0.7302 0.0000
vt 0.3550 0.7302 0.0000
vt 0.8341 0.2138 0.0000
vt 0.8434 0.2138 0.0000
vt 0.8434 0.2657 0.0000
vt 0.8341 0.2657 0.0000
vt 0.0070 0.9768 0.0000
vt 0.0020 0.9768 0.0000
vt 0.8795 0.0222 0.0000
vt 0.8888 0.0222 0.0000
vt 0.8888 0.0569 0.0000
vt 0.8795 0.0569 0.0000
vt 0.1483 0.9838 0.0000
vt 0.1433 0.9838 0.0000
vt 0.8780 0.0070 0.0000
vt 0.8780 0.0114 0.0000
vt 0.8240 0.0114 0.0000
vt 0.8240 0.0070 0.0000
vt 0.4913 0.7231 0.0000
vt 0.4963 0.7231 0.0000
vt 0.4004 0.8585 0.0000
vt 0.4004 0.8492 0.0000
vt 0.4200 0.8492 0.0000
vt 0.4200 0.8585 0.0000
vt 0.0070 0.9249 0.0000
vt 0.3550 0.7821 0.0000
vt 0.9543 0.6217 0.0000
vt 0.9450 0.6217 0.0000
vt 0.9450 0.6021 0.0000
vt 0.9543 0.6021 0.0000
vt 0.4913 0.7821 0.0000
vt 0.1433 0.9249 0.0000
vt 0.7530 0.3656 0.0000
vt 0.7437 0.3656 0.0000
vt 0.7462 0.3631 0.0000
vt 0.7505 0.3631 0.0000
vt 0.7437 0.3067 0.0000
vt 0.7462 0.3092 0.0000
vt 0.7530 0.3067 0.0000
vt 0.7505 0.3092 0.0000
vt 0.2202 0.4861 0.0000
vt 0.2202 0.4904 0.0000
vt 0.2188 0.4904 0.0000
vt 0.2188 0.4861 0.0000
vt 0.6626 0.0560 0.0000
vt 0.6626 0.0020 0.0000
vt 0.6640 0.0020 0.0000
vt 0.6640 0.0560 0.0000
vt 0.1886 0.4400 0.0000
vt 0.1886 0.4357 0.0000
vt 0.1900 0.4357 0.0000
vt 0.1900 0.4400 0.0000
vt 0.6475 0.2022 0.0000
vt 0.6475 0.1482 0.0000
vt 0.6489 0.1482 0.0000
vt 0.6489 0.2022 0.0000
vt 0.0629 0.6491 0.0000
vt 0.0629 0.7586 0.0000
vt 0.0583 0.7586 0.0000
vt 0.0583 0.6491 0.0000
vt 0.0649 0.7586 0.0000
vt 0.0649 0.6491 0.0000
vt 0.0685 0.6491 0.0000
vt 0.0685 0.7586 0.0000
vt 0.6965 0.3983 0.0000
vt 0.8060 0.3983 0.0000
vt 0.8060 0.4019 0.0000
vt 0.6965 0.4019 0.0000
vt 0.3817 0.6774 0.0000
vt 0.3817 0.6820 0.0000
vt 0.2723 0.6820 0.0000
vt 0.2723 0.6774 0.0000
vt 0.8085 0.3918 0.0000
vt 0.8085 0.2824 0.0000
vt 0.8131 0.2824 0.0000
vt 0.8131 0.3918 0.0000
vt 0.8060 0.3964 0.0000
vt 0.6965 0.3964 0.0000
vt 0.6965 0.3928 0.0000
vt 0.8060 0.3928 0.0000
vt 0.4709 0.4152 0.0000
vt 0.5803 0.4152 0.0000
vt 0.5803 0.4188 0.0000
vt 0.4709 0.4188 0.0000
vt 0.3827 0.5654 0.0000
vt 0.3873 0.5654 0.0000
vt 0.3873 0.6749 0.0000
vt 0.3827 0.6749 0.0000
vt 0.8543 0.4406 0.0000
vt 0.8543 0.4129 0.0000
vt 0.9294 0.4129 0.0000
vt 0.9294 0.4406 0.0000
vt 0.9374 0.3646 0.0000
vt 0.9374 0.3774 0.0000
vt 0.9097 0.3774 0.0000
vt 0.9374 0.3151 0.0000
vt 0.9374 0.3023 0.0000
vt 0.9097 0.3023 0.0000
vt 0.3877 0.3272 0.0000
vt 0.3853 0.3272 0.0000
vt 0.3853 0.2995 0.0000
vt 0.3877 0.2995 0.0000
vt 0.5803 0.6660 0.0000
vt 0.6554 0.6660 0.0000
vt 0.6554 0.6684 0.0000
vt 0.6426 0.6684 0.0000
vt 0.5931 0.6684 0.0000
vt 0.5803 0.6684 0.0000
vt 0.4230 0.4105 0.0000
vt 0.4230 0.4856 0.0000
vt 0.4206 0.4856 0.0000
vt 0.4206 0.4105 0.0000
vt 0.8543 0.3853 0.0000
vt 0.9294 0.3853 0.0000
vt 0.7995 0.6961 0.0000
vt 0.7760 0.6961 0.0000
vt 0.7760 0.6697 0.0000
vt 0.7995 0.6697 0.0000
vt 0.6727 0.0171 0.0000
vt 0.6752 0.0171 0.0000
vt 0.6752 0.0448 0.0000
vt 0.6727 0.0448 0.0000
vt 0.9651 0.3774 0.0000
vt 0.9651 0.3802 0.0000
vt 0.9374 0.3802 0.0000
vt 0.9651 0.3023 0.0000
vt 0.9374 0.2995 0.0000
vt 0.9651 0.2995 0.0000
vt 0.7218 0.0020 0.0000
vt 0.7218 0.0065 0.0000
vt 0.6941 0.0065 0.0000
vt 0.6941 0.0042 0.0000
vt 0.6941 0.0020 0.0000
vt 0.6582 0.6684 0.0000
vt 0.4027 0.3450 0.0000
vt 0.4004 0.3434 0.0000
vt 0.4022 0.3432 0.0000
vt 0.4041 0.3429 0.0000
vt 0.0902 0.5892 0.0000
vt 0.0902 0.5915 0.0000
vt 0.0625 0.5915 0.0000
vt 0.0902 0.5870 0.0000
vt 0.0625 0.5870 0.0000
vt 0.5776 0.6684 0.0000
vt 0.1906 0.4508 0.0000
vt 0.1924 0.4526 0.0000
vt 0.1905 0.4527 0.0000
vt 0.1886 0.4529 0.0000
vt 0.1886 0.5541 0.0000
vt 0.1886 0.5265 0.0000
vt 0.2421 0.5265 0.0000
vt 0.2421 0.5541 0.0000
vt 0.4007 0.2901 0.0000
vt 0.4029 0.2894 0.0000
vt 0.8010 0.6185 0.0000
vt 0.8010 0.6461 0.0000
vt 0.7484 0.6461 0.0000
vt 0.7484 0.6185 0.0000
vt 0.6863 0.6223 0.0000
vt 0.6891 0.6258 0.0000
vt 0.8214 0.9834 0.0000
vt 0.7937 0.9834 0.0000
vt 0.7937 0.9299 0.0000
vt 0.8214 0.9299 0.0000
vt 0.5466 0.6258 0.0000
vt 0.5494 0.6223 0.0000
vt 0.8290 0.9299 0.0000
vt 0.8567 0.9299 0.0000
vt 0.8567 0.9826 0.0000
vt 0.8290 0.9826 0.0000
vt 0.2004 0.5068 0.0000
vt 0.1981 0.5066 0.0000
vt 0.7549 0.3640 0.0000
vt 0.7550 0.3073 0.0000
vt 0.7573 0.3067 0.0000
vt 0.7569 0.3638 0.0000
vt 0.2027 0.5070 0.0000
vt 0.4256 0.3425 0.0000
vt 0.4256 0.2894 0.0000
vt 0.4470 0.2894 0.0000
vt 0.1116 0.5870 0.0000
vt 0.1116 0.5892 0.0000
vt 0.8781 0.9826 0.0000
vt 0.7484 0.5971 0.0000
vt 0.6727 0.0042 0.0000
vt 0.6727 0.0020 0.0000
vt 0.1987 0.2945 0.0000
vt 0.2518 0.2945 0.0000
vt 0.1987 0.3159 0.0000
vt 0.9651 0.3646 0.0000
vt 0.9651 0.3151 0.0000
vt 0.6426 0.6715 0.0000
vt 0.5931 0.6715 0.0000
vt 0.3362 0.4202 0.0000
vt 0.3639 0.4202 0.0000
vt 0.3639 0.4233 0.0000
vt 0.3362 0.4233 0.0000
vt 0.1987 0.2894 0.0000
vt 0.2482 0.2894 0.0000
vt 0.2482 0.2925 0.0000
vt 0.1987 0.2925 0.0000
vt 0.4337 0.4508 0.0000
vt 0.4337 0.4785 0.0000
vt 0.4307 0.4785 0.0000
vt 0.4307 0.4508 0.0000
vt 0.8019 0.6576 0.0000
vt 0.8019 0.7082 0.0000
vt 0.7995 0.7058 0.0000
vt 0.7995 0.6600 0.0000
vt 0.7736 0.7082 0.0000
vt 0.7760 0.7058 0.0000
vt 0.7736 0.6576 0.0000
vt 0.7760 0.6600 0.0000
vt 0.6576 0.1980 0.0000
vt 0.6576 0.1533 0.0000
vt 0.6659 0.1628 0.0000
vt 0.6659 0.1886 0.0000
vt 0.2233 0.6105 0.0000
vt 0.1785 0.6105 0.0000
vt 0.1880 0.6021 0.0000
vt 0.2138 0.6021 0.0000
vt 0.8711 0.4825 0.0000
vt 0.8711 0.4725 0.0000
vt 0.8862 0.4725 0.0000
vt 0.8862 0.4825 0.0000
vt 0.8711 0.4925 0.0000
vt 0.8862 0.4925 0.0000
vt 0.8711 0.5006 0.0000
vt 0.8862 0.5006 0.0000
vt 0.8784 0.9245 0.0000
vt 0.8694 0.9245 0.0000
vt 0.8694 0.9097 0.0000
vt 0.8784 0.9097 0.0000
vt 0.8885 0.9245 0.0000
vt 0.8885 0.9097 0.0000
vt 0.8975 0.9245 0.0000
vt 0.8975 0.9097 0.0000
vt 0.8882 0.4725 0.0000
vt 0.8882 0.4645 0.0000
vt 0.9033 0.4645 0.0000
vt 0.9033 0.4725 0.0000
vt 0.8882 0.4825 0.0000
vt 0.9033 0.4825 0.0000
vt 0.8882 0.4925 0.0000
vt 0.9033 0.4925 0.0000
vt 0.8882 0.5006 0.0000
vt 0.9033 0.5006 0.0000
vt 0.9490 0.7278 0.0000
vt 0.9400 0.7278 0.0000
vt 0.9400 0.7131 0.0000
vt 0.9490 0.7131 0.0000
vt 0.9591 0.7278 0.0000
vt 0.9591 0.7131 0.0000
vt 0.9681 0.7278 0.0000
vt 0.9681 0.7131 0.0000
vt 0.8711 0.4645 0.0000
vt 0.8862 0.4645 0.0000
vt 0.3305 0.4183 0.0000
vt 0.2339 0.4183 0.0000
vt 0.3210 0.3985 0.0000
vt 0.3305 0.4006 0.0000
vt 0.3476 0.4143 0.0000
vt 0.3400 0.3985 0.0000
vt 0.3614 0.4034 0.0000
vt 0.3476 0.3924 0.0000
vt 0.3690 0.3875 0.0000
vt 0.3519 0.3836 0.0000
vt 0.3690 0.3699 0.0000
vt 0.3519 0.3738 0.0000
vt 0.3614 0.3540 0.0000
vt 0.3476 0.3650 0.0000
vt 0.3476 0.3430 0.0000
vt 0.3400 0.3589 0.0000
vt 0.3305 0.3391 0.0000
vt 0.3305 0.3567 0.0000
vt 0.2339 0.3391 0.0000
vt 0.3210 0.3589 0.0000
vt 0.3133 0.3650 0.0000
vt 0.3091 0.3738 0.0000
vt 0.3091 0.3836 0.0000
vt 0.3133 0.3924 0.0000
vt 0.0171 0.4105 0.0000
vt 0.0171 0.3930 0.0000
vt 0.0523 0.3930 0.0000
vt 0.0523 0.4105 0.0000
vt 0.0171 0.4245 0.0000
vt 0.0523 0.4245 0.0000
vt 0.0171 0.4407 0.0000
vt 0.0523 0.4407 0.0000
vt 0.0171 0.4587 0.0000
vt 0.0523 0.4587 0.0000
vt 0.0171 0.4749 0.0000
vt 0.0523 0.4749 0.0000
vt 0.0171 0.4889 0.0000
vt 0.0523 0.4889 0.0000
vt 0.0171 0.5064 0.0000
vt 0.0523 0.5064 0.0000
vt 0.0171 0.2945 0.0000
vt 0.0523 0.2945 0.0000
vt 0.0523 0.6050 0.0000
vt 0.0171 0.6050 0.0000
vt 0.5095 0.4132 0.0000
vt 0.5095 0.4039 0.0000
vt 0.5226 0.4009 0.0000
vt 0.6061 0.4132 0.0000
vt 0.4923 0.4093 0.0000
vt 0.4963 0.4009 0.0000
vt 0.4785 0.3983 0.0000
vt 0.4858 0.3925 0.0000
vt 0.4709 0.3824 0.0000
vt 0.4800 0.3804 0.0000
vt 0.4709 0.3648 0.0000
vt 0.4800 0.3669 0.0000
vt 0.4785 0.3490 0.0000
vt 0.4858 0.3548 0.0000
vt 0.4923 0.3380 0.0000
vt 0.4963 0.3464 0.0000
vt 0.5095 0.3341 0.0000
vt 0.5095 0.3434 0.0000
vt 0.6061 0.3341 0.0000
vt 0.5226 0.3464 0.0000
vt 0.5331 0.3548 0.0000
vt 0.5389 0.3669 0.0000
vt 0.5389 0.3804 0.0000
vt 0.5331 0.3925 0.0000
vt 0.7083 0.4788 0.0000
vt 0.6942 0.4788 0.0000
vt 0.6942 0.4660 0.0000
vt 0.7083 0.4660 0.0000
vt 0.7225 0.4788 0.0000
vt 0.7225 0.4660 0.0000
vt 0.7339 0.4788 0.0000
vt 0.7339 0.4660 0.0000
vt 0.8667 0.8173 0.0000
vt 0.8797 0.8173 0.0000
vt 0.8797 0.8301 0.0000
vt 0.8667 0.8301 0.0000
vt 0.8522 0.8173 0.0000
vt 0.8522 0.8301 0.0000
vt 0.8391 0.8173 0.0000
vt 0.8391 0.8301 0.0000
vt 0.7561 0.6973 0.0000
vt 0.7561 0.7087 0.0000
vt 0.7433 0.7087 0.0000
vt 0.7433 0.6973 0.0000
vt 0.7561 0.6831 0.0000
vt 0.7433 0.6831 0.0000
vt 0.7561 0.6690 0.0000
vt 0.7433 0.6690 0.0000
vt 0.7561 0.6576 0.0000
vt 0.7433 0.6576 0.0000
vt 0.9232 0.8522 0.0000
vt 0.9232 0.8391 0.0000
vt 0.9360 0.8391 0.0000
vt 0.9360 0.8522 0.0000
vt 0.9232 0.8667 0.0000
vt 0.9360 0.8667 0.0000
vt 0.9232 0.8797 0.0000
vt 0.9360 0.8797 0.0000
vt 0.6828 0.4788 0.0000
vt 0.6828 0.4660 0.0000
vt 0.8711 0.5265 0.0000
vt 0.9119 0.5265 0.0000
vt 0.8825 0.5395 0.0000
vt 0.8730 0.5373 0.0000
vt 0.8569 0.5297 0.0000
vt 0.8635 0.5395 0.0000
vt 0.8455 0.5388 0.0000
vt 0.8558 0.5456 0.0000
vt 0.8391 0.5520 0.0000
vt 0.8516 0.5544 0.0000
vt 0.8391 0.5666 0.0000
vt 0.8516 0.5642 0.0000
vt 0.8455 0.5798 0.0000
vt 0.8558 0.5730 0.0000
vt 0.8569 0.5889 0.0000
vt 0.8635 0.5791 0.0000
vt 0.8711 0.5921 0.0000
vt 0.8730 0.5812 0.0000
vt 0.9119 0.5921 0.0000
vt 0.8825 0.5791 0.0000
vt 0.8901 0.5730 0.0000
vt 0.8944 0.5642 0.0000
vt 0.8944 0.5544 0.0000
vt 0.8901 0.5456 0.0000
vt 0.1287 0.8442 0.0000
vt 0.1432 0.8442 0.0000
vt 0.1432 0.8549 0.0000
vt 0.1287 0.8549 0.0000
vt 0.1144 0.8442 0.0000
vt 0.1144 0.8549 0.0000
vt 0.1003 0.8442 0.0000
vt 0.1003 0.8549 0.0000
vt 0.0862 0.8442 0.0000
vt 0.0862 0.8549 0.0000
vt 0.0720 0.8442 0.0000
vt 0.0720 0.8549 0.0000
vt 0.0577 0.8442 0.0000
vt 0.0577 0.8549 0.0000
vt 0.0433 0.8442 0.0000
vt 0.0433 0.8549 0.0000
vt 0.1844 0.8442 0.0000
vt 0.1844 0.8549 0.0000
vt 0.0020 0.8549 0.0000
vt 0.0020 0.8442 0.0000
vt 0.8543 0.4778 0.0000
vt 0.8568 0.4796 0.0000
vt 0.8598 0.4928 0.0000
vt 0.8543 0.5186 0.0000
vt 0.8575 0.4635 0.0000
vt 0.8598 0.4665 0.0000
vt 0.8666 0.4521 0.0000
vt 0.8682 0.4560 0.0000
vt 0.8798 0.4458 0.0000
vt 0.8803 0.4502 0.0000
vt 0.8944 0.4458 0.0000
vt 0.8938 0.4502 0.0000
vt 0.9075 0.4521 0.0000
vt 0.9059 0.4560 0.0000
vt 0.9166 0.4635 0.0000
vt 0.9143 0.4665 0.0000
vt 0.9199 0.4778 0.0000
vt 0.9173 0.4796 0.0000
vt 0.9199 0.5186 0.0000
vt 0.9143 0.4928 0.0000
vt 0.9059 0.5033 0.0000
vt 0.8938 0.5091 0.0000
vt 0.8803 0.5091 0.0000
vt 0.8682 0.5033 0.0000
vt 0.8240 0.4509 0.0000
vt 0.8240 0.4369 0.0000
vt 0.8367 0.4369 0.0000
vt 0.8367 0.4509 0.0000
vt 0.8240 0.4649 0.0000
vt 0.8367 0.4649 0.0000
vt 0.8240 0.4762 0.0000
vt 0.8367 0.4762 0.0000
vt 0.8971 0.8262 0.0000
vt 0.8845 0.8262 0.0000
vt 0.8845 0.8139 0.0000
vt 0.8971 0.8139 0.0000
vt 0.9110 0.8262 0.0000
vt 0.9110 0.8139 0.0000
vt 0.9236 0.8262 0.0000
vt 0.9236 0.8139 0.0000
vt 0.0132 0.8165 0.0000
vt 0.0020 0.8165 0.0000
vt 0.0020 0.8038 0.0000
vt 0.0132 0.8038 0.0000
vt 0.0273 0.8165 0.0000
vt 0.0273 0.8038 0.0000
vt 0.0413 0.8165 0.0000
vt 0.0413 0.8038 0.0000
vt 0.0525 0.8165 0.0000
vt 0.0525 0.8038 0.0000
vt 0.9715 0.3248 0.0000
vt 0.9841 0.3248 0.0000
vt 0.9841 0.3370 0.0000
vt 0.9715 0.3370 0.0000
vt 0.9576 0.3248 0.0000
vt 0.9576 0.3370 0.0000
vt 0.9450 0.3248 0.0000
vt 0.9450 0.3370 0.0000
vt 0.8240 0.4256 0.0000
vt 0.8367 0.4256 0.0000
vt 0.9249 0.5392 0.0000
vt 0.9249 0.4710 0.0000
vt 0.9300 0.4723 0.0000
vt 0.9300 0.5379 0.0000
vt 0.9456 0.5392 0.0000
vt 0.9405 0.5379 0.0000
vt 0.9456 0.4710 0.0000
vt 0.9405 0.4723 0.0000
vt 0.7751 0.9343 0.0000
vt 0.7080 0.9343 0.0000
vt 0.7080 0.8896 0.0000
vt 0.7751 0.8896 0.0000
vt 0.1886 0.5730 0.0000
vt 0.1886 0.5668 0.0000
vt 0.2333 0.5668 0.0000
vt 0.2333 0.5730 0.0000
vt 0.2340 0.7243 0.0000
vt 0.2340 0.7181 0.0000
vt 0.2787 0.7181 0.0000
vt 0.2787 0.7243 0.0000
vt 0.6994 0.9242 0.0000
vt 0.6324 0.9242 0.0000
vt 0.6324 0.8795 0.0000
vt 0.6994 0.8795 0.0000
vt 0.7697 0.6831 0.0000
vt 0.7697 0.6934 0.0000
vt 0.7697 0.6728 0.0000
vt 0.9639 0.9413 0.0000
vt 0.9602 0.9323 0.0000
vt 0.9732 0.9249 0.0000
vt 0.9784 0.9373 0.0000
vt 0.9097 0.8542 0.0000
vt 0.9097 0.8447 0.0000
vt 0.9097 0.8647 0.0000
vt 0.9097 0.8742 0.0000
vt 0.9853 0.4075 0.0000
vt 0.9852 0.4172 0.0000
vt 0.9703 0.4189 0.0000
vt 0.9704 0.4054 0.0000
vt 0.7083 0.4923 0.0000
vt 0.6981 0.4923 0.0000
vt 0.7186 0.4923 0.0000
vt 0.9703 0.9639 0.0000
vt 0.9793 0.9602 0.0000
vt 0.9867 0.9732 0.0000
vt 0.9743 0.9784 0.0000
vt 0.8647 0.8038 0.0000
vt 0.8741 0.8038 0.0000
vt 0.8542 0.8038 0.0000
vt 0.8447 0.8038 0.0000
vt 0.9565 0.2944 0.0000
vt 0.9467 0.2943 0.0000
vt 0.9450 0.2794 0.0000
vt 0.9585 0.2795 0.0000
vt 0.9501 0.5392 0.0000
vt 0.9501 0.4710 0.0000
vt 0.9617 0.4710 0.0000
vt 0.9617 0.5392 0.0000
vt 0.6524 0.6369 0.0000
vt 0.5842 0.6369 0.0000
vt 0.5842 0.6356 0.0000
vt 0.6524 0.6356 0.0000
vt 0.4464 0.9920 0.0000
vt 0.4256 0.9920 0.0000
vt 0.4256 0.9803 0.0000
vt 0.4464 0.9803 0.0000
vt 0.2938 0.7947 0.0000
vt 0.2730 0.7947 0.0000
vt 0.2730 0.7935 0.0000
vt 0.2938 0.7935 0.0000
vt 0.3164 0.6310 0.0000
vt 0.3164 0.6102 0.0000
vt 0.3281 0.6102 0.0000
vt 0.3281 0.6310 0.0000
vt 0.8846 0.5684 0.0000
vt 0.8638 0.5684 0.0000
vt 0.8638 0.5671 0.0000
vt 0.8846 0.5671 0.0000
vt 0.9501 0.4585 0.0000
vt 0.9501 0.3903 0.0000
vt 0.9617 0.3903 0.0000
vt 0.9617 0.4585 0.0000
vt 0.1886 0.3627 0.0000
vt 0.1886 0.2945 0.0000
vt 0.1899 0.2945 0.0000
vt 0.1899 0.3627 0.0000
vt 0.3924 0.9221 0.0000
vt 0.3253 0.9221 0.0000
vt 0.3248 0.9148 0.0000
vt 0.3929 0.9148 0.0000
vt 0.3924 0.9283 0.0000
vt 0.3929 0.9356 0.0000
vt 0.3253 0.9283 0.0000
vt 0.3248 0.9356 0.0000
vt 0.7203 0.6834 0.0000
vt 0.7203 0.7504 0.0000
vt 0.7131 0.7510 0.0000
vt 0.7131 0.6828 0.0000
vt 0.7265 0.6834 0.0000
vt 0.7338 0.6828 0.0000
vt 0.7265 0.7504 0.0000
vt 0.7338 0.7510 0.0000
vt 0.2883 0.7440 0.0000
vt 0.3033 0.7474 0.0000
vt 0.3018 0.7507 0.0000
vt 0.2883 0.7476 0.0000
vt 0.2733 0.7474 0.0000
vt 0.2749 0.7507 0.0000
vt 0.2612 0.7571 0.0000
vt 0.2641 0.7593 0.0000
vt 0.2546 0.7709 0.0000
vt 0.2581 0.7717 0.0000
vt 0.2546 0.7863 0.0000
vt 0.2581 0.7855 0.0000
vt 0.2612 0.8002 0.0000
vt 0.2641 0.7980 0.0000
vt 0.2733 0.8098 0.0000
vt 0.2749 0.8066 0.0000
vt 0.2883 0.8133 0.0000
vt 0.2883 0.8097 0.0000
vt 0.3033 0.8098 0.0000
vt 0.3018 0.8066 0.0000
vt 0.3154 0.8002 0.0000
vt 0.3125 0.7980 0.0000
vt 0.3220 0.7863 0.0000
vt 0.3185 0.7855 0.0000
vt 0.3220 0.7709 0.0000
vt 0.3185 0.7717 0.0000
vt 0.3154 0.7571 0.0000
vt 0.3125 0.7593 0.0000
vt 0.2883 0.7376 0.0000
vt 0.3061 0.7417 0.0000
vt 0.2705 0.7417 0.0000
vt 0.2563 0.7531 0.0000
vt 0.2484 0.7695 0.0000
vt 0.2484 0.7878 0.0000
vt 0.2563 0.8042 0.0000
vt 0.2705 0.8156 0.0000
vt 0.2883 0.8196 0.0000
vt 0.3061 0.8156 0.0000
vt 0.3203 0.8042 0.0000
vt 0.3282 0.7878 0.0000
vt 0.3282 0.7695 0.0000
vt 0.3203 0.7531 0.0000
vt 0.2883 0.7332 0.0000
vt 0.3080 0.7377 0.0000
vt 0.2686 0.7377 0.0000
vt 0.2528 0.7503 0.0000
vt 0.2441 0.7685 0.0000
vt 0.2441 0.7887 0.0000
vt 0.2528 0.8070 0.0000
vt 0.2686 0.8196 0.0000
vt 0.2883 0.8241 0.0000
vt 0.3080 0.8196 0.0000
vt 0.3238 0.8070 0.0000
vt 0.3325 0.7887 0.0000
vt 0.3325 0.7685 0.0000
vt 0.3238 0.7503 0.0000
vt 0.1835 0.3157 0.0000
vt 0.1735 0.3262 0.0000
vt 0.1734 0.3160 0.0000
vt 0.1831 0.3361 0.0000
vt 0.1734 0.3470 0.0000
vt 0.1733 0.3366 0.0000
vt 0.1833 0.3562 0.0000
vt 0.1735 0.3671 0.0000
vt 0.1733 0.3572 0.0000
vt 0.1837 0.3765 0.0000
vt 0.1736 0.3869 0.0000
vt 0.1736 0.3770 0.0000
vt 0.1834 0.3971 0.0000
vt 0.1734 0.4077 0.0000
vt 0.1734 0.3972 0.0000
vt 0.1831 0.4175 0.0000
vt 0.1734 0.4284 0.0000
vt 0.1733 0.4182 0.0000
vt 0.1833 0.4376 0.0000
vt 0.1734 0.4482 0.0000
vt 0.1733 0.4384 0.0000
vt 0.1834 0.4581 0.0000
vt 0.1732 0.4685 0.0000
vt 0.1733 0.4583 0.0000
vt 0.1829 0.4787 0.0000
vt 0.1731 0.4895 0.0000
vt 0.1730 0.4790 0.0000
vt 0.1831 0.4989 0.0000
vt 0.1733 0.5098 0.0000
vt 0.1731 0.4998 0.0000
vt 0.1835 0.5194 0.0000
vt 0.1733 0.5298 0.0000
vt 0.1733 0.5198 0.0000
vt 0.1835 0.5402 0.0000
vt 0.1738 0.5507 0.0000
vt 0.1733 0.5403 0.0000
vt 0.1831 0.5611 0.0000
vt 0.1733 0.5720 0.0000
vt 0.1732 0.5613 0.0000
vt 0.1836 0.2954 0.0000
vt 0.1734 0.3056 0.0000
vt 0.1731 0.2948 0.0000
vt 0.7976 0.4805 0.0000
vt 0.8153 0.4845 0.0000
vt 0.8126 0.4902 0.0000
vt 0.7976 0.4868 0.0000
vt 0.7798 0.4845 0.0000
vt 0.7826 0.4902 0.0000
vt 0.7656 0.4959 0.0000
vt 0.7706 0.4998 0.0000
vt 0.7577 0.5123 0.0000
vt 0.7639 0.5137 0.0000
vt 0.7577 0.5305 0.0000
vt 0.7639 0.5291 0.0000
vt 0.7656 0.5469 0.0000
vt 0.7706 0.5429 0.0000
vt 0.7798 0.5583 0.0000
vt 0.7826 0.5525 0.0000
vt 0.7976 0.5623 0.0000
vt 0.7976 0.5560 0.0000
vt 0.8153 0.5583 0.0000
vt 0.8126 0.5525 0.0000
vt 0.8296 0.5469 0.0000
vt 0.8246 0.5429 0.0000
vt 0.8375 0.5305 0.0000
vt 0.8313 0.5291 0.0000
vt 0.8375 0.5123 0.0000
vt 0.8313 0.5137 0.0000
vt 0.8296 0.4959 0.0000
vt 0.8246 0.4998 0.0000
vt 0.7976 0.4760 0.0000
vt 0.8172 0.4805 0.0000
vt 0.7779 0.4805 0.0000
vt 0.7622 0.4931 0.0000
vt 0.7534 0.5113 0.0000
vt 0.7534 0.5315 0.0000
vt 0.7622 0.5497 0.0000
vt 0.7779 0.5622 0.0000
vt 0.7976 0.5667 0.0000
vt 0.8172 0.5622 0.0000
vt 0.8330 0.5497 0.0000
vt 0.8417 0.5315 0.0000
vt 0.8417 0.5113 0.0000
vt 0.8330 0.4931 0.0000
vt 0.0582 0.4999 0.0000
vt 0.0683 0.4895 0.0000
vt 0.0684 0.4996 0.0000
vt 0.0586 0.4793 0.0000
vt 0.0684 0.4685 0.0000
vt 0.0686 0.4790 0.0000
vt 0.0586 0.4591 0.0000
vt 0.0684 0.4482 0.0000
vt 0.0685 0.4582 0.0000
vt 0.0583 0.4388 0.0000
vt 0.0686 0.4285 0.0000
vt 0.0684 0.4383 0.0000
vt 0.0587 0.4182 0.0000
vt 0.0687 0.4077 0.0000
vt 0.0688 0.4182 0.0000
vt 0.0590 0.3978 0.0000
vt 0.0687 0.3869 0.0000
vt 0.0688 0.3972 0.0000
vt 0.0588 0.3777 0.0000
vt 0.0686 0.3669 0.0000
vt 0.0688 0.3768 0.0000
vt 0.0585 0.3573 0.0000
vt 0.0686 0.3468 0.0000
vt 0.0686 0.3569 0.0000
vt 0.0589 0.3366 0.0000
vt 0.0687 0.3259 0.0000
vt 0.0688 0.3364 0.0000
vt 0.0589 0.3161 0.0000
vt 0.0686 0.3052 0.0000
vt 0.0688 0.3155 0.0000
vt 0.0575 0.5814 0.0000
vt 0.0684 0.5720 0.0000
vt 0.0684 0.5830 0.0000
vt 0.0582 0.5611 0.0000
vt 0.0681 0.5506 0.0000
vt 0.0686 0.5611 0.0000
vt 0.0586 0.5406 0.0000
vt 0.0684 0.5297 0.0000
vt 0.0686 0.5402 0.0000
vt 0.0584 0.5204 0.0000
vt 0.0683 0.5096 0.0000
vt 0.0685 0.5196 0.0000
vt 0.3802 0.7685 0.0000
vt 0.4801 0.7685 0.0000
vt 0.4801 0.7752 0.0000
vt 0.3802 0.7752 0.0000
vt 0.9316 0.1886 0.0000
vt 0.9316 0.2885 0.0000
vt 0.9249 0.2885 0.0000
vt 0.9249 0.1886 0.0000
vt 0.9468 0.1735 0.0000
vt 0.9468 0.2732 0.0000
vt 0.9400 0.2732 0.0000
vt 0.9400 0.1735 0.0000
vt 0.5713 0.4369 0.0000
vt 0.4709 0.4369 0.0000
vt 0.4709 0.4307 0.0000
vt 0.5713 0.4307 0.0000
vt 0.6262 0.9216 0.0000
vt 0.5265 0.9216 0.0000
vt 0.5265 0.9148 0.0000
vt 0.6262 0.9148 0.0000
vt 0.3342 0.4264 0.0000
vt 0.2339 0.4264 0.0000
vt 0.2339 0.4202 0.0000
vt 0.3342 0.4202 0.0000
vt 0.9551 0.2732 0.0000
vt 0.9551 0.1735 0.0000
vt 0.9620 0.1735 0.0000
vt 0.9620 0.2732 0.0000
vt 0.4599 0.7349 0.0000
vt 0.3601 0.7349 0.0000
vt 0.3601 0.7282 0.0000
vt 0.4599 0.7282 0.0000
vt 0.1120 0.9316 0.0000
vt 0.0121 0.9316 0.0000
vt 0.0121 0.9249 0.0000
vt 0.1120 0.9249 0.0000
vt 0.5203 0.9015 0.0000
vt 0.4206 0.9015 0.0000
vt 0.4206 0.8946 0.0000
vt 0.5203 0.8946 0.0000
vt 0.7266 0.1545 0.0000
vt 0.7266 0.0541 0.0000
vt 0.7328 0.0541 0.0000
vt 0.7328 0.1545 0.0000
vt 0.2339 0.4284 0.0000
vt 0.3342 0.4284 0.0000
vt 0.3342 0.4346 0.0000
vt 0.2339 0.4346 0.0000
vt 0.4206 0.9148 0.0000
vt 0.5203 0.9148 0.0000
vt 0.5203 0.9216 0.0000
vt 0.4206 0.9216 0.0000
vt 0.6626 0.4508 0.0000
vt 0.7625 0.4508 0.0000
vt 0.7625 0.4575 0.0000
vt 0.6626 0.4575 0.0000
vt 0.6391 0.4660 0.0000
vt 0.6391 0.5659 0.0000
vt 0.6324 0.5659 0.0000
vt 0.6324 0.4660 0.0000
vt 0.5971 0.9350 0.0000
vt 0.6968 0.9350 0.0000
vt 0.6968 0.9418 0.0000
vt 0.5971 0.9418 0.0000
vt 0.3342 0.4428 0.0000
vt 0.2339 0.4428 0.0000
vt 0.2339 0.4365 0.0000
vt 0.3342 0.4365 0.0000
vt 0.5203 0.8813 0.0000
vt 0.4206 0.8813 0.0000
vt 0.4206 0.8744 0.0000
vt 0.5203 0.8744 0.0000
vt 0.7246 0.0541 0.0000
vt 0.7246 0.1545 0.0000
vt 0.7184 0.1545 0.0000
vt 0.7184 0.0541 0.0000
vt 0.6262 0.9015 0.0000
vt 0.5265 0.9015 0.0000
vt 0.5265 0.8946 0.0000
vt 0.6262 0.8946 0.0000
vt 0.9097 0.2885 0.0000
vt 0.9097 0.1886 0.0000
vt 0.9164 0.1886 0.0000
vt 0.9164 0.2885 0.0000
vt 0.4458 0.6112 0.0000
vt 0.4458 0.5113 0.0000
vt 0.4525 0.5113 0.0000
vt 0.4525 0.6112 0.0000
vt 0.6968 0.9822 0.0000
vt 0.5971 0.9822 0.0000
vt 0.5971 0.9753 0.0000
vt 0.6968 0.9753 0.0000
vt 0.1230 0.5870 0.0000
vt 0.2234 0.5870 0.0000
vt 0.2234 0.5932 0.0000
vt 0.1230 0.5932 0.0000
vt 0.0704 0.7533 0.0000
vt 0.1708 0.7533 0.0000
vt 0.1708 0.7596 0.0000
vt 0.0704 0.7596 0.0000
vt 0.6968 0.9620 0.0000
vt 0.5971 0.9620 0.0000
vt 0.5971 0.9551 0.0000
vt 0.6968 0.9551 0.0000
vt 0.0705 0.4914 0.0000
vt 0.0705 0.4979 0.0000
vt 0.1710 0.4916 0.0000
vt 0.1711 0.4982 0.0000
vt 0.0706 0.4704 0.0000
vt 0.0706 0.4771 0.0000
vt 0.1711 0.4704 0.0000
vt 0.1710 0.4772 0.0000
vt 0.0706 0.4498 0.0000
vt 0.0706 0.4564 0.0000
vt 0.1712 0.4501 0.0000
vt 0.1712 0.4566 0.0000
vt 0.0707 0.4303 0.0000
vt 0.0706 0.4368 0.0000
vt 0.1713 0.4304 0.0000
vt 0.1712 0.4369 0.0000
vt 0.0708 0.4096 0.0000
vt 0.0708 0.4163 0.0000
vt 0.1713 0.4096 0.0000
vt 0.1713 0.4164 0.0000
vt 0.0709 0.3886 0.0000
vt 0.0709 0.3953 0.0000
vt 0.1714 0.3886 0.0000
vt 0.1713 0.3953 0.0000
vt 0.0708 0.3686 0.0000
vt 0.0709 0.3751 0.0000
vt 0.1714 0.3688 0.0000
vt 0.1714 0.3753 0.0000
vt 0.0708 0.3487 0.0000
vt 0.0707 0.3553 0.0000
vt 0.1713 0.3488 0.0000
vt 0.1713 0.3555 0.0000
vt 0.0708 0.3278 0.0000
vt 0.0708 0.3345 0.0000
vt 0.1714 0.3280 0.0000
vt 0.1713 0.3347 0.0000
vt 0.0707 0.3070 0.0000
vt 0.0708 0.3137 0.0000
vt 0.1713 0.3075 0.0000
vt 0.1713 0.3142 0.0000
vt 0.0705 0.5741 0.0000
vt 0.0706 0.5809 0.0000
vt 0.1711 0.5741 0.0000
vt 0.1714 0.5809 0.0000
vt 0.1737 0.5829 0.0000
vt 0.0705 0.5315 0.0000
vt 0.0706 0.5382 0.0000
vt 0.1711 0.5315 0.0000
vt 0.1712 0.5383 0.0000
vt 0.0705 0.5113 0.0000
vt 0.0706 0.5178 0.0000
vt 0.1711 0.5117 0.0000
vt 0.1712 0.5182 0.0000
vt 0.0706 0.4810 0.0000
vt 0.0705 0.4877 0.0000
vt 0.1710 0.4811 0.0000
vt 0.1710 0.4878 0.0000
vt 0.0706 0.4599 0.0000
vt 0.0706 0.4666 0.0000
vt 0.1711 0.4601 0.0000
vt 0.1711 0.4667 0.0000
vt 0.0706 0.4400 0.0000
vt 0.0706 0.4465 0.0000
vt 0.1711 0.4404 0.0000
vt 0.1712 0.4468 0.0000
vt 0.0708 0.4201 0.0000
vt 0.0707 0.4267 0.0000
vt 0.1713 0.4201 0.0000
vt 0.1713 0.4267 0.0000
vt 0.0709 0.3991 0.0000
vt 0.0709 0.4058 0.0000
vt 0.1713 0.3991 0.0000
vt 0.1713 0.4058 0.0000
vt 0.0709 0.3785 0.0000
vt 0.0709 0.3851 0.0000
vt 0.1714 0.3786 0.0000
vt 0.1714 0.3851 0.0000
vt 0.0707 0.3587 0.0000
vt 0.0708 0.3653 0.0000
vt 0.1713 0.3590 0.0000
vt 0.1714 0.3655 0.0000
vt 0.0708 0.3383 0.0000
vt 0.0708 0.3450 0.0000
vt 0.1713 0.3385 0.0000
vt 0.1713 0.3452 0.0000
vt 0.0708 0.3173 0.0000
vt 0.0708 0.3240 0.0000
vt 0.1713 0.3177 0.0000
vt 0.1714 0.3243 0.0000
vt 0.0705 0.2965 0.0000
vt 0.0707 0.3033 0.0000
vt 0.0682 0.2945 0.0000
vt 0.1710 0.2970 0.0000
vt 0.1713 0.3038 0.0000
vt 0.0706 0.5632 0.0000
vt 0.0706 0.5700 0.0000
vt 0.1712 0.5632 0.0000
vt 0.1711 0.5701 0.0000
vt 0.0706 0.5213 0.0000
vt 0.0705 0.5279 0.0000
vt 0.1712 0.5212 0.0000
vt 0.1711 0.5277 0.0000
vt 0.0705 0.5014 0.0000
vt 0.0705 0.5080 0.0000
vt 0.1710 0.5018 0.0000
vt 0.1712 0.5083 0.0000
vt 0.0650 0.7674 0.0000
vt 0.0649 0.7606 0.0000
vt 0.0663 0.7606 0.0000
vt 0.0664 0.7674 0.0000
vt 0.0121 0.9602 0.0000
vt 0.1119 0.9602 0.0000
vt 0.1119 0.9616 0.0000
vt 0.0121 0.9616 0.0000
vt 0.4357 0.7953 0.0000
vt 0.4421 0.7983 0.0000
vt 0.4354 0.7968 0.0000
vt 0.4660 0.9904 0.0000
vt 0.5657 0.9904 0.0000
vt 0.5657 0.9919 0.0000
vt 0.4660 0.9919 0.0000
vt 0.4447 0.7953 0.0000
vt 0.4513 0.7969 0.0000
vt 0.4510 0.7983 0.0000
vt 0.4443 0.7968 0.0000
vt 0.2794 0.8795 0.0000
vt 0.3791 0.8795 0.0000
vt 0.3791 0.8809 0.0000
vt 0.2794 0.8809 0.0000
vt 0.6476 0.3266 0.0000
vt 0.6490 0.3197 0.0000
vt 0.6491 0.3266 0.0000
vt 0.1735 0.9703 0.0000
vt 0.2732 0.9703 0.0000
vt 0.2732 0.9717 0.0000
vt 0.1735 0.9717 0.0000
vt 0.5893 0.4166 0.0000
vt 0.5825 0.4175 0.0000
vt 0.5823 0.4161 0.0000
vt 0.5891 0.4152 0.0000
vt 0.0776 0.2894 0.0000
vt 0.1777 0.2894 0.0000
vt 0.1777 0.2906 0.0000
vt 0.0776 0.2906 0.0000
vt 0.8460 0.0186 0.0000
vt 0.8391 0.0174 0.0000
vt 0.8460 0.0171 0.0000
vt 0.5769 0.6828 0.0000
vt 0.6766 0.6828 0.0000
vt 0.6766 0.6843 0.0000
vt 0.5769 0.6843 0.0000
vt 0.2762 0.5279 0.0000
vt 0.2693 0.5281 0.0000
vt 0.2693 0.5267 0.0000
vt 0.2761 0.5265 0.0000
vt 0.8556 0.1936 0.0000
vt 0.8556 0.2935 0.0000
vt 0.8543 0.2935 0.0000
vt 0.8543 0.1936 0.0000
vt 0.0291 0.6287 0.0000
vt 0.0227 0.6311 0.0000
vt 0.0222 0.6297 0.0000
vt 0.0286 0.6273 0.0000
vt 0.9818 0.1583 0.0000
vt 0.9818 0.2581 0.0000
vt 0.9803 0.2581 0.0000
vt 0.9803 0.1583 0.0000
vt 0.7080 0.5013 0.0000
vt 0.7149 0.5013 0.0000
vt 0.7149 0.5027 0.0000
vt 0.7080 0.5027 0.0000
vt 0.5769 0.7433 0.0000
vt 0.6766 0.7433 0.0000
vt 0.6766 0.7448 0.0000
vt 0.5769 0.7448 0.0000
vt 0.5384 0.6792 0.0000
vt 0.5315 0.6792 0.0000
vt 0.5315 0.6778 0.0000
vt 0.5384 0.6778 0.0000
vt 0.5769 0.7937 0.0000
vt 0.6766 0.7937 0.0000
vt 0.6766 0.7952 0.0000
vt 0.5769 0.7952 0.0000
vt 0.4578 0.3060 0.0000
vt 0.4513 0.3083 0.0000
vt 0.4508 0.3070 0.0000
vt 0.4573 0.3046 0.0000
vt 0.5769 0.7231 0.0000
vt 0.6766 0.7231 0.0000
vt 0.6766 0.7246 0.0000
vt 0.5769 0.7246 0.0000
vt 0.2913 0.7246 0.0000
vt 0.2845 0.7248 0.0000
vt 0.2844 0.7234 0.0000
vt 0.2913 0.7231 0.0000
vt 0.5769 0.7837 0.0000
vt 0.6766 0.7837 0.0000
vt 0.6766 0.7851 0.0000
vt 0.5769 0.7851 0.0000
vt 0.3611 0.9258 0.0000
vt 0.3543 0.9261 0.0000
vt 0.3542 0.9246 0.0000
vt 0.3610 0.9243 0.0000
vt 0.5769 0.7332 0.0000
vt 0.6766 0.7332 0.0000
vt 0.6766 0.7347 0.0000
vt 0.5769 0.7347 0.0000
vt 0.8100 0.3938 0.0000
vt 0.8109 0.4006 0.0000
vt 0.8094 0.4008 0.0000
vt 0.8085 0.3940 0.0000
vt 0.5257 0.6789 0.0000
vt 0.4256 0.6789 0.0000
vt 0.4256 0.6778 0.0000
vt 0.5257 0.6778 0.0000
vt 0.1400 0.8255 0.0000
vt 0.1331 0.8256 0.0000
vt 0.1331 0.8241 0.0000
vt 0.1400 0.8240 0.0000
vt 0.2631 0.9818 0.0000
vt 0.1634 0.9818 0.0000
vt 0.1634 0.9803 0.0000
vt 0.2631 0.9803 0.0000
vt 0.7177 0.5285 0.0000
vt 0.7192 0.5218 0.0000
vt 0.7206 0.5221 0.0000
vt 0.7191 0.5288 0.0000
vt 0.1119 0.9818 0.0000
vt 0.0121 0.9818 0.0000
vt 0.0121 0.9803 0.0000
vt 0.1119 0.9803 0.0000
vt 0.2353 0.9445 0.0000
vt 0.2286 0.9430 0.0000
vt 0.2289 0.9416 0.0000
vt 0.2356 0.9431 0.0000
vt 0.2732 0.9616 0.0000
vt 0.1735 0.9616 0.0000
vt 0.1735 0.9602 0.0000
vt 0.2732 0.9602 0.0000
vt 0.7140 0.1637 0.0000
vt 0.7139 0.1569 0.0000
vt 0.7154 0.1568 0.0000
vt 0.7155 0.1637 0.0000
vt 0.3791 0.8910 0.0000
vt 0.2794 0.8910 0.0000
vt 0.2794 0.8896 0.0000
vt 0.3791 0.8896 0.0000
vt 0.2107 0.4825 0.0000
vt 0.2039 0.4834 0.0000
vt 0.2037 0.4820 0.0000
vt 0.2105 0.4811 0.0000
vt 0.5963 0.5327 0.0000
vt 0.4962 0.5327 0.0000
vt 0.4962 0.5315 0.0000
vt 0.5963 0.5315 0.0000
vt 0.1936 0.6176 0.0000
vt 0.2005 0.6172 0.0000
vt 0.2005 0.6187 0.0000
vt 0.1937 0.6190 0.0000
vt 0.6335 0.2289 0.0000
vt 0.6335 0.3290 0.0000
vt 0.6324 0.3290 0.0000
vt 0.6324 0.2289 0.0000
vt 0.3894 0.6751 0.0000
vt 0.3892 0.6683 0.0000
vt 0.3907 0.6682 0.0000
vt 0.3909 0.6751 0.0000
vt 0.5315 0.8279 0.0000
vt 0.5315 0.7282 0.0000
vt 0.5330 0.7282 0.0000
vt 0.5330 0.8279 0.0000
vt 0.0575 0.8113 0.0000
vt 0.0639 0.8089 0.0000
vt 0.0644 0.8103 0.0000
vt 0.0580 0.8126 0.0000
vt 0.3591 0.8556 0.0000
vt 0.2592 0.8556 0.0000
vt 0.2592 0.8543 0.0000
vt 0.3591 0.8543 0.0000
vt 0.0597 0.7606 0.0000
vt 0.0621 0.7670 0.0000
vt 0.0607 0.7675 0.0000
vt 0.0583 0.7611 0.0000
vt 0.6867 0.6944 0.0000
vt 0.5870 0.6944 0.0000
vt 0.5870 0.6929 0.0000
vt 0.6867 0.6929 0.0000
vt 0.4310 0.7557 0.0000
vt 0.4242 0.7559 0.0000
vt 0.4241 0.7544 0.0000
vt 0.4310 0.7542 0.0000
vt 0.4599 0.7446 0.0000
vt 0.3601 0.7446 0.0000
vt 0.3601 0.7433 0.0000
vt 0.4599 0.7433 0.0000
vt 0.6122 0.3099 0.0000
vt 0.6190 0.3096 0.0000
vt 0.6191 0.3111 0.0000
vt 0.6123 0.3114 0.0000
vt 0.2723 0.6840 0.0000
vt 0.3723 0.6840 0.0000
vt 0.3723 0.6851 0.0000
vt 0.2723 0.6851 0.0000
vt 0.5912 0.4161 0.0000
vt 0.5982 0.4166 0.0000
vt 0.5914 0.4175 0.0000
vt 0.6766 0.7549 0.0000
vt 0.5769 0.7549 0.0000
vt 0.5769 0.7534 0.0000
vt 0.6766 0.7534 0.0000
vt 0.8038 0.2442 0.0000
vt 0.8107 0.2441 0.0000
vt 0.8107 0.2455 0.0000
vt 0.8039 0.2456 0.0000
vt 0.1432 0.9904 0.0000
vt 0.2430 0.9904 0.0000
vt 0.2430 0.9919 0.0000
vt 0.1432 0.9919 0.0000
vt 0.3147 0.8609 0.0000
vt 0.3210 0.8638 0.0000
vt 0.3144 0.8623 0.0000
vt 0.3147 0.9803 0.0000
vt 0.4144 0.9803 0.0000
vt 0.4144 0.9818 0.0000
vt 0.3147 0.9818 0.0000
vt 0.7157 0.5221 0.0000
vt 0.7142 0.5288 0.0000
vt 0.7128 0.5285 0.0000
vt 0.7143 0.5218 0.0000
vt 0.3147 0.9904 0.0000
vt 0.4144 0.9904 0.0000
vt 0.4144 0.9919 0.0000
vt 0.3147 0.9919 0.0000
vt 0.4055 0.5485 0.0000
vt 0.4069 0.5416 0.0000
vt 0.4070 0.5485 0.0000
vt 0.5870 0.6122 0.0000
vt 0.6868 0.6122 0.0000
vt 0.6868 0.6136 0.0000
vt 0.5870 0.6136 0.0000
vt 0.4222 0.7514 0.0000
vt 0.4154 0.7523 0.0000
vt 0.4152 0.7508 0.0000
vt 0.4220 0.7499 0.0000
vt 0.6273 0.2188 0.0000
vt 0.7274 0.2188 0.0000
vt 0.7274 0.2200 0.0000
vt 0.6273 0.2200 0.0000
vt 0.3026 0.7949 0.0000
vt 0.2957 0.7938 0.0000
vt 0.3026 0.7935 0.0000
vt 0.5532 0.7282 0.0000
vt 0.5532 0.8279 0.0000
vt 0.5517 0.8279 0.0000
vt 0.5517 0.7282 0.0000
vt 0.6443 0.3464 0.0000
vt 0.6375 0.3466 0.0000
vt 0.6374 0.3451 0.0000
vt 0.6443 0.3449 0.0000
vt 0.6766 0.8255 0.0000
vt 0.5769 0.8255 0.0000
vt 0.5769 0.8240 0.0000
vt 0.6766 0.8240 0.0000
vt 0.6751 0.1854 0.0000
vt 0.6727 0.1790 0.0000
vt 0.6741 0.1785 0.0000
vt 0.6765 0.1849 0.0000
vt 0.5229 0.7282 0.0000
vt 0.5229 0.8279 0.0000
vt 0.5214 0.8279 0.0000
vt 0.5214 0.7282 0.0000
vt 0.4779 0.5128 0.0000
vt 0.4710 0.5128 0.0000
vt 0.4710 0.5113 0.0000
vt 0.4779 0.5113 0.0000
vt 0.5431 0.7282 0.0000
vt 0.5431 0.8279 0.0000
vt 0.5416 0.8279 0.0000
vt 0.5416 0.7282 0.0000
vt 0.5769 0.5719 0.0000
vt 0.5838 0.5719 0.0000
vt 0.5838 0.5733 0.0000
vt 0.5769 0.5733 0.0000
vt 0.5870 0.7030 0.0000
vt 0.6867 0.7030 0.0000
vt 0.6867 0.7044 0.0000
vt 0.5870 0.7044 0.0000
vt 0.0644 0.5984 0.0000
vt 0.0580 0.6008 0.0000
vt 0.0575 0.5994 0.0000
vt 0.0639 0.5971 0.0000
vt 0.5769 0.7635 0.0000
vt 0.6766 0.7635 0.0000
vt 0.6766 0.7650 0.0000
vt 0.5769 0.7650 0.0000
vt 0.4407 0.4762 0.0000
vt 0.4476 0.4760 0.0000
vt 0.4476 0.4775 0.0000
vt 0.4408 0.4777 0.0000
vt 0.5870 0.7131 0.0000
vt 0.6867 0.7131 0.0000
vt 0.6867 0.7145 0.0000
vt 0.5870 0.7145 0.0000
vt 0.7229 0.7192 0.0000
vt 0.7226 0.7123 0.0000
vt 0.7241 0.7123 0.0000
vt 0.7244 0.7191 0.0000
vt 0.5769 0.8139 0.0000
vt 0.6766 0.8139 0.0000
vt 0.6766 0.8154 0.0000
vt 0.5769 0.8154 0.0000
vt 0.4311 0.7514 0.0000
vt 0.4243 0.7523 0.0000
vt 0.4241 0.7508 0.0000
vt 0.4309 0.7499 0.0000
vt 0.6013 0.5428 0.0000
vt 0.5013 0.5428 0.0000
vt 0.5013 0.5416 0.0000
vt 0.6013 0.5416 0.0000
vt 0.6796 0.4170 0.0000
vt 0.6727 0.4171 0.0000
vt 0.6727 0.4156 0.0000
vt 0.6796 0.4155 0.0000
vt 0.9868 0.0070 0.0000
vt 0.9868 0.1068 0.0000
vt 0.9854 0.1068 0.0000
vt 0.9854 0.0070 0.0000
vt 0.3236 0.8609 0.0000
vt 0.3303 0.8624 0.0000
vt 0.3300 0.8638 0.0000
vt 0.3233 0.8623 0.0000
vt 0.6489 0.4760 0.0000
vt 0.6489 0.5758 0.0000
vt 0.6475 0.5758 0.0000
vt 0.6475 0.4760 0.0000
vt 0.2443 0.9445 0.0000
vt 0.2376 0.9430 0.0000
vt 0.2379 0.9416 0.0000
vt 0.2446 0.9431 0.0000
vt 0.1119 0.9919 0.0000
vt 0.0121 0.9919 0.0000
vt 0.0121 0.9904 0.0000
vt 0.1119 0.9904 0.0000
vt 0.7140 0.1725 0.0000
vt 0.7139 0.1657 0.0000
vt 0.7154 0.1657 0.0000
vt 0.7155 0.1725 0.0000
vt 0.1119 0.9717 0.0000
vt 0.0121 0.9717 0.0000
vt 0.0121 0.9703 0.0000
vt 0.1119 0.9703 0.0000
vt 0.3837 0.6783 0.0000
vt 0.3905 0.6774 0.0000
vt 0.3907 0.6789 0.0000
vt 0.3839 0.6798 0.0000
vt 0.6766 0.8053 0.0000
vt 0.5769 0.8053 0.0000
vt 0.5769 0.8038 0.0000
vt 0.6766 0.8038 0.0000
vt 0.2592 0.2898 0.0000
vt 0.2660 0.2894 0.0000
vt 0.2661 0.2909 0.0000
vt 0.2593 0.2912 0.0000
vt 0.0031 0.6626 0.0000
vt 0.0031 0.7627 0.0000
vt 0.0020 0.7627 0.0000
vt 0.0020 0.6626 0.0000
vt 0.2459 0.5179 0.0000
vt 0.2391 0.5181 0.0000
vt 0.2390 0.5166 0.0000
vt 0.2459 0.5164 0.0000
vt 0.5618 0.8279 0.0000
vt 0.5618 0.7282 0.0000
vt 0.5632 0.7282 0.0000
vt 0.5632 0.8279 0.0000
vt 0.4068 0.3500 0.0000
vt 0.4092 0.3564 0.0000
vt 0.4078 0.3569 0.0000
vt 0.4054 0.3505 0.0000
vt 0.3591 0.8455 0.0000
vt 0.2592 0.8455 0.0000
vt 0.2592 0.8442 0.0000
vt 0.3591 0.8442 0.0000
vt 0.7280 0.1564 0.0000
vt 0.7303 0.1628 0.0000
vt 0.7290 0.1633 0.0000
vt 0.7266 0.1569 0.0000
vt 0.9703 0.2581 0.0000
vt 0.9703 0.1583 0.0000
vt 0.9717 0.1583 0.0000
vt 0.9717 0.2581 0.0000
vt 0.4221 0.7557 0.0000
vt 0.4153 0.7559 0.0000
vt 0.4152 0.7544 0.0000
vt 0.4221 0.7542 0.0000
vt 0.4801 0.7850 0.0000
vt 0.3802 0.7850 0.0000
vt 0.3802 0.7837 0.0000
vt 0.4801 0.7837 0.0000
vt 0.6324 0.3351 0.0000
vt 0.6392 0.3348 0.0000
vt 0.6393 0.3363 0.0000
vt 0.6324 0.3366 0.0000
vt 0.5063 0.5517 0.0000
vt 0.6063 0.5517 0.0000
vt 0.6063 0.5528 0.0000
vt 0.5063 0.5528 0.0000
vt 0.8165 0.3864 0.0000
vt 0.8159 0.3934 0.0000
vt 0.8151 0.3866 0.0000
vt 0.5769 0.7736 0.0000
vt 0.6766 0.7736 0.0000
vt 0.6766 0.7750 0.0000
vt 0.5769 0.7750 0.0000
vt 0.1841 0.5810 0.0000
vt 0.4424 0.7969 0.0000
vt 0.6475 0.3197 0.0000
vt 0.8392 0.0189 0.0000
vt 0.5980 0.4152 0.0000
vt 0.3214 0.8624 0.0000
vt 0.4054 0.5416 0.0000
vt 0.2958 0.7952 0.0000
vt 0.8174 0.3932 0.0000
vt 0.0580 0.2963 0.0000
vt 0.8087 0.4983 0.0000
vt 0.7976 0.4958 0.0000
vt 0.7865 0.4983 0.0000
vt 0.7776 0.5054 0.0000
vt 0.7726 0.5157 0.0000
vt 0.7726 0.5271 0.0000
vt 0.7776 0.5374 0.0000
vt 0.7865 0.5445 0.0000
vt 0.7976 0.5470 0.0000
vt 0.8087 0.5445 0.0000
vt 0.8176 0.5374 0.0000
vt 0.8225 0.5271 0.0000
vt 0.8225 0.5157 0.0000
vt 0.8176 0.5054 0.0000
vt 0.4777 0.7175 0.0000
vt 0.4777 0.7292 0.0000
vt 0.4710 0.7292 0.0000
vt 0.4710 0.7175 0.0000
vt 0.4777 0.7410 0.0000
vt 0.4710 0.7410 0.0000
vt 0.4777 0.7504 0.0000
vt 0.4710 0.7504 0.0000
vt 0.5742 0.4207 0.0000
vt 0.5847 0.4207 0.0000
vt 0.5847 0.4272 0.0000
vt 0.5742 0.4272 0.0000
vt 0.5963 0.4207 0.0000
vt 0.5963 0.4272 0.0000
vt 0.6068 0.4207 0.0000
vt 0.6068 0.4272 0.0000
vt 0.7080 0.9854 0.0000
vt 0.7175 0.9854 0.0000
vt 0.7175 0.9921 0.0000
vt 0.7080 0.9921 0.0000
vt 0.7292 0.9854 0.0000
vt 0.7292 0.9921 0.0000
vt 0.7410 0.9854 0.0000
vt 0.7410 0.9921 0.0000
vt 0.7504 0.9854 0.0000
vt 0.7504 0.9921 0.0000
vt 0.1295 0.9551 0.0000
vt 0.1295 0.9656 0.0000
vt 0.1230 0.9656 0.0000
vt 0.1230 0.9551 0.0000
vt 0.1295 0.9772 0.0000
vt 0.1230 0.9772 0.0000
vt 0.1295 0.9877 0.0000
vt 0.1230 0.9877 0.0000
vt 0.4777 0.7080 0.0000
vt 0.4710 0.7080 0.0000
vt 0.8257 0.6151 0.0000
vt 0.8243 0.6215 0.0000
vt 0.8139 0.6215 0.0000
vt 0.8164 0.6106 0.0000
vt 0.8257 0.6278 0.0000
vt 0.8164 0.6323 0.0000
vt 0.8298 0.6329 0.0000
vt 0.8233 0.6410 0.0000
vt 0.8356 0.6357 0.0000
vt 0.8333 0.6458 0.0000
vt 0.8422 0.6357 0.0000
vt 0.8445 0.6458 0.0000
vt 0.8480 0.6329 0.0000
vt 0.8545 0.6410 0.0000
vt 0.8521 0.6278 0.0000
vt 0.8614 0.6323 0.0000
vt 0.8536 0.6215 0.0000
vt 0.8639 0.6215 0.0000
vt 0.8521 0.6151 0.0000
vt 0.8614 0.6106 0.0000
vt 0.8480 0.6100 0.0000
vt 0.8545 0.6019 0.0000
vt 0.8422 0.6072 0.0000
vt 0.8445 0.5971 0.0000
vt 0.8356 0.6072 0.0000
vt 0.8333 0.5971 0.0000
vt 0.8298 0.6100 0.0000
vt 0.8233 0.6019 0.0000
vt 0.1886 0.8808 0.0000
vt 0.1886 0.8744 0.0000
vt 0.2239 0.8744 0.0000
vt 0.2239 0.8808 0.0000
vt 0.1886 0.8679 0.0000
vt 0.2239 0.8679 0.0000
vt 0.1887 0.8627 0.0000
vt 0.2239 0.8627 0.0000
vt 0.1887 0.8567 0.0000
vt 0.2239 0.8567 0.0000
vt 0.1887 0.8501 0.0000
vt 0.2239 0.8501 0.0000
vt 0.1887 0.8442 0.0000
vt 0.2239 0.8442 0.0000
vt 0.1886 0.9279 0.0000
vt 0.1886 0.9227 0.0000
vt 0.2239 0.9227 0.0000
vt 0.2239 0.9279 0.0000
vt 0.1886 0.9163 0.0000
vt 0.2239 0.9163 0.0000
vt 0.1886 0.9098 0.0000
vt 0.2239 0.9098 0.0000
vt 0.1886 0.9046 0.0000
vt 0.2239 0.9046 0.0000
vt 0.1887 0.8986 0.0000
vt 0.2239 0.8986 0.0000
vt 0.1887 0.8920 0.0000
vt 0.2239 0.8920 0.0000
vt 0.1886 0.8860 0.0000
vt 0.2239 0.8860 0.0000
vt 0.2830 0.7750 0.0000
vt 0.2824 0.7772 0.0000
vt 0.2730 0.7772 0.0000
vt 0.2745 0.7709 0.0000
vt 0.2830 0.7795 0.0000
vt 0.2745 0.7836 0.0000
vt 0.2844 0.7813 0.0000
vt 0.2785 0.7887 0.0000
vt 0.2865 0.7823 0.0000
vt 0.2844 0.7915 0.0000
vt 0.2888 0.7823 0.0000
vt 0.2909 0.7915 0.0000
vt 0.2909 0.7813 0.0000
vt 0.2968 0.7887 0.0000
vt 0.2923 0.7795 0.0000
vt 0.3009 0.7836 0.0000
vt 0.2929 0.7772 0.0000
vt 0.3023 0.7772 0.0000
vt 0.2923 0.7750 0.0000
vt 0.3009 0.7709 0.0000
vt 0.2909 0.7731 0.0000
vt 0.2968 0.7658 0.0000
vt 0.2888 0.7721 0.0000
vt 0.2909 0.7629 0.0000
vt 0.2865 0.7721 0.0000
vt 0.2844 0.7629 0.0000
vt 0.2844 0.7731 0.0000
vt 0.2785 0.7658 0.0000
vt 0.8003 0.8318 0.0000
vt 0.8003 0.8295 0.0000
vt 0.8069 0.8295 0.0000
vt 0.8069 0.8318 0.0000
vt 0.8003 0.8271 0.0000
vt 0.8069 0.8271 0.0000
vt 0.8003 0.8253 0.0000
vt 0.8069 0.8253 0.0000
vt 0.5835 0.9969 0.0000
vt 0.5814 0.9969 0.0000
vt 0.5814 0.9904 0.0000
vt 0.5835 0.9904 0.0000
vt 0.5790 0.9969 0.0000
vt 0.5790 0.9904 0.0000
vt 0.5769 0.9969 0.0000
vt 0.5769 0.9904 0.0000
vt 0.6172 0.5013 0.0000
vt 0.6196 0.5013 0.0000
vt 0.6196 0.5077 0.0000
vt 0.6172 0.5077 0.0000
vt 0.6217 0.5013 0.0000
vt 0.6217 0.5077 0.0000
vt 0.6172 0.5164 0.0000
vt 0.6196 0.5164 0.0000
vt 0.6196 0.5229 0.0000
vt 0.6172 0.5229 0.0000
vt 0.6217 0.5164 0.0000
vt 0.6217 0.5229 0.0000
vt 0.6626 0.9904 0.0000
vt 0.6648 0.9904 0.0000
vt 0.6648 0.9969 0.0000
vt 0.6626 0.9969 0.0000
vt 0.6671 0.9904 0.0000
vt 0.6671 0.9969 0.0000
vt 0.6692 0.9904 0.0000
vt 0.6692 0.9969 0.0000
vt 0.8003 0.8337 0.0000
vt 0.8069 0.8337 0.0000
vt 0.4912 0.7887 0.0000
vt 0.4935 0.7892 0.0000
vt 0.4912 0.7939 0.0000
vt 0.4889 0.7892 0.0000
vt 0.4871 0.7907 0.0000
vt 0.4861 0.7928 0.0000
vt 0.4861 0.7951 0.0000
vt 0.4871 0.7972 0.0000
vt 0.4889 0.7986 0.0000
vt 0.4912 0.7991 0.0000
vt 0.4935 0.7986 0.0000
vt 0.4953 0.7972 0.0000
vt 0.4963 0.7951 0.0000
vt 0.4963 0.7928 0.0000
vt 0.4953 0.7907 0.0000
vt 0.1116 0.7117 0.0000
vt 0.1116 0.7111 0.0000
vt 0.1179 0.7111 0.0000
vt 0.1179 0.7117 0.0000
vt 0.2296 0.8492 0.0000
vt 0.2296 0.8555 0.0000
vt 0.2289 0.8555 0.0000
vt 0.2289 0.8492 0.0000
vt 0.8454 0.6216 0.0000
vt 0.8454 0.6153 0.0000
vt 0.8457 0.6153 0.0000
vt 0.8457 0.6216 0.0000
vt 0.2868 0.7770 0.0000
vt 0.2868 0.7764 0.0000
vt 0.2870 0.7764 0.0000
vt 0.2870 0.7770 0.0000
vt 0.8091 0.8253 0.0000
vt 0.8091 0.8316 0.0000
vt 0.8088 0.8316 0.0000
vt 0.8088 0.8253 0.0000
vt 0.8326 0.6276 0.0000
vt 0.8333 0.6276 0.0000
vt 0.8333 0.6279 0.0000
vt 0.8326 0.6279 0.0000
vt 0.9478 0.8412 0.0000
vt 0.9450 0.8190 0.0000
vt 0.9565 0.8323 0.0000
vt 0.2816 0.9315 0.0000
vt 0.2803 0.9097 0.0000
vt 0.2907 0.9222 0.0000
vt 0.2870 0.9913 0.0000
vt 0.2642 0.9944 0.0000
vt 0.2779 0.9826 0.0000
vt 0.9813 0.2872 0.0000
vt 0.9843 0.3100 0.0000
vt 0.9725 0.2963 0.0000
vt 0.9518 0.8578 0.0000
vt 0.9540 0.8798 0.0000
vt 0.9430 0.8669 0.0000
vt 0.9428 0.6304 0.0000
vt 0.9655 0.6273 0.0000
vt 0.9519 0.6391 0.0000
vt 0.9808 0.8958 0.0000
vt 0.9652 0.9128 0.0000
vt 0.9670 0.8958 0.0000
vt 0.5498 0.5933 0.0000
vt 0.5265 0.5962 0.0000
vt 0.5404 0.5842 0.0000
vt 0.9514 0.7919 0.0000
vt 0.9542 0.8142 0.0000
vt 0.9428 0.8009 0.0000
vt 0.9318 0.7976 0.0000
vt 0.9331 0.8194 0.0000
vt 0.9228 0.8070 0.0000
vt 0.3197 0.8214 0.0000
vt 0.3336 0.8038 0.0000
vt 0.3320 0.8214 0.0000
vt 0.6139 0.5895 0.0000
vt 0.6380 0.5870 0.0000
vt 0.6239 0.5991 0.0000
vt 0.8518 0.8451 0.0000
vt 0.8290 0.8481 0.0000
vt 0.8427 0.8364 0.0000
vt 0.9524 0.5837 0.0000
vt 0.9501 0.5618 0.0000
vt 0.9611 0.5747 0.0000
vt 0.8616 0.0389 0.0000
vt 0.8616 0.0171 0.0000
vt 0.8712 0.0289 0.0000
vt 0.0183 0.7736 0.0000
vt 0.0353 0.7892 0.0000
vt 0.0183 0.7873 0.0000
vt 0.8272 0.5882 0.0000
vt 0.8038 0.5911 0.0000
vt 0.8178 0.5792 0.0000
vt 0.2936 0.9455 0.0000
vt 0.6677 0.2723 0.0000
vt 0.6695 0.2553 0.0000
vt 0.6833 0.2553 0.0000
vt 0.9703 0.2743 0.0000
vt 0.9400 0.8442 0.0000
vt 0.9299 0.6414 0.0000
vt 0.2037 0.3388 0.0000
vt 0.2053 0.3212 0.0000
vt 0.2177 0.3212 0.0000
vt 0.5622 0.5829 0.0000
vt 0.9400 0.7786 0.0000
vt 0.9198 0.7837 0.0000
vt 0.7030 0.8694 0.0000
vt 0.7200 0.8712 0.0000
vt 0.7200 0.8850 0.0000
vt 0.6021 0.5991 0.0000
vt 0.8647 0.8341 0.0000
vt 0.9641 0.5974 0.0000
vt 0.8736 0.0531 0.0000
vt 0.2491 0.5456 0.0000
vt 0.2507 0.5280 0.0000
vt 0.2630 0.5280 0.0000
vt 0.8396 0.5778 0.0000
vt 0.9593 0.8546 0.0000
vt 0.2999 0.9804 0.0000
vt 0.3550 0.2995 0.0000
vt 0.3726 0.3012 0.0000
vt 0.3726 0.3135 0.0000
vt 0.9455 0.8413 0.0000
vt 0.2794 0.9317 0.0000
vt 0.6677 0.2541 0.0000
vt 0.2870 0.9937 0.0000
vt 0.9836 0.2872 0.0000
vt 0.9540 0.8577 0.0000
vt 0.9428 0.6280 0.0000
vt 0.2037 0.3197 0.0000
vt 0.5499 0.5957 0.0000
vt 0.9537 0.7919 0.0000
vt 0.9341 0.7974 0.0000
vt 0.7212 0.8694 0.0000
vt 0.6138 0.5870 0.0000
vt 0.8518 0.8474 0.0000
vt 0.9501 0.5838 0.0000
vt 0.8593 0.0392 0.0000
vt 0.2491 0.5265 0.0000
vt 0.8272 0.5906 0.0000
vt 0.9588 0.8322 0.0000
vt 0.2931 0.9221 0.0000
vt 0.3741 0.2995 0.0000
vt 0.2778 0.9803 0.0000
vt 0.9703 0.2964 0.0000
vt 0.9407 0.8669 0.0000
vt 0.9520 0.6414 0.0000
vt 0.9652 0.8946 0.0000
vt 0.5402 0.5819 0.0000
vt 0.9405 0.8010 0.0000
vt 0.9203 0.8070 0.0000
vt 0.3336 0.8229 0.0000
vt 0.6242 0.6013 0.0000
vt 0.8426 0.8341 0.0000
vt 0.9634 0.5746 0.0000
vt 0.8737 0.0288 0.0000
vt 0.0171 0.7892 0.0000
vt 0.8176 0.5769 0.0000
vt 0.1339 0.6898 0.0000
vt 0.1339 0.6921 0.0000
vt 0.1117 0.6949 0.0000
vt 0.1116 0.6926 0.0000
vt 0.9361 0.5165 0.0000
vt 0.9337 0.5167 0.0000
vt 0.9324 0.4944 0.0000
vt 0.9347 0.4941 0.0000
vt 0.0172 0.6225 0.0000
vt 0.0171 0.6202 0.0000
vt 0.0394 0.6172 0.0000
vt 0.0394 0.6195 0.0000
vt 0.7050 0.0171 0.0000
vt 0.7051 0.0194 0.0000
vt 0.6828 0.0224 0.0000
vt 0.6828 0.0201 0.0000
vt 0.3362 0.4336 0.0000
vt 0.3362 0.4313 0.0000
vt 0.3584 0.4284 0.0000
vt 0.3585 0.4307 0.0000
vt 0.8102 0.5307 0.0000
vt 0.8079 0.5307 0.0000
vt 0.8049 0.5085 0.0000
vt 0.8072 0.5085 0.0000
vt 0.8861 0.5488 0.0000
vt 0.8864 0.5511 0.0000
vt 0.8640 0.5525 0.0000
vt 0.8638 0.5502 0.0000
vt 0.8860 0.5601 0.0000
vt 0.8861 0.5624 0.0000
vt 0.8639 0.5652 0.0000
vt 0.8638 0.5629 0.0000
vt 0.1339 0.6968 0.0000
vt 0.1339 0.6991 0.0000
vt 0.1117 0.7019 0.0000
vt 0.1116 0.6996 0.0000
vt 0.8640 0.5581 0.0000
vt 0.8638 0.5558 0.0000
vt 0.8861 0.5544 0.0000
vt 0.8864 0.5567 0.0000
vt 0.7977 0.5085 0.0000
vt 0.8000 0.5085 0.0000
vt 0.8030 0.5307 0.0000
vt 0.8007 0.5307 0.0000
vt 0.6626 0.3954 0.0000
vt 0.6649 0.3954 0.0000
vt 0.6679 0.4176 0.0000
vt 0.6656 0.4176 0.0000
vt 0.6628 0.2764 0.0000
vt 0.6606 0.2764 0.0000
vt 0.6576 0.2542 0.0000
vt 0.6599 0.2541 0.0000
vt 0.6578 0.4024 0.0000
vt 0.6555 0.4025 0.0000
vt 0.6525 0.3803 0.0000
vt 0.6548 0.3802 0.0000
vt 0.4660 0.2947 0.0000
vt 0.4660 0.2924 0.0000
vt 0.4882 0.2894 0.0000
vt 0.4882 0.2917 0.0000
vt 0.7887 0.5308 0.0000
vt 0.7864 0.5310 0.0000
vt 0.7850 0.5087 0.0000
vt 0.7873 0.5085 0.0000
vt 0.7957 0.5307 0.0000
vt 0.7935 0.5308 0.0000
vt 0.7907 0.5085 0.0000
vt 0.7929 0.5085 0.0000
vt 0.1339 0.7039 0.0000
vt 0.1339 0.7062 0.0000
vt 0.1117 0.7091 0.0000
vt 0.1116 0.7068 0.0000
vt 0.9278 0.5517 0.0000
vt 0.9465 0.5550 0.0000
vt 0.9385 0.6003 0.0000
vt 0.9198 0.5970 0.0000
vt 0.7002 0.2397 0.0000
vt 0.7001 0.2420 0.0000
vt 0.6576 0.2413 0.0000
vt 0.6576 0.2390 0.0000
vt 0.8700 0.7534 0.0000
vt 0.8706 0.7724 0.0000
vt 0.8247 0.7740 0.0000
vt 0.8240 0.7550 0.0000
vt 0.6497 0.9957 0.0000
vt 0.6494 0.9980 0.0000
vt 0.6072 0.9927 0.0000
vt 0.6074 0.9904 0.0000
vt 0.9362 0.9695 0.0000
vt 0.9154 0.9777 0.0000
vt 0.8997 0.9382 0.0000
vt 0.9205 0.9299 0.0000
vt 0.5322 0.8659 0.0000
vt 0.5322 0.8642 0.0000
vt 0.5769 0.8627 0.0000
vt 0.5770 0.8644 0.0000
vt 0.5315 0.8457 0.0000
vt 0.5763 0.8442 0.0000
vt 0.3862 0.8139 0.0000
vt 0.3883 0.8148 0.0000
vt 0.3723 0.8542 0.0000
vt 0.3701 0.8533 0.0000
vt 0.7781 0.8560 0.0000
vt 0.7787 0.8745 0.0000
vt 0.7339 0.8760 0.0000
vt 0.7333 0.8575 0.0000
vt 0.7183 0.7635 0.0000
vt 0.7199 0.7641 0.0000
vt 0.7046 0.8062 0.0000
vt 0.7030 0.8056 0.0000
vt 0.7373 0.7704 0.0000
vt 0.7220 0.8125 0.0000
vt 0.7780 0.8543 0.0000
vt 0.7332 0.8558 0.0000
vt 0.9092 0.8862 0.0000
vt 0.9092 0.9047 0.0000
vt 0.8644 0.9047 0.0000
vt 0.8644 0.8862 0.0000
vt 0.9097 0.6677 0.0000
vt 0.9114 0.6677 0.0000
vt 0.9114 0.7125 0.0000
vt 0.9097 0.7125 0.0000
vt 0.9299 0.6677 0.0000
vt 0.9299 0.7125 0.0000
vt 0.9092 0.8845 0.0000
vt 0.8644 0.8845 0.0000
vt 0.9299 0.9380 0.0000
vt 0.9508 0.9299 0.0000
vt 0.9661 0.9696 0.0000
vt 0.9452 0.9777 0.0000
vt 0.2144 0.7736 0.0000
vt 0.2167 0.7736 0.0000
vt 0.2161 0.8162 0.0000
vt 0.2138 0.8161 0.0000
vt 0.9051 0.7136 0.0000
vt 0.8861 0.7143 0.0000
vt 0.8845 0.6683 0.0000
vt 0.9035 0.6677 0.0000
vt 0.2398 0.6979 0.0000
vt 0.2376 0.6986 0.0000
vt 0.2239 0.6583 0.0000
vt 0.2261 0.6576 0.0000
vt 0.4754 0.8156 0.0000
vt 0.4773 0.8340 0.0000
vt 0.4328 0.8387 0.0000
vt 0.4308 0.8203 0.0000
vt 0.3653 0.5230 0.0000
vt 0.3651 0.5207 0.0000
vt 0.4074 0.5164 0.0000
vt 0.4077 0.5187 0.0000
vt 0.4313 0.8648 0.0000
vt 0.4307 0.8458 0.0000
vt 0.4766 0.8442 0.0000
vt 0.4773 0.8632 0.0000
vt 0.4752 0.8139 0.0000
vt 0.4307 0.8186 0.0000
vt 0.9046 0.7730 0.0000
vt 0.8861 0.7737 0.0000
vt 0.8845 0.7289 0.0000
vt 0.9030 0.7282 0.0000
vt 0.4378 0.3348 0.0000
vt 0.4357 0.3339 0.0000
vt 0.4518 0.2945 0.0000
vt 0.4539 0.2954 0.0000
vt 0.8192 0.6784 0.0000
vt 0.8139 0.6602 0.0000
vt 0.8581 0.6475 0.0000
vt 0.8634 0.6658 0.0000
vt 0.9063 0.7730 0.0000
vt 0.9047 0.7282 0.0000
vt 0.8799 0.7439 0.0000
vt 0.8609 0.7446 0.0000
vt 0.8593 0.6986 0.0000
vt 0.8783 0.6979 0.0000
vt 0.5870 0.6246 0.0000
vt 0.5873 0.6223 0.0000
vt 0.6295 0.6276 0.0000
vt 0.6292 0.6298 0.0000
vt 0.9234 0.6507 0.0000
vt 0.9047 0.6474 0.0000
vt 0.9127 0.6021 0.0000
vt 0.9314 0.6054 0.0000
vt 0.5769 0.2917 0.0000
vt 0.5769 0.2894 0.0000
vt 0.6195 0.2901 0.0000
vt 0.6195 0.2924 0.0000
vt 0.8170 0.7654 0.0000
vt 0.7988 0.7622 0.0000
vt 0.8066 0.7181 0.0000
vt 0.8248 0.7213 0.0000
vt 0.6525 0.4329 0.0000
vt 0.6526 0.4307 0.0000
vt 0.6951 0.4313 0.0000
vt 0.6951 0.4336 0.0000
vt 0.8547 0.7489 0.0000
vt 0.8357 0.7496 0.0000
vt 0.8341 0.7036 0.0000
vt 0.8531 0.7030 0.0000
vt 0.8187 0.7657 0.0000
vt 0.8265 0.7216 0.0000
vt 0.8241 0.7029 0.0000
vt 0.8190 0.6851 0.0000
vt 0.8620 0.6727 0.0000
vt 0.8671 0.6905 0.0000
vt 0.7844 0.8811 0.0000
vt 0.7843 0.8794 0.0000
vt 0.8291 0.8778 0.0000
vt 0.8292 0.8795 0.0000
vt 0.7837 0.8609 0.0000
vt 0.8284 0.8593 0.0000
vt 0.8245 0.7045 0.0000
vt 0.8676 0.6921 0.0000
vt 0.6834 0.8642 0.0000
vt 0.6828 0.8457 0.0000
vt 0.7276 0.8442 0.0000
vt 0.7282 0.8627 0.0000
vt 0.3400 0.5152 0.0000
vt 0.3399 0.5129 0.0000
vt 0.3824 0.5113 0.0000
vt 0.3825 0.5136 0.0000
vt 0.7721 0.7891 0.0000
vt 0.7532 0.7910 0.0000
vt 0.7484 0.7453 0.0000
vt 0.7672 0.7433 0.0000
vt 0.6835 0.8659 0.0000
vt 0.7283 0.8644 0.0000
vt 0.9097 0.7243 0.0000
vt 0.9321 0.7231 0.0000
vt 0.9343 0.7657 0.0000
vt 0.9119 0.7668 0.0000
vt 0.7974 0.7284 0.0000
vt 0.7968 0.7300 0.0000
vt 0.7547 0.7147 0.0000
vt 0.7553 0.7131 0.0000
vt 0.7905 0.7474 0.0000
vt 0.7484 0.7321 0.0000
vt 0.5164 0.5742 0.0000
vt 0.5164 0.5719 0.0000
vt 0.5590 0.5724 0.0000
vt 0.5589 0.5747 0.0000
vt 0.9148 0.9131 0.0000
vt 0.9148 0.8946 0.0000
vt 0.9596 0.8946 0.0000
vt 0.9596 0.9131 0.0000
vt 0.9041 0.8492 0.0000
vt 0.9041 0.8509 0.0000
vt 0.8593 0.8509 0.0000
vt 0.8593 0.8492 0.0000
vt 0.9041 0.8694 0.0000
vt 0.8593 0.8694 0.0000
vt 0.9148 0.9148 0.0000
vt 0.9596 0.9148 0.0000
vt 0.8813 0.6077 0.0000
vt 0.8987 0.6141 0.0000
vt 0.8833 0.6562 0.0000
vt 0.8660 0.6499 0.0000
vt 0.5259 0.8391 0.0000
vt 0.5259 0.8408 0.0000
vt 0.4811 0.8424 0.0000
vt 0.4811 0.8407 0.0000
vt 0.5266 0.8593 0.0000
vt 0.4818 0.8609 0.0000
vt 0.8797 0.6072 0.0000
vt 0.8644 0.6493 0.0000
vt 0.8284 0.8963 0.0000
vt 0.8303 0.9147 0.0000
vt 0.7858 0.9194 0.0000
vt 0.7838 0.9010 0.0000
vt 0.5826 0.8659 0.0000
vt 0.5826 0.8642 0.0000
vt 0.6274 0.8627 0.0000
vt 0.6274 0.8644 0.0000
vt 0.5819 0.8457 0.0000
vt 0.6267 0.8442 0.0000
vt 0.8282 0.8946 0.0000
vt 0.7837 0.8993 0.0000
vt 0.8541 0.9042 0.0000
vt 0.8357 0.9048 0.0000
vt 0.8341 0.8600 0.0000
vt 0.8526 0.8594 0.0000
vt 0.9062 0.9780 0.0000
vt 0.9046 0.9785 0.0000
vt 0.8922 0.9354 0.0000
vt 0.8939 0.9350 0.0000
vt 0.8868 0.9836 0.0000
vt 0.8744 0.9405 0.0000
vt 0.8559 0.9041 0.0000
vt 0.8543 0.8593 0.0000
vt 0.8548 0.7786 0.0000
vt 0.8555 0.7976 0.0000
vt 0.8095 0.7992 0.0000
vt 0.8089 0.7802 0.0000
vt 0.8694 0.7988 0.0000
vt 0.8694 0.7971 0.0000
vt 0.9142 0.7971 0.0000
vt 0.9142 0.7988 0.0000
vt 0.8694 0.7786 0.0000
vt 0.9142 0.7786 0.0000
vt 0.2009 0.8196 0.0000
vt 0.2009 0.8219 0.0000
vt 0.1583 0.8213 0.0000
vt 0.1584 0.8190 0.0000
vt 0.7736 0.7604 0.0000
vt 0.7925 0.7584 0.0000
vt 0.7973 0.8042 0.0000
vt 0.7784 0.8062 0.0000
vt 0.6331 0.8659 0.0000
vt 0.6330 0.8642 0.0000
vt 0.6778 0.8627 0.0000
vt 0.6779 0.8644 0.0000
vt 0.6324 0.8457 0.0000
vt 0.6772 0.8442 0.0000
vt 0.0070 0.7484 0.0000
vt 0.0093 0.7484 0.0000
vt 0.0109 0.7909 0.0000
vt 0.0086 0.7910 0.0000
vt 0.3806 0.6303 0.0000
vt 0.3740 0.6482 0.0000
vt 0.3445 0.6310 0.0000
vt 0.3470 0.6242 0.0000
vt 0.3616 0.6628 0.0000
vt 0.3398 0.6365 0.0000
vt 0.3450 0.6723 0.0000
vt 0.3335 0.6401 0.0000
vt 0.3262 0.6755 0.0000
vt 0.3264 0.6413 0.0000
vt 0.3074 0.6720 0.0000
vt 0.3193 0.6400 0.0000
vt 0.2909 0.6624 0.0000
vt 0.3130 0.6364 0.0000
vt 0.2787 0.6477 0.0000
vt 0.3084 0.6308 0.0000
vt 0.2723 0.6297 0.0000
vt 0.3059 0.6240 0.0000
vt 0.2724 0.6106 0.0000
vt 0.3060 0.6167 0.0000
vt 0.2790 0.5927 0.0000
vt 0.3085 0.6099 0.0000
vt 0.2914 0.5781 0.0000
vt 0.3132 0.6044 0.0000
vt 0.3080 0.5686 0.0000
vt 0.3195 0.6008 0.0000
vt 0.3268 0.5654 0.0000
vt 0.3266 0.5996 0.0000
vt 0.3456 0.5689 0.0000
vt 0.3338 0.6009 0.0000
vt 0.3621 0.5785 0.0000
vt 0.3400 0.6045 0.0000
vt 0.3743 0.5932 0.0000
vt 0.3447 0.6101 0.0000
vt 0.3807 0.6112 0.0000
vt 0.3471 0.6169 0.0000
vt 0.9540 0.7484 0.0000
vt 0.9466 0.7484 0.0000
vt 0.9466 0.7383 0.0000
vt 0.9540 0.7383 0.0000
vt 0.9400 0.7484 0.0000
vt 0.9400 0.7383 0.0000
vt 0.9703 0.3937 0.0000
vt 0.9703 0.3880 0.0000
vt 0.9805 0.3880 0.0000
vt 0.9805 0.3937 0.0000
vt 0.9703 0.3809 0.0000
vt 0.9805 0.3809 0.0000
vt 0.9703 0.3733 0.0000
vt 0.9805 0.3733 0.0000
vt 0.9703 0.3660 0.0000
vt 0.9805 0.3660 0.0000
vt 0.9703 0.3601 0.0000
vt 0.9805 0.3601 0.0000
vt 0.2592 0.9047 0.0000
vt 0.2592 0.9111 0.0000
vt 0.2491 0.9111 0.0000
vt 0.2491 0.9047 0.0000
vt 0.2592 0.9184 0.0000
vt 0.2491 0.9184 0.0000
vt 0.2592 0.9258 0.0000
vt 0.2491 0.9258 0.0000
vt 0.2592 0.9324 0.0000
vt 0.2491 0.9324 0.0000
vt 0.9452 0.6677 0.0000
vt 0.9452 0.6734 0.0000
vt 0.9350 0.6734 0.0000
vt 0.9350 0.6677 0.0000
vt 0.9452 0.6805 0.0000
vt 0.9350 0.6805 0.0000
vt 0.9452 0.6881 0.0000
vt 0.9350 0.6881 0.0000
vt 0.9452 0.6953 0.0000
vt 0.9350 0.6953 0.0000
vt 0.9452 0.7013 0.0000
vt 0.9350 0.7013 0.0000
vt 0.9677 0.7484 0.0000
vt 0.9613 0.7484 0.0000
vt 0.9613 0.7383 0.0000
vt 0.9677 0.7383 0.0000
vt 0.7837 0.8293 0.0000
vt 0.7850 0.8222 0.0000
vt 0.7945 0.8257 0.0000
vt 0.7938 0.8294 0.0000
vt 0.7886 0.8159 0.0000
vt 0.7964 0.8225 0.0000
vt 0.7942 0.8113 0.0000
vt 0.7992 0.8201 0.0000
vt 0.8010 0.8089 0.0000
vt 0.8027 0.8189 0.0000
vt 0.8083 0.8089 0.0000
vt 0.8065 0.8189 0.0000
vt 0.8151 0.8114 0.0000
vt 0.8099 0.8202 0.0000
vt 0.8206 0.8161 0.0000
vt 0.8128 0.8226 0.0000
vt 0.8242 0.8224 0.0000
vt 0.8146 0.8258 0.0000
vt 0.8254 0.8296 0.0000
vt 0.8152 0.8295 0.0000
vt 0.8241 0.8367 0.0000
vt 0.8146 0.8332 0.0000
vt 0.8204 0.8430 0.0000
vt 0.8127 0.8364 0.0000
vt 0.8149 0.8476 0.0000
vt 0.8098 0.8388 0.0000
vt 0.8080 0.8500 0.0000
vt 0.8063 0.8400 0.0000
vt 0.8008 0.8500 0.0000
vt 0.8026 0.8400 0.0000
vt 0.7940 0.8475 0.0000
vt 0.7991 0.8387 0.0000
vt 0.7885 0.8428 0.0000
vt 0.7963 0.8363 0.0000
vt 0.7849 0.8365 0.0000
vt 0.7944 0.8331 0.0000
vt 0.3457 0.7503 0.0000
vt 0.3457 0.7540 0.0000
vt 0.3348 0.7540 0.0000
vt 0.3348 0.7503 0.0000
vt 0.3457 0.7574 0.0000
vt 0.3348 0.7574 0.0000
vt 0.8435 0.6153 0.0000
vt 0.8435 0.6191 0.0000
vt 0.8326 0.6191 0.0000
vt 0.8326 0.6153 0.0000
vt 0.8435 0.6227 0.0000
vt 0.8326 0.6227 0.0000
vt 0.8435 0.6257 0.0000
vt 0.8326 0.6257 0.0000
vt 0.2441 0.7052 0.0000
vt 0.2441 0.7015 0.0000
vt 0.2548 0.7015 0.0000
vt 0.2548 0.7052 0.0000
vt 0.2441 0.6979 0.0000
vt 0.2548 0.6979 0.0000
vt 0.7321 0.6785 0.0000
vt 0.7289 0.6785 0.0000
vt 0.7289 0.6677 0.0000
vt 0.7321 0.6677 0.0000
vt 0.7252 0.6785 0.0000
vt 0.7252 0.6677 0.0000
vt 0.7214 0.6785 0.0000
vt 0.7214 0.6677 0.0000
vt 0.7181 0.6785 0.0000
vt 0.7181 0.6677 0.0000
vt 0.7139 0.8190 0.0000
vt 0.7139 0.8218 0.0000
vt 0.7030 0.8218 0.0000
vt 0.7030 0.8190 0.0000
vt 0.7139 0.8254 0.0000
vt 0.7030 0.8254 0.0000
vt 0.7139 0.8292 0.0000
vt 0.7030 0.8292 0.0000
vt 0.7139 0.8329 0.0000
vt 0.7030 0.8329 0.0000
vt 0.7139 0.8359 0.0000
vt 0.7030 0.8359 0.0000
vt 0.3457 0.7433 0.0000
vt 0.3457 0.7465 0.0000
vt 0.3348 0.7465 0.0000
vt 0.3348 0.7433 0.0000
vt 0.8031 0.3557 0.0000
vt 0.7935 0.3722 0.0000
vt 0.7911 0.3702 0.0000
vt 0.8002 0.3546 0.0000
vt 0.8066 0.3369 0.0000
vt 0.8034 0.3369 0.0000
vt 0.8034 0.3181 0.0000
vt 0.8004 0.3192 0.0000
vt 0.7939 0.3015 0.0000
vt 0.7915 0.3035 0.0000
vt 0.7793 0.2891 0.0000
vt 0.7777 0.2918 0.0000
vt 0.7614 0.2825 0.0000
vt 0.7609 0.2856 0.0000
vt 0.7423 0.2824 0.0000
vt 0.7429 0.2855 0.0000
vt 0.7243 0.2888 0.0000
vt 0.7259 0.2915 0.0000
vt 0.7096 0.3010 0.0000
vt 0.7120 0.3030 0.0000
vt 0.7000 0.3175 0.0000
vt 0.7029 0.3186 0.0000
vt 0.6965 0.3363 0.0000
vt 0.6997 0.3363 0.0000
vt 0.6998 0.3551 0.0000
vt 0.7027 0.3541 0.0000
vt 0.7092 0.3717 0.0000
vt 0.7116 0.3697 0.0000
vt 0.7238 0.3841 0.0000
vt 0.7254 0.3814 0.0000
vt 0.7417 0.3907 0.0000
vt 0.7423 0.3876 0.0000
vt 0.7608 0.3908 0.0000
vt 0.7603 0.3877 0.0000
vt 0.7788 0.3844 0.0000
vt 0.7772 0.3817 0.0000
vt 0.6425 0.2744 0.0000
vt 0.6425 0.2557 0.0000
vt 0.6527 0.2557 0.0000
vt 0.6527 0.2744 0.0000
vt 0.6425 0.2930 0.0000
vt 0.6527 0.2930 0.0000
vt 0.6425 0.3091 0.0000
vt 0.6527 0.3091 0.0000
vt 0.7183 0.9808 0.0000
vt 0.7030 0.9808 0.0000
vt 0.7030 0.9703 0.0000
vt 0.7183 0.9703 0.0000
vt 0.7368 0.9808 0.0000
vt 0.7368 0.9703 0.0000
vt 0.7563 0.9808 0.0000
vt 0.7563 0.9703 0.0000
vt 0.7744 0.9808 0.0000
vt 0.7744 0.9703 0.0000
vt 0.7890 0.9808 0.0000
vt 0.7890 0.9703 0.0000
vt 0.9350 0.4070 0.0000
vt 0.9350 0.3903 0.0000
vt 0.9452 0.3903 0.0000
vt 0.9452 0.4070 0.0000
vt 0.9350 0.4257 0.0000
vt 0.9452 0.4257 0.0000
vt 0.9350 0.4442 0.0000
vt 0.9452 0.4442 0.0000
vt 0.9350 0.4604 0.0000
vt 0.9452 0.4604 0.0000
vt 0.7737 0.9450 0.0000
vt 0.7890 0.9450 0.0000
vt 0.7890 0.9556 0.0000
vt 0.7737 0.9556 0.0000
vt 0.7552 0.9450 0.0000
vt 0.7552 0.9556 0.0000
vt 0.7357 0.9450 0.0000
vt 0.7357 0.9556 0.0000
vt 0.7175 0.9450 0.0000
vt 0.7175 0.9556 0.0000
vt 0.7030 0.9450 0.0000
vt 0.7030 0.9556 0.0000
vt 0.6425 0.2390 0.0000
vt 0.6527 0.2390 0.0000
vt 0.1618 0.7338 0.0000
vt 0.1479 0.7453 0.0000
vt 0.1328 0.7187 0.0000
vt 0.1384 0.7140 0.0000
vt 0.1709 0.7183 0.0000
vt 0.1421 0.7076 0.0000
vt 0.1741 0.7006 0.0000
vt 0.1434 0.7004 0.0000
vt 0.1711 0.6828 0.0000
vt 0.1422 0.6931 0.0000
vt 0.1622 0.6672 0.0000
vt 0.1386 0.6868 0.0000
vt 0.1485 0.6555 0.0000
vt 0.1330 0.6820 0.0000
vt 0.1316 0.6492 0.0000
vt 0.1261 0.6795 0.0000
vt 0.1136 0.6491 0.0000
vt 0.1187 0.6794 0.0000
vt 0.0966 0.6552 0.0000
vt 0.1118 0.6819 0.0000
vt 0.0827 0.6667 0.0000
vt 0.1062 0.6866 0.0000
vt 0.0737 0.6822 0.0000
vt 0.1024 0.6929 0.0000
vt 0.0704 0.7000 0.0000
vt 0.1011 0.7001 0.0000
vt 0.0734 0.7177 0.0000
vt 0.1024 0.7074 0.0000
vt 0.0824 0.7334 0.0000
vt 0.1060 0.7138 0.0000
vt 0.0961 0.7450 0.0000
vt 0.1116 0.7185 0.0000
vt 0.1130 0.7513 0.0000
vt 0.1185 0.7211 0.0000
vt 0.1310 0.7514 0.0000
vt 0.1258 0.7211 0.0000
vt 0.2138 0.6315 0.0000
vt 0.2138 0.6240 0.0000
vt 0.2209 0.6240 0.0000
vt 0.2209 0.6315 0.0000
vt 0.2138 0.6390 0.0000
vt 0.2209 0.6390 0.0000
vt 0.2138 0.6455 0.0000
vt 0.2209 0.6455 0.0000
vt 0.5085 0.7566 0.0000
vt 0.5085 0.7627 0.0000
vt 0.5013 0.7627 0.0000
vt 0.5013 0.7566 0.0000
vt 0.5085 0.7491 0.0000
vt 0.5013 0.7491 0.0000
vt 0.5085 0.7413 0.0000
vt 0.5013 0.7413 0.0000
vt 0.5085 0.7340 0.0000
vt 0.5013 0.7340 0.0000
vt 0.5085 0.7282 0.0000
vt 0.5013 0.7282 0.0000
vt 0.2303 0.5013 0.0000
vt 0.2371 0.5013 0.0000
vt 0.2371 0.5083 0.0000
vt 0.2303 0.5083 0.0000
vt 0.2228 0.5013 0.0000
vt 0.2228 0.5083 0.0000
vt 0.2153 0.5013 0.0000
vt 0.2153 0.5083 0.0000
vt 0.2088 0.5013 0.0000
vt 0.2088 0.5083 0.0000
vt 0.8946 0.3460 0.0000
vt 0.8946 0.3399 0.0000
vt 0.9019 0.3399 0.0000
vt 0.9019 0.3460 0.0000
vt 0.8946 0.3535 0.0000
vt 0.9019 0.3535 0.0000
vt 0.8946 0.3613 0.0000
vt 0.9019 0.3613 0.0000
vt 0.8946 0.3685 0.0000
vt 0.9019 0.3685 0.0000
vt 0.8946 0.3744 0.0000
vt 0.9019 0.3744 0.0000
vt 0.2138 0.6172 0.0000
vt 0.2209 0.6172 0.0000
vt 0.9538 0.7745 0.0000
vt 0.9503 0.7732 0.0000
vt 0.9558 0.7640 0.0000
vt 0.9475 0.7708 0.0000
vt 0.9457 0.7676 0.0000
vt 0.9450 0.7639 0.0000
vt 0.9457 0.7602 0.0000
vt 0.9476 0.7570 0.0000
vt 0.9504 0.7547 0.0000
vt 0.9540 0.7534 0.0000
vt 0.9577 0.7534 0.0000
vt 0.9612 0.7547 0.0000
vt 0.9640 0.7571 0.0000
vt 0.9658 0.7604 0.0000
vt 0.9665 0.7640 0.0000
vt 0.9658 0.7677 0.0000
vt 0.9639 0.7709 0.0000
vt 0.9611 0.7733 0.0000
vt 0.9575 0.7745 0.0000
vt 0.7455 0.8405 0.0000
vt 0.7387 0.8379 0.0000
vt 0.7493 0.8196 0.0000
vt 0.7529 0.8405 0.0000
vt 0.7598 0.8380 0.0000
vt 0.7655 0.8333 0.0000
vt 0.7692 0.8270 0.0000
vt 0.7705 0.8198 0.0000
vt 0.7693 0.8125 0.0000
vt 0.7656 0.8061 0.0000
vt 0.7600 0.8014 0.0000
vt 0.7531 0.7988 0.0000
vt 0.7458 0.7988 0.0000
vt 0.7389 0.8013 0.0000
vt 0.7332 0.8060 0.0000
vt 0.7295 0.8123 0.0000
vt 0.7282 0.8195 0.0000
vt 0.7294 0.8268 0.0000
vt 0.7331 0.8332 0.0000
vt 0.0130 0.6511 0.0000
vt 0.0020 0.6511 0.0000
# 3336 texture coords

o Object248_Object248
g Object248_Object248
usemtl 1
s 1
f 1/1/1 2/2/1 3/3/1 
f 3/3/1 4/4/1 1/1/1 
f 5/5/2 1/1/2 4/4/2 
f 4/4/2 6/6/2 5/5/2 
f 7/7/3 5/5/3 6/6/3 
f 6/6/3 8/8/3 7/7/3 
f 9/9/4 7/7/4 8/8/4 
f 8/8/4 10/10/4 9/9/4 
f 11/11/5 12/12/5 13/13/5 
f 13/13/5 14/14/5 11/11/5 
f 2/2/6 11/11/6 14/14/6 
f 14/14/6 3/3/6 2/2/6 
f 15/15/7 9/9/7 10/10/7 
f 10/10/7 16/16/7 15/15/7 
f 17/17/8 15/15/8 16/16/8 
f 16/16/8 18/18/8 17/17/8 
f 19/19/9 17/17/9 18/18/9 
f 18/18/9 20/20/9 19/19/9 
f 21/21/10 19/19/10 20/20/10 
f 20/20/10 22/22/10 21/21/10 
f 23/23/11 21/21/11 22/22/11 
f 22/22/11 24/24/11 23/23/11 
f 25/25/12 23/23/12 24/24/12 
f 24/24/12 26/26/12 25/25/12 
f 27/27/13 25/25/13 26/26/13 
f 26/26/13 28/28/13 27/27/13 
f 29/29/14 27/27/14 28/28/14 
f 28/28/14 30/30/14 29/29/14 
f 31/31/15 32/32/15 33/33/15 
f 33/33/15 34/34/15 31/31/15 
f 4/35/16 3/36/16 35/37/16 
f 35/37/16 36/38/16 4/35/16 
f 6/39/16 4/35/16 36/38/16 
f 36/38/16 37/40/16 6/39/16 
f 8/41/16 6/39/16 37/40/16 
f 37/40/16 38/42/16 8/41/16 
f 10/43/16 8/41/16 38/42/16 
f 38/42/16 39/44/16 10/43/16 
f 14/45/16 13/46/16 40/47/16 
f 40/47/16 41/48/16 14/45/16 
f 3/36/16 14/45/16 41/48/16 
f 41/48/16 35/37/16 3/36/16 
f 16/49/17 10/43/16 39/44/16 
f 39/44/16 42/50/17 16/49/17 
f 18/51/16 16/49/17 42/50/17 
f 42/50/17 43/52/16 18/51/16 
f 20/53/17 18/51/16 43/52/16 
f 43/52/16 44/54/16 20/53/17 
f 22/55/16 20/53/17 44/54/16 
f 44/54/16 45/56/16 22/55/16 
f 13/46/16 32/57/16 46/58/16 
f 46/58/16 40/47/16 13/46/16 
f 24/59/16 22/55/16 45/56/16 
f 45/56/16 47/60/16 24/59/16 
f 26/61/16 24/59/16 47/60/16 
f 47/60/16 48/62/16 26/61/16 
f 28/63/18 26/61/16 48/62/16 
f 48/62/16 49/64/18 28/63/18 
f 30/65/16 28/63/18 49/64/18 
f 49/64/18 50/66/16 30/65/16 
f 51/67/17 30/65/16 50/66/16 
f 50/66/16 52/68/17 51/67/17 
f 32/57/16 31/69/16 53/70/16 
f 53/70/16 46/58/16 32/57/16 
f 31/69/16 51/67/17 52/68/17 
f 52/68/17 53/70/16 31/69/16 
f 54/71/19 55/72/19 56/73/19 
f 56/73/19 57/74/12 54/71/19 
f 55/72/13 58/75/13 59/76/13 
f 59/76/13 56/73/20 55/72/13 
f 58/75/14 60/77/14 61/78/14 
f 61/78/14 59/76/14 58/75/14 
f 60/77/21 62/79/21 63/80/21 
f 63/80/21 61/78/21 60/77/21 
f 64/81/10 65/82/10 66/83/10 
f 66/83/10 67/84/10 64/81/10 
f 65/82/11 54/71/11 57/74/11 
f 57/74/11 66/83/11 65/82/11 
f 62/79/22 68/85/22 69/86/22 
f 69/86/22 63/80/22 62/79/22 
f 68/85/23 70/87/23 71/88/23 
f 71/88/23 69/86/23 68/85/23 
f 70/87/24 72/89/24 73/90/24 
f 73/90/24 71/88/24 70/87/24 
f 72/89/5 74/91/5 75/92/5 
f 75/92/5 73/90/5 72/89/5 
f 76/93/9 64/81/9 67/84/9 
f 67/84/9 77/94/9 76/93/9 
f 74/91/6 78/95/6 79/96/6 
f 79/96/6 75/92/6 74/91/6 
f 78/97/1 80/98/1 81/99/1 
f 81/99/1 79/100/1 78/97/1 
f 80/98/2 82/101/2 83/102/2 
f 83/102/2 81/99/25 80/98/2 
f 82/101/3 84/103/3 85/104/3 
f 85/104/3 83/102/3 82/101/3 
f 84/103/4 86/105/4 87/106/4 
f 87/106/4 85/104/26 84/103/4 
f 88/107/27 76/93/27 77/94/27 
f 77/94/27 89/108/27 88/107/27 
f 86/105/28 88/107/28 89/108/28 
f 89/108/28 87/106/28 86/105/28 
f 90/109/1 91/110/1 92/111/1 
f 92/111/1 93/112/1 90/109/1 
f 94/113/2 90/109/2 93/112/2 
f 93/112/2 95/114/2 94/113/2 
f 96/115/3 94/113/3 95/114/3 
f 95/114/3 97/116/3 96/115/3 
f 98/117/4 96/115/4 97/116/4 
f 97/116/4 99/118/4 98/117/4 
f 100/119/5 101/120/5 102/121/5 
f 102/121/5 103/122/5 100/119/5 
f 91/110/6 100/119/6 103/122/6 
f 103/122/6 92/111/6 91/110/6 
f 104/123/7 98/117/7 99/118/7 
f 99/118/7 105/124/29 104/123/7 
f 106/125/30 104/123/30 105/124/30 
f 105/124/30 107/126/8 106/125/30 
f 108/127/9 106/125/9 107/126/9 
f 107/126/9 109/128/9 108/127/9 
f 110/129/10 108/127/10 109/128/10 
f 109/128/10 111/130/10 110/129/10 
f 101/120/24 112/131/24 113/132/24 
f 113/132/24 102/121/24 101/120/24 
f 114/133/11 110/129/11 111/130/11 
f 111/130/11 115/134/11 114/133/11 
f 116/135/12 114/133/12 115/134/12 
f 115/134/12 117/136/12 116/135/12 
f 118/137/13 116/135/13 117/136/13 
f 117/136/13 119/138/13 118/137/13 
f 120/139/14 118/137/14 119/138/14 
f 119/138/14 121/140/14 120/139/14 
f 122/141/21 120/139/21 121/140/21 
f 121/140/21 123/142/21 122/141/21 
f 112/131/23 124/143/23 125/144/23 
f 125/144/23 113/132/23 112/131/23 
f 124/145/31 122/141/31 123/142/31 
f 123/142/31 125/146/31 124/145/31 
f 126/147/32 127/148/32 128/149/32 
f 128/149/32 129/150/32 126/147/32 
f 130/151/32 131/152/32 127/148/32 
f 127/148/32 126/147/32 130/151/32 
f 132/153/33 133/154/33 131/152/33 
f 131/152/32 130/151/32 132/153/33 
f 134/155/33 135/156/33 133/154/33 
f 133/154/33 132/153/33 134/155/33 
f 136/157/32 137/158/32 138/159/32 
f 138/159/32 139/160/32 136/157/32 
f 129/150/32 128/149/32 137/158/32 
f 137/158/32 136/157/32 129/150/32 
f 140/161/33 141/162/33 135/156/33 
f 135/156/33 134/155/33 140/161/33 
f 142/163/33 143/164/33 141/162/33 
f 141/162/33 140/161/33 142/163/33 
f 144/165/33 145/166/33 143/164/33 
f 143/164/33 142/163/33 144/165/33 
f 146/167/33 147/168/33 145/166/33 
f 145/166/33 144/165/33 146/167/33 
f 139/160/32 138/159/32 148/169/32 
f 148/169/32 149/170/32 139/160/32 
f 150/171/33 151/172/33 147/168/33 
f 147/168/33 146/167/33 150/171/33 
f 152/173/33 153/174/33 151/172/33 
f 151/172/33 150/171/33 152/173/33 
f 154/175/33 155/176/33 153/174/33 
f 153/174/33 152/173/33 154/175/33 
f 156/177/33 157/178/33 155/176/33 
f 155/176/33 154/175/33 156/177/33 
f 158/179/34 159/180/34 157/178/34 
f 157/178/33 156/177/33 158/179/32 
f 149/170/32 148/169/32 160/181/34 
f 160/181/34 161/182/34 149/170/32 
f 161/182/34 160/181/34 159/180/34 
f 159/180/34 158/179/34 161/182/34 
f 128/183/12 127/184/12 162/185/12 
f 162/185/12 163/186/12 128/183/12 
f 36/187/12 35/188/12 164/189/12 
f 164/189/12 165/190/12 36/187/12 
f 127/184/13 131/191/13 166/192/13 
f 166/192/13 162/185/13 127/184/13 
f 37/193/13 36/187/13 165/190/13 
f 165/190/13 167/194/13 37/193/13 
f 131/191/14 133/195/14 168/196/14 
f 168/196/14 166/192/14 131/191/14 
f 38/197/14 37/193/14 167/194/14 
f 167/194/14 169/198/14 38/197/14 
f 133/195/21 135/199/21 170/200/21 
f 170/200/21 168/196/21 133/195/21 
f 39/201/21 38/197/21 169/198/21 
f 169/198/21 171/202/21 39/201/21 
f 138/203/10 137/204/10 172/205/10 
f 172/205/10 173/206/10 138/203/10 
f 41/207/10 40/208/10 174/209/10 
f 174/209/10 175/210/10 41/207/10 
f 137/204/11 128/211/11 163/212/11 
f 163/212/11 172/205/11 137/204/11 
f 35/213/11 41/207/11 175/210/11 
f 175/210/11 164/214/11 35/213/11 
f 135/215/22 141/216/22 176/217/22 
f 176/217/22 170/218/22 135/215/22 
f 42/219/22 39/220/22 171/221/22 
f 171/221/22 177/222/22 42/219/22 
f 141/216/23 143/223/23 178/224/23 
f 178/224/23 176/217/23 141/216/23 
f 43/225/23 42/219/23 177/222/23 
f 177/222/23 179/226/23 43/225/23 
f 143/223/24 145/227/24 180/228/24 
f 180/228/24 178/224/24 143/223/24 
f 44/229/24 43/225/24 179/226/24 
f 179/226/24 181/230/24 44/229/24 
f 145/227/5 147/231/5 182/232/5 
f 182/232/5 180/228/5 145/227/5 
f 45/233/5 44/229/5 181/230/5 
f 181/230/5 183/234/5 45/233/5 
f 148/235/9 138/203/9 173/206/9 
f 173/206/9 184/236/9 148/235/9 
f 40/208/9 46/237/9 185/238/9 
f 185/238/9 174/209/9 40/208/9 
f 147/231/6 151/239/6 186/240/6 
f 186/240/6 182/232/6 147/231/6 
f 47/241/6 45/233/6 183/234/6 
f 183/234/6 187/242/6 47/241/6 
f 151/243/1 153/244/1 188/245/1 
f 188/245/1 186/246/1 151/243/1 
f 48/247/1 47/248/1 187/249/1 
f 187/249/1 189/250/1 48/247/1 
f 153/244/2 155/251/2 190/252/2 
f 190/252/2 188/245/2 153/244/2 
f 49/253/2 48/247/2 189/250/2 
f 189/250/2 191/254/2 49/253/2 
f 155/251/3 157/255/3 192/256/3 
f 192/256/3 190/252/3 155/251/3 
f 50/257/3 49/253/3 191/254/3 
f 191/254/3 193/258/3 50/257/3 
f 157/255/4 159/259/4 194/260/4 
f 194/260/4 192/256/4 157/255/4 
f 52/261/4 50/257/4 193/258/4 
f 193/258/4 195/262/4 52/261/4 
f 160/263/35 148/235/35 184/236/35 
f 184/236/35 196/264/35 160/263/35 
f 46/237/35 53/265/35 197/266/35 
f 197/266/35 185/238/35 46/237/35 
f 159/267/7 160/263/7 196/264/7 
f 196/264/7 194/268/7 159/267/7 
f 53/265/7 52/269/7 195/270/7 
f 195/270/7 197/266/7 53/265/7 
f 126/271/1 129/272/1 198/273/1 
f 198/273/1 199/274/1 126/271/1 
f 130/275/2 126/271/2 199/274/2 
f 199/274/2 200/276/2 130/275/2 
f 132/277/3 130/275/3 200/276/3 
f 200/276/3 201/278/3 132/277/3 
f 134/279/4 132/277/4 201/278/4 
f 201/278/4 202/280/4 134/279/4 
f 136/281/5 139/282/5 203/283/5 
f 203/283/5 204/284/5 136/281/5 
f 129/285/6 136/281/6 204/284/6 
f 204/284/6 198/286/6 129/285/6 
f 140/287/7 134/288/7 202/289/7 
f 202/289/7 205/290/7 140/287/7 
f 142/291/8 140/287/8 205/290/8 
f 205/290/8 206/292/8 142/291/8 
f 144/293/9 142/291/9 206/292/9 
f 206/292/9 207/294/9 144/293/9 
f 146/295/10 144/293/10 207/294/10 
f 207/294/10 208/296/10 146/295/10 
f 139/282/24 149/297/24 209/298/24 
f 209/298/24 203/283/24 139/282/24 
f 150/299/11 146/295/11 208/296/11 
f 208/296/11 210/300/11 150/299/11 
f 152/301/12 150/302/12 210/303/12 
f 210/303/12 211/304/12 152/301/12 
f 154/305/13 152/301/13 211/304/13 
f 211/304/13 212/306/13 154/305/13 
f 156/307/14 154/305/14 212/306/14 
f 212/306/14 213/308/14 156/307/14 
f 158/309/21 156/307/21 213/308/21 
f 213/308/21 214/310/21 158/309/21 
f 149/297/15 161/311/15 215/312/15 
f 215/312/15 209/298/15 149/297/15 
f 161/311/22 158/313/22 214/314/22 
f 214/314/22 215/312/22 161/311/22 
f 216/315/22 51/316/22 31/31/22 
f 31/31/22 34/317/22 216/315/22 
f 163/318/16 162/319/16 55/320/16 
f 55/320/16 54/321/16 163/318/16 
f 162/319/16 166/322/16 58/323/16 
f 58/323/16 55/320/16 162/319/16 
f 166/322/16 168/324/16 60/325/16 
f 60/325/16 58/323/16 166/322/16 
f 168/324/16 170/326/16 62/327/16 
f 62/327/16 60/325/16 168/324/16 
f 170/326/16 176/328/16 68/329/16 
f 68/329/16 62/327/16 170/326/16 
f 176/328/16 178/330/16 70/331/16 
f 70/331/16 68/329/16 176/328/16 
f 178/330/16 180/332/16 72/333/16 
f 72/333/16 70/331/16 178/330/16 
f 180/332/16 182/334/16 74/335/16 
f 74/335/16 72/333/16 180/332/16 
f 182/334/16 186/336/16 78/337/16 
f 78/337/16 74/335/16 182/334/16 
f 186/336/16 188/338/16 80/339/16 
f 80/339/16 78/337/16 186/336/16 
f 188/338/16 190/340/16 82/341/16 
f 82/341/16 80/339/16 188/338/16 
f 190/340/16 192/342/16 84/343/16 
f 84/343/16 82/341/16 190/340/16 
f 192/342/16 194/344/16 86/345/16 
f 86/345/16 84/343/16 192/342/16 
f 194/344/16 196/346/16 88/347/16 
f 88/347/16 86/345/16 194/344/16 
f 196/346/16 184/348/16 76/349/16 
f 76/349/16 88/347/16 196/346/16 
f 184/348/16 173/350/16 64/351/16 
f 64/351/16 76/349/16 184/348/16 
f 173/350/16 172/352/16 65/353/16 
f 65/353/16 64/351/16 173/350/16 
f 172/352/16 163/318/16 54/321/16 
f 54/321/16 65/353/16 172/352/16 
f 165/354/33 164/355/33 57/356/33 
f 57/356/33 56/357/33 165/354/33 
f 164/355/33 175/358/33 66/359/33 
f 66/359/33 57/356/33 164/355/33 
f 175/358/33 174/360/33 67/361/33 
f 67/361/33 66/359/33 175/358/33 
f 174/360/33 185/362/33 77/363/33 
f 77/363/33 67/361/33 174/360/33 
f 185/362/33 197/364/33 89/365/33 
f 89/365/33 77/363/33 185/362/33 
f 197/364/33 195/366/33 87/367/33 
f 87/367/33 89/365/33 197/364/33 
f 195/366/36 193/368/36 85/369/36 
f 85/369/36 87/367/33 195/366/33 
f 193/368/36 191/370/33 83/371/33 
f 83/371/33 85/369/36 193/368/36 
f 191/370/33 189/372/33 81/373/33 
f 81/373/33 83/371/33 191/370/33 
f 189/372/33 187/374/33 79/375/33 
f 79/375/33 81/373/33 189/372/33 
f 187/374/33 183/376/33 75/377/33 
f 75/377/33 79/375/33 187/374/33 
f 183/376/33 181/378/33 73/379/33 
f 73/379/33 75/377/33 183/376/33 
f 181/378/36 179/380/36 71/381/36 
f 71/381/34 73/379/33 181/378/33 
f 179/380/36 177/382/33 69/383/33 
f 69/383/33 71/381/36 179/380/36 
f 177/382/36 171/384/36 63/385/36 
f 63/385/36 69/383/33 177/382/33 
f 171/384/36 169/386/33 61/387/33 
f 61/387/33 63/385/36 171/384/36 
f 169/386/33 167/388/33 59/389/33 
f 59/389/33 61/387/33 169/386/33 
f 167/388/33 165/354/33 56/357/33 
f 56/357/33 59/389/33 167/388/33 
f 199/390/16 198/391/16 91/392/16 
f 91/392/16 90/393/16 199/390/16 
f 198/391/16 204/394/16 100/395/16 
f 100/395/16 91/392/16 198/391/16 
f 204/394/16 203/396/16 101/397/16 
f 101/397/16 100/395/16 204/394/16 
f 203/396/16 209/398/16 112/399/16 
f 112/399/16 101/397/16 203/396/16 
f 209/398/16 215/400/16 124/401/16 
f 124/401/16 112/399/16 209/398/16 
f 215/400/16 214/402/16 122/403/16 
f 122/403/16 124/401/16 215/400/16 
f 214/402/37 213/404/37 120/405/37 
f 120/405/37 122/403/16 214/402/16 
f 213/404/37 212/406/16 118/407/16 
f 118/407/16 120/405/37 213/404/37 
f 212/406/16 211/408/16 116/409/16 
f 116/409/16 118/407/16 212/406/16 
f 211/408/16 210/410/16 114/411/16 
f 114/411/16 116/409/16 211/408/16 
f 210/410/16 208/412/16 110/413/16 
f 110/413/16 114/411/16 210/410/16 
f 208/412/16 207/414/16 108/415/16 
f 108/415/16 110/413/16 208/412/16 
f 207/414/16 206/416/16 106/417/16 
f 106/417/16 108/415/16 207/414/16 
f 206/416/16 205/418/16 104/419/16 
f 104/419/16 106/417/16 206/416/16 
f 205/418/37 202/420/37 98/421/37 
f 98/421/37 104/419/16 205/418/16 
f 202/420/37 201/422/16 96/423/16 
f 96/423/16 98/421/37 202/420/37 
f 201/422/16 200/424/16 94/425/16 
f 94/425/16 96/423/16 201/422/16 
f 200/424/16 199/390/16 90/393/16 
f 90/393/16 94/425/16 200/424/16 
f 2/426/33 1/427/33 93/428/33 
f 93/428/33 92/429/33 2/426/33 
f 1/427/33 5/430/33 95/431/33 
f 95/431/33 93/428/33 1/427/33 
f 5/430/33 7/432/33 97/433/33 
f 97/433/33 95/431/33 5/430/33 
f 7/432/33 9/434/33 99/435/33 
f 99/435/33 97/433/33 7/432/33 
f 9/434/32 15/436/32 105/437/32 
f 105/437/32 99/435/33 9/434/33 
f 15/436/32 17/438/33 107/439/33 
f 107/439/33 105/437/32 15/436/32 
f 17/438/33 19/440/33 109/441/33 
f 109/441/32 107/439/33 17/438/33 
f 19/440/33 21/442/33 111/443/33 
f 111/443/33 109/441/33 19/440/33 
f 21/442/33 23/444/33 115/445/33 
f 115/445/33 111/443/33 21/442/33 
f 23/444/33 25/446/33 117/447/33 
f 117/447/33 115/445/33 23/444/33 
f 25/446/33 27/448/34 119/449/34 
f 119/449/34 117/447/33 25/446/33 
f 27/448/34 29/450/33 121/451/33 
f 121/451/33 119/449/34 27/448/34 
f 29/450/32 216/452/32 123/453/32 
f 123/453/32 121/451/32 29/450/32 
f 216/452/32 34/454/33 125/455/33 
f 125/455/33 123/453/32 216/452/32 
f 34/454/33 33/456/33 113/457/33 
f 113/457/33 125/455/33 34/454/33 
f 33/456/33 12/458/33 102/459/33 
f 102/459/33 113/457/33 33/456/33 
f 12/458/33 11/460/33 103/461/33 
f 103/461/33 102/459/33 12/458/33 
f 11/460/33 2/426/33 92/429/33 
f 92/429/33 103/461/33 11/460/33 
f 217/462/24 218/463/24 219/464/24 
f 219/464/24 220/465/24 217/462/24 
f 221/466/33 222/467/33 223/468/33 
f 221/466/33 223/468/33 224/469/33 
f 225/470/33 221/466/33 224/469/33 
f 226/471/9 227/472/9 228/473/9 
f 228/473/9 229/474/9 226/471/9 
f 220/475/16 219/476/16 230/477/16 
f 230/477/16 231/478/16 227/479/16 
f 220/475/16 230/477/16 227/479/16 
f 226/480/16 220/475/16 227/479/16 
f 232/481/38 233/482/38 234/483/38 
f 234/483/38 235/484/38 232/481/38 
f 223/468/33 236/485/33 237/486/33 
f 223/468/33 237/486/33 238/487/33 
f 239/488/33 223/468/33 238/487/33 
f 240/489/39 241/490/39 242/491/39 
f 242/491/39 243/492/39 240/489/39 
f 244/493/16 245/494/16 232/495/16 
f 244/493/16 232/495/16 235/496/16 
f 244/493/16 235/496/16 242/497/16 
f 241/498/16 244/493/16 242/497/16 
f 246/499/40 247/500/40 248/501/40 
f 248/501/40 249/502/40 246/499/40 
f 250/503/33 251/504/33 223/468/33 
f 252/505/33 250/503/33 223/468/33 
f 252/505/33 223/468/33 253/506/33 
f 254/507/41 255/508/41 256/509/41 
f 256/509/41 257/510/41 254/507/41 
f 246/511/16 249/512/16 258/513/16 
f 255/514/16 246/511/16 258/513/16 
f 258/513/16 259/515/16 256/516/16 
f 255/514/16 258/513/16 256/516/16 
f 260/517/24 261/518/24 262/519/24 
f 262/519/24 263/520/24 260/517/24 
f 264/521/33 265/522/33 223/468/33 
f 266/523/33 264/521/33 223/468/33 
f 267/524/33 266/523/33 223/468/33 
f 268/525/9 269/526/9 270/527/9 
f 270/527/9 271/528/9 268/525/9 
f 268/529/16 271/530/16 272/531/16 
f 261/532/16 268/529/16 272/531/16 
f 262/533/16 261/532/16 272/531/16 
f 273/534/16 262/533/16 272/531/16 
f 274/535/16 275/536/16 276/537/16 
f 276/537/16 277/538/16 278/539/16 
f 278/539/16 279/540/16 280/541/16 
f 276/537/16 278/539/16 280/541/16 
f 274/535/16 276/537/16 280/541/16 
f 281/542/16 274/535/16 280/541/16 
f 271/530/16 232/495/16 245/494/16 
f 245/494/16 272/531/16 271/530/16 
f 267/524/33 223/468/33 239/488/33 
f 222/467/33 236/485/33 223/468/33 
f 227/479/16 231/478/16 244/493/16 
f 244/493/16 241/498/16 227/479/16 
f 265/522/33 253/506/33 223/468/33 
f 262/533/16 273/534/16 258/513/16 
f 258/513/16 249/512/16 262/533/16 
f 224/469/33 223/468/33 251/504/33 
f 219/476/16 256/516/16 259/515/16 
f 259/515/16 230/477/16 219/476/16 
f 232/543/42 271/528/42 270/527/42 
f 270/527/42 233/544/42 232/543/42 
f 240/545/43 228/473/43 227/472/43 
f 227/472/43 241/546/43 240/545/43 
f 248/501/44 263/547/44 262/548/44 
f 262/548/44 249/502/44 248/501/44 
f 218/549/45 257/510/45 256/509/45 
f 256/509/45 219/550/45 218/549/45 
f 282/551/9 283/552/9 284/553/9 
f 284/553/9 285/554/9 282/551/9 
f 286/555/43 282/551/43 285/554/43 
f 285/554/43 287/556/43 286/555/43 
f 288/557/46 286/558/46 287/559/46 
f 287/559/46 289/560/46 288/557/46 
f 290/561/45 288/562/45 289/563/45 
f 289/563/45 291/564/45 290/561/45 
f 292/565/24 290/561/24 291/564/24 
f 291/564/24 293/566/24 292/565/24 
f 294/567/44 292/565/44 293/566/44 
f 293/566/44 295/568/44 294/567/44 
f 296/569/47 294/570/47 295/571/47 
f 295/571/47 297/572/47 296/569/47 
f 283/552/42 296/573/42 297/574/42 
f 297/574/42 284/553/42 283/552/42 
f 281/575/9 280/576/9 298/577/9 
f 298/577/9 299/578/9 281/575/9 
f 245/579/9 244/580/9 300/581/9 
f 300/581/9 301/582/9 245/579/9 
f 274/583/43 281/584/43 299/585/43 
f 299/585/43 302/586/43 274/583/43 
f 244/587/43 231/588/43 303/589/43 
f 303/589/43 300/590/43 244/587/43 
f 275/591/46 274/583/46 302/586/46 
f 302/586/46 304/592/46 275/591/46 
f 231/588/46 230/593/46 305/594/46 
f 305/594/46 303/589/46 231/588/46 
f 276/595/45 275/591/45 304/592/45 
f 304/592/45 306/596/45 276/595/45 
f 230/593/45 259/597/45 307/598/45 
f 307/598/45 305/594/45 230/593/45 
f 277/599/24 276/600/24 306/601/24 
f 306/601/24 308/602/24 277/599/24 
f 259/603/24 258/604/24 309/605/24 
f 309/605/24 307/606/24 259/603/24 
f 278/607/44 277/608/44 308/609/44 
f 308/609/44 310/610/44 278/607/44 
f 258/611/44 273/612/44 311/613/44 
f 311/613/44 309/614/44 258/611/44 
f 279/615/47 278/607/47 310/610/47 
f 310/610/47 312/616/47 279/615/47 
f 273/612/47 272/617/47 313/618/47 
f 313/618/47 311/613/47 273/612/47 
f 280/619/42 279/615/42 312/616/42 
f 312/616/42 298/620/42 280/619/42 
f 272/617/42 245/621/42 301/622/42 
f 301/622/42 313/618/42 272/617/42 
f 299/623/33 298/624/33 283/625/33 
f 283/625/33 282/626/33 299/623/33 
f 298/624/33 312/627/33 296/628/33 
f 296/628/33 283/625/33 298/624/33 
f 312/627/33 310/629/33 294/630/33 
f 294/630/33 296/628/33 312/627/33 
f 310/629/33 308/631/33 292/632/33 
f 292/632/33 294/630/33 310/629/33 
f 308/631/33 306/633/33 290/634/33 
f 290/634/33 292/632/33 308/631/33 
f 306/633/33 304/635/33 288/636/33 
f 288/636/33 290/634/33 306/633/33 
f 304/635/33 302/637/33 286/638/33 
f 286/638/33 288/636/33 304/635/33 
f 302/637/33 299/623/33 282/626/33 
f 282/626/33 286/638/33 302/637/33 
f 301/639/16 300/640/16 285/641/16 
f 285/641/16 284/642/16 301/639/16 
f 300/640/16 303/643/16 287/644/16 
f 287/644/16 285/641/16 300/640/16 
f 303/643/16 305/645/16 289/646/16 
f 289/646/16 287/644/16 303/643/16 
f 305/645/16 307/647/16 291/648/16 
f 291/648/16 289/646/16 305/645/16 
f 314/649/48 315/650/48 316/651/48 
f 316/651/49 317/652/49 314/649/49 
f 309/653/16 311/654/16 295/655/16 
f 295/655/16 293/656/16 309/653/16 
f 311/654/16 313/657/16 297/658/16 
f 297/658/16 295/655/16 311/654/16 
f 313/657/16 301/639/16 284/642/16 
f 284/642/16 297/658/16 313/657/16 
f 217/659/33 229/660/33 318/661/33 
f 318/661/33 319/662/33 217/659/33 
f 229/660/33 228/663/33 320/664/33 
f 320/664/33 318/661/33 229/660/33 
f 228/663/33 240/665/33 321/666/33 
f 321/666/33 320/664/33 228/663/33 
f 240/665/33 243/667/33 322/668/33 
f 322/668/33 321/666/33 240/665/33 
f 243/667/33 234/669/33 323/670/33 
f 323/670/33 322/668/33 243/667/33 
f 234/669/33 233/671/33 324/672/33 
f 324/672/33 323/670/33 234/669/33 
f 233/671/33 270/673/33 325/674/33 
f 325/674/33 324/672/33 233/671/33 
f 270/673/33 269/675/33 326/676/33 
f 326/676/33 325/674/33 270/673/33 
f 269/675/33 260/677/33 327/678/33 
f 327/678/33 326/676/33 269/675/33 
f 260/677/33 263/679/33 328/680/33 
f 328/680/33 327/678/33 260/677/33 
f 263/679/33 248/681/33 329/682/33 
f 329/682/33 328/680/33 263/679/33 
f 248/681/33 247/683/33 330/684/33 
f 330/684/33 329/682/33 248/681/33 
f 247/683/33 254/685/33 331/686/33 
f 331/686/33 330/684/33 247/683/33 
f 254/685/33 257/687/33 332/688/33 
f 332/688/33 331/686/33 254/685/33 
f 257/687/33 218/689/33 333/690/33 
f 333/690/33 332/688/33 257/687/33 
f 218/689/33 217/659/33 319/662/33 
f 319/662/33 333/690/33 218/689/33 
f 307/691/16 309/692/16 334/693/16 
f 334/693/33 335/694/33 307/691/33 
f 309/695/16 293/696/16 336/697/16 
f 336/697/33 334/698/33 309/695/33 
f 293/699/16 291/700/16 337/701/16 
f 337/701/16 336/702/16 293/699/16 
f 291/703/16 307/704/16 335/705/16 
f 335/705/33 337/706/33 291/703/33 
f 319/707/47 318/708/47 221/709/47 
f 221/709/47 225/710/47 319/707/47 
f 318/711/24 320/712/24 222/713/24 
f 222/713/24 221/714/24 318/711/24 
f 320/712/44 321/715/44 236/716/44 
f 236/716/44 222/713/44 320/712/44 
f 321/717/50 322/718/50 237/719/50 
f 237/719/50 236/720/50 321/717/50 
f 322/721/24 323/722/24 238/723/24 
f 238/723/24 237/724/24 322/721/24 
f 323/725/51 324/726/51 239/727/51 
f 239/727/51 238/728/51 323/725/51 
f 324/729/45 325/730/45 267/731/45 
f 267/731/45 239/732/45 324/729/45 
f 325/730/24 326/733/24 266/734/24 
f 266/734/24 267/731/24 325/730/24 
f 326/735/46 327/736/46 264/737/46 
f 264/737/46 266/738/46 326/735/46 
f 327/739/9 328/740/9 265/741/9 
f 265/741/9 264/742/9 327/739/9 
f 328/743/43 329/744/43 253/745/43 
f 253/745/43 265/746/43 328/743/43 
f 329/744/41 330/747/41 252/748/41 
f 252/748/41 253/745/41 329/744/41 
f 330/749/9 331/750/9 250/751/9 
f 250/751/9 252/752/9 330/749/9 
f 331/753/40 332/754/40 251/755/40 
f 251/755/40 250/756/40 331/753/40 
f 332/754/42 333/757/42 224/758/42 
f 224/758/42 251/755/42 332/754/42 
f 333/759/9 319/760/9 225/761/9 
f 225/761/9 224/762/9 333/759/9 
f 335/763/24 334/764/24 315/650/24 
f 315/650/24 314/649/24 335/763/24 
f 334/698/52 336/697/52 316/697/52 
f 316/697/53 315/698/53 334/698/53 
f 336/765/9 337/766/9 317/767/9 
f 317/767/9 316/768/9 336/765/9 
f 337/706/54 335/705/54 314/705/54 
f 314/705/55 317/706/55 337/706/55 
f 338/769/46 339/770/46 340/771/46 
f 340/771/46 341/772/46 338/769/46 
f 342/773/47 343/774/47 344/775/47 
f 344/775/47 345/776/47 342/773/47 
f 341/777/33 340/778/33 344/779/33 
f 344/779/33 343/780/33 341/777/33 
f 339/781/16 338/782/16 342/783/16 
f 342/783/16 345/784/16 339/781/16 
f 341/777/33 343/780/33 346/785/33 
f 342/783/16 338/782/16 347/786/16 
f 339/781/16 345/784/16 348/787/16 
f 344/779/33 340/778/33 349/788/33 
f 343/789/9 342/790/9 350/791/9 
f 350/791/9 351/792/9 343/789/9 
f 342/783/16 347/786/16 352/793/16 
f 352/793/16 350/794/16 342/783/16 
f 347/795/24 346/796/24 353/797/24 
f 353/797/24 352/798/24 347/795/24 
f 346/785/33 343/780/33 351/799/33 
f 351/799/33 353/800/33 346/785/33 
f 345/801/24 344/802/24 354/803/24 
f 354/803/24 355/804/24 345/801/24 
f 344/779/33 349/788/33 356/805/33 
f 356/805/33 354/806/33 344/779/33 
f 357/807/9 358/808/9 359/809/9 
f 359/809/9 360/810/9 357/807/9 
f 348/787/16 345/784/16 355/811/16 
f 355/811/16 361/812/16 348/787/16 
f 338/813/9 341/814/9 362/815/9 
f 362/815/9 363/816/9 338/813/9 
f 341/777/33 346/785/33 362/817/33 
f 347/786/16 338/782/16 363/818/16 
f 340/819/24 339/820/24 364/821/24 
f 364/821/24 365/822/24 340/819/24 
f 339/781/16 348/787/16 364/823/16 
f 349/788/33 340/778/33 365/824/33 
f 361/825/9 356/826/9 366/827/9 
f 366/827/9 367/828/9 361/825/9 
f 356/826/9 349/829/9 368/830/9 
f 368/830/9 366/827/9 356/826/9 
f 349/829/9 348/831/9 369/832/9 
f 369/832/9 368/830/9 349/829/9 
f 348/831/9 361/825/9 367/828/9 
f 367/828/9 369/832/9 348/831/9 
f 367/833/46 366/834/46 360/835/46 
f 360/835/46 359/836/46 367/833/46 
f 366/837/16 368/838/16 357/839/16 
f 357/839/16 360/840/16 366/837/16 
f 368/841/47 369/842/47 358/843/47 
f 358/843/47 357/844/47 368/841/47 
f 369/845/33 367/846/33 359/847/33 
f 359/847/33 358/848/33 369/845/33 
f 370/849/46 371/850/46 372/851/46 
f 372/851/46 373/852/46 370/849/46 
f 374/853/47 375/854/47 376/855/47 
f 376/855/47 377/856/47 374/853/47 
f 373/857/33 372/858/33 376/859/33 
f 376/859/33 375/860/33 373/857/33 
f 371/861/16 370/862/16 374/863/16 
f 374/863/16 377/864/16 371/861/16 
f 373/857/33 375/860/33 378/865/33 
f 374/863/16 370/862/16 379/866/16 
f 371/861/16 377/864/16 380/867/16 
f 376/859/33 372/858/33 381/868/33 
f 375/869/9 374/870/9 382/871/9 
f 382/871/9 383/872/9 375/869/9 
f 374/863/16 379/866/16 384/873/16 
f 384/873/16 382/874/16 374/863/16 
f 379/875/24 378/876/24 385/877/24 
f 385/877/24 384/878/24 379/875/24 
f 378/865/33 375/860/33 383/879/33 
f 383/879/33 385/880/33 378/865/33 
f 377/881/24 376/882/24 386/883/24 
f 386/883/24 387/884/24 377/881/24 
f 376/859/33 381/868/33 388/885/33 
f 388/885/33 386/886/33 376/859/33 
f 389/887/9 390/888/9 391/889/9 
f 391/889/9 392/890/9 389/887/9 
f 380/867/16 377/864/16 387/891/16 
f 387/891/16 393/892/16 380/867/16 
f 370/893/9 373/894/9 394/895/9 
f 394/895/9 395/896/9 370/893/9 
f 373/857/33 378/865/33 394/897/33 
f 379/866/16 370/862/16 395/898/16 
f 372/899/24 371/900/24 396/901/24 
f 396/901/24 397/902/24 372/899/24 
f 371/861/16 380/867/16 396/903/16 
f 381/868/33 372/858/33 397/904/33 
f 393/905/9 388/906/9 398/907/9 
f 398/907/9 399/908/9 393/905/9 
f 388/906/9 381/909/9 400/910/9 
f 400/910/9 398/907/9 388/906/9 
f 381/909/9 380/911/9 401/912/9 
f 401/912/9 400/910/9 381/909/9 
f 380/911/9 393/905/9 399/908/9 
f 399/908/9 401/912/9 380/911/9 
f 399/913/46 398/914/46 392/915/46 
f 392/915/46 391/916/46 399/913/46 
f 398/917/16 400/918/16 389/919/16 
f 389/919/16 392/920/16 398/917/16 
f 400/921/47 401/922/47 390/923/47 
f 390/923/47 389/924/47 400/921/47 
f 401/925/33 399/926/33 391/927/33 
f 391/927/33 390/928/33 401/925/33 
f 402/929/46 403/930/46 404/931/46 
f 404/931/46 405/932/46 402/929/46 
f 406/933/47 407/934/47 408/935/47 
f 408/935/47 409/936/47 406/933/47 
f 405/937/33 404/938/33 408/939/33 
f 408/939/33 407/940/33 405/937/33 
f 403/941/16 402/942/16 406/943/16 
f 406/943/16 409/944/16 403/941/16 
f 405/937/33 407/940/33 410/945/33 
f 406/943/16 402/942/16 411/946/16 
f 403/941/16 409/944/16 412/947/16 
f 408/939/33 404/938/33 413/948/33 
f 407/949/9 406/950/9 414/951/9 
f 414/951/9 415/952/9 407/949/9 
f 406/943/16 411/946/16 416/953/16 
f 416/953/16 414/954/16 406/943/16 
f 411/955/24 410/956/24 417/957/24 
f 417/957/24 416/958/24 411/955/24 
f 410/945/33 407/940/33 415/959/33 
f 415/959/33 417/960/33 410/945/33 
f 409/961/24 408/962/24 418/963/24 
f 418/963/24 419/964/24 409/961/24 
f 408/939/33 413/948/33 420/965/33 
f 420/965/33 418/966/33 408/939/33 
f 421/967/9 422/968/9 423/969/9 
f 423/969/9 424/970/9 421/967/9 
f 412/947/16 409/944/16 419/971/16 
f 419/971/16 425/972/16 412/947/16 
f 402/973/9 405/974/9 426/975/9 
f 426/975/9 427/976/9 402/973/9 
f 405/937/33 410/945/33 426/977/33 
f 411/946/16 402/942/16 427/978/16 
f 404/979/24 403/980/24 428/981/24 
f 428/981/24 429/982/24 404/979/24 
f 403/941/16 412/947/16 428/983/16 
f 413/948/33 404/938/33 429/984/33 
f 425/985/9 420/986/9 430/987/9 
f 430/987/9 431/988/9 425/985/9 
f 420/986/9 413/989/9 432/990/9 
f 432/990/9 430/987/9 420/986/9 
f 413/989/9 412/991/9 433/992/9 
f 433/992/9 432/990/9 413/989/9 
f 412/991/9 425/985/9 431/988/9 
f 431/988/9 433/992/9 412/991/9 
f 431/993/46 430/994/46 424/995/46 
f 424/995/46 423/996/46 431/993/46 
f 430/997/16 432/998/16 421/999/16 
f 421/999/16 424/1000/16 430/997/16 
f 432/1001/47 433/1002/47 422/1003/47 
f 422/1003/47 421/1004/47 432/1001/47 
f 433/1005/33 431/1006/33 423/1007/33 
f 423/1007/33 422/1008/33 433/1005/33 
f 434/1009/9 435/1010/9 436/1011/9 
f 436/1011/9 437/1012/9 434/1009/9 
f 435/1013/46 434/1014/46 339/1015/46 
f 339/1015/46 404/1016/46 435/1013/46 
f 437/1017/47 436/1018/47 408/1019/47 
f 408/1019/47 345/1020/47 437/1017/47 
f 408/1021/24 404/1022/24 339/1023/24 
f 339/1023/24 345/1024/24 408/1021/24 
f 338/1025/9 405/1026/9 407/1027/9 
f 407/1027/9 342/1028/9 338/1025/9 
f 405/1029/46 338/1030/46 438/1031/46 
f 438/1031/46 439/1032/46 405/1029/46 
f 342/1033/47 407/1034/47 440/1035/47 
f 440/1035/47 441/1036/47 342/1033/47 
f 440/1037/24 439/1038/24 438/1039/24 
f 438/1039/24 441/1040/24 440/1037/24 
f 442/1041/46 443/1042/46 444/1043/46 
f 444/1043/46 445/1044/46 442/1041/46 
f 446/1045/47 447/1046/47 448/1047/47 
f 449/1048/47 446/1045/47 448/1047/47 
f 450/1049/47 449/1048/47 448/1047/47 
f 451/1050/47 450/1049/47 448/1047/47 
f 444/1051/24 450/1052/24 451/1053/24 
f 451/1053/24 445/1054/24 444/1051/24 
f 452/1055/33 453/1056/33 454/1057/33 
f 452/1055/33 454/1057/33 455/1058/33 
f 452/1055/33 455/1058/33 456/1059/33 
f 452/1055/33 456/1059/33 457/1060/33 
f 442/1061/16 445/1062/16 451/1063/16 
f 451/1063/16 448/1064/16 442/1061/16 
f 453/1065/46 452/1066/46 444/1043/46 
f 444/1043/46 443/1042/46 453/1065/46 
f 458/1067/47 459/1068/47 460/1069/47 
f 460/1069/47 461/1070/47 458/1067/47 
f 442/1071/9 448/1072/9 447/1073/9 
f 447/1073/9 443/1074/9 442/1071/9 
f 447/1046/47 454/1075/47 462/1076/47 
f 462/1076/47 463/1077/47 447/1046/47 
f 457/1078/47 450/1049/47 464/1079/47 
f 464/1079/47 465/1080/47 457/1078/47 
f 466/1081/56 467/1082/56 468/1083/56 
f 466/1081/56 468/1083/56 469/1084/56 
f 470/1085/56 466/1081/56 469/1084/56 
f 453/1056/33 462/1086/33 454/1057/33 
f 447/1087/16 463/1088/16 471/1089/16 
f 471/1089/57 443/1090/57 447/1087/57 
f 472/1091/58 473/1092/58 474/1093/58 
f 475/1094/58 472/1091/58 474/1093/58 
f 476/1095/58 475/1094/58 474/1093/58 
f 457/1060/33 465/1096/33 452/1055/33 
f 450/1097/16 444/1098/16 477/1099/16 
f 477/1099/16 464/1100/16 450/1097/16 
f 453/1101/59 443/1102/59 468/1103/59 
f 468/1103/59 467/1104/59 453/1101/59 
f 471/1089/18 469/1105/18 468/1106/18 
f 468/1106/37 443/1090/37 471/1089/37 
f 463/1107/60 462/1108/60 466/1109/60 
f 466/1109/60 470/1110/60 463/1107/60 
f 462/1086/33 453/1056/33 467/1111/33 
f 467/1111/33 466/1112/33 462/1086/33 
f 444/1113/61 452/1114/61 474/1115/61 
f 474/1115/61 473/1116/61 444/1113/61 
f 452/1055/33 465/1096/33 476/1117/33 
f 476/1117/33 474/1118/33 452/1055/33 
f 465/1119/62 464/1120/62 475/1121/62 
f 475/1121/62 476/1122/62 465/1119/62 
f 464/1100/63 477/1099/63 478/1123/63 
f 478/1123/64 479/1124/64 464/1100/64 
f 463/1125/65 480/1126/65 481/1127/65 
f 481/1127/66 471/1128/66 463/1125/66 
f 477/1099/16 444/1098/16 473/1129/16 
f 473/1129/16 472/1123/16 477/1099/16 
f 477/1130/67 472/1131/67 478/1132/67 
f 472/1091/58 475/1094/58 479/1133/58 
f 479/1133/58 478/1134/58 472/1091/58 
f 475/1121/62 464/1120/62 479/1135/62 
f 463/1107/60 470/1110/60 480/1136/60 
f 470/1085/56 469/1084/56 481/1137/56 
f 481/1137/56 480/1138/56 470/1085/56 
f 469/1139/68 471/1140/68 481/1141/68 
f 454/1075/47 447/1046/47 446/1045/47 
f 446/1045/47 455/1142/47 454/1075/47 
f 450/1049/47 457/1078/47 456/1143/47 
f 456/1143/47 449/1048/47 450/1049/47 
f 456/1059/33 455/1058/33 482/1144/33 
f 482/1144/33 483/1145/33 456/1059/33 
f 455/1146/9 446/1147/9 484/1148/9 
f 484/1148/9 482/1149/9 455/1146/9 
f 446/1150/16 449/1151/16 485/1152/16 
f 485/1152/16 484/1153/16 446/1150/16 
f 449/1154/24 456/1155/24 483/1156/24 
f 483/1156/24 485/1157/24 449/1154/24 
f 483/1158/47 482/1159/47 486/1160/47 
f 486/1160/47 487/1161/47 483/1158/47 
f 482/1159/47 484/1162/47 488/1163/47 
f 488/1163/47 486/1160/47 482/1159/47 
f 484/1162/47 485/1164/47 489/1165/47 
f 489/1165/47 488/1163/47 484/1162/47 
f 485/1164/47 483/1158/47 487/1161/47 
f 487/1161/47 489/1165/47 485/1164/47 
f 487/1166/33 486/1167/33 458/1168/33 
f 458/1168/33 461/1169/33 487/1166/33 
f 486/1160/69 488/1163/69 459/1068/69 
f 459/1068/69 458/1067/69 486/1160/69 
f 488/1170/16 489/1171/16 460/1172/16 
f 460/1172/16 459/1173/16 488/1170/16 
f 489/1165/70 487/1161/70 461/1070/70 
f 461/1070/70 460/1069/70 489/1165/70 
f 490/1174/71 491/1175/71 492/1176/71 
f 492/1176/71 493/1177/71 490/1174/71 
f 494/1178/72 490/1174/72 493/1177/72 
f 493/1177/72 495/1179/72 494/1178/72 
f 496/1180/73 494/1178/73 495/1179/73 
f 495/1179/73 497/1181/73 496/1180/73 
f 498/1182/74 496/1183/74 497/1184/74 
f 497/1184/74 499/1185/74 498/1182/74 
f 500/1186/47 498/1182/47 499/1185/47 
f 499/1185/47 501/1187/47 500/1186/47 
f 502/1188/75 500/1186/75 501/1187/75 
f 501/1187/75 503/1189/75 502/1188/75 
f 504/1190/76 502/1191/76 503/1192/76 
f 503/1192/76 505/1193/76 504/1190/76 
f 506/1194/77 504/1190/77 505/1193/77 
f 505/1193/77 507/1195/77 506/1194/77 
f 508/1196/78 506/1194/78 507/1195/78 
f 507/1195/78 509/1197/78 508/1196/78 
f 510/1198/79 508/1196/79 509/1197/79 
f 509/1197/79 511/1199/79 510/1198/79 
f 512/1200/80 510/1201/80 511/1202/80 
f 511/1202/80 513/1203/80 512/1200/80 
f 514/1204/46 512/1200/46 513/1203/46 
f 513/1203/46 515/1205/46 514/1204/46 
f 516/1206/81 514/1204/81 515/1205/81 
f 515/1205/81 517/1207/81 516/1206/81 
f 491/1175/82 516/1208/82 517/1209/82 
f 517/1209/82 492/1176/82 491/1175/82 
f 518/1210/33 519/1211/33 491/1212/33 
f 491/1212/33 490/1213/33 518/1210/33 
f 520/1214/33 518/1210/33 490/1213/33 
f 490/1213/33 494/1215/33 520/1214/33 
f 521/1216/33 520/1214/33 494/1215/33 
f 494/1215/33 496/1217/33 521/1216/33 
f 522/1218/33 521/1216/33 496/1217/33 
f 496/1217/33 498/1219/33 522/1218/33 
f 523/1220/33 522/1218/33 498/1219/33 
f 498/1219/33 500/1221/33 523/1220/33 
f 524/1222/33 523/1220/33 500/1221/33 
f 500/1221/33 502/1223/33 524/1222/33 
f 525/1224/33 524/1222/33 502/1223/33 
f 502/1223/33 504/1225/33 525/1224/33 
f 526/1226/33 525/1224/33 504/1225/33 
f 504/1225/33 506/1227/33 526/1226/33 
f 527/1228/33 526/1226/33 506/1227/33 
f 506/1227/33 508/1229/33 527/1228/33 
f 508/1229/33 510/1230/33 527/1228/33 
f 510/1230/33 512/1231/33 527/1228/33 
f 519/1211/33 527/1228/33 512/1231/33 
f 512/1231/33 514/1232/33 519/1211/33 
f 514/1232/33 516/1233/33 519/1211/33 
f 516/1233/33 491/1212/33 519/1211/33 
f 528/1234/83 529/1235/83 518/1236/83 
f 518/1236/83 520/1237/83 528/1234/83 
f 530/1238/84 528/1234/84 520/1237/84 
f 520/1237/84 521/1239/84 530/1238/84 
f 531/1240/85 530/1238/85 521/1239/85 
f 521/1239/85 522/1241/85 531/1240/85 
f 532/1242/47 531/1240/47 522/1241/47 
f 522/1241/47 523/1243/47 532/1242/47 
f 533/1244/75 532/1242/75 523/1243/75 
f 523/1243/75 524/1245/75 533/1244/75 
f 534/1246/76 533/1244/76 524/1245/76 
f 524/1245/76 525/1247/76 534/1246/76 
f 535/1248/86 534/1246/86 525/1247/86 
f 525/1247/86 526/1249/86 535/1248/86 
f 536/1250/87 519/1251/87 518/1236/87 
f 518/1236/87 529/1235/87 536/1250/87 
f 527/1252/88 537/1253/88 535/1248/88 
f 535/1248/88 526/1249/88 527/1252/88 
f 529/1254/17 538/1255/17 539/1256/17 
f 539/1256/18 536/1257/18 529/1254/18 
f 528/1258/18 540/1259/18 538/1255/18 
f 538/1255/18 529/1254/18 528/1258/18 
f 530/1260/18 541/1261/18 540/1259/18 
f 540/1259/18 528/1258/18 530/1260/18 
f 531/1262/18 542/1263/18 541/1261/18 
f 541/1261/18 530/1260/18 531/1262/18 
f 532/1264/18 543/1265/18 542/1263/18 
f 542/1263/18 531/1262/18 532/1264/18 
f 533/1266/16 544/1267/16 543/1265/16 
f 543/1265/18 532/1264/18 533/1266/18 
f 534/1268/16 545/1269/16 544/1267/16 
f 544/1267/16 533/1266/16 534/1268/16 
f 535/1270/16 546/1271/16 545/1269/16 
f 545/1269/16 534/1268/16 535/1270/16 
f 537/1272/16 547/1273/16 546/1271/16 
f 546/1271/16 535/1270/16 537/1272/16 
f 547/1273/16 537/1272/16 548/1274/16 
f 548/1274/16 537/1272/16 549/1275/16 
f 536/1257/16 550/1276/16 549/1275/16 
f 549/1275/16 537/1272/17 536/1257/16 
f 550/1276/17 536/1257/17 551/1277/17 
f 551/1277/17 536/1257/17 539/1256/17 
f 552/1278/89 553/1279/89 539/1280/89 
f 539/1280/89 538/1281/89 552/1278/89 
f 554/1282/83 552/1278/83 538/1281/83 
f 538/1281/83 540/1283/83 554/1282/83 
f 555/1284/84 554/1282/84 540/1283/84 
f 540/1283/84 541/1285/84 555/1284/84 
f 556/1286/85 555/1287/85 541/1288/85 
f 541/1288/85 542/1289/85 556/1286/85 
f 557/1290/47 556/1286/47 542/1289/47 
f 542/1289/47 543/1291/47 557/1290/47 
f 558/1292/75 557/1290/75 543/1291/75 
f 543/1291/75 544/1293/75 558/1292/75 
f 559/1294/76 558/1295/76 544/1296/76 
f 544/1296/76 545/1297/76 559/1294/76 
f 560/1298/86 559/1294/86 545/1297/86 
f 545/1297/86 546/1299/86 560/1298/86 
f 561/1300/90 560/1298/90 546/1299/90 
f 546/1299/90 547/1301/90 561/1300/90 
f 562/1302/79 561/1300/79 547/1301/79 
f 547/1301/79 548/1303/79 562/1302/79 
f 563/1304/80 562/1305/80 548/1306/80 
f 548/1306/80 549/1307/80 563/1304/80 
f 564/1308/46 563/1304/46 549/1307/46 
f 549/1307/46 550/1309/46 564/1308/46 
f 565/1310/91 564/1308/91 550/1309/91 
f 550/1309/91 551/1311/91 565/1310/91 
f 553/1279/92 565/1312/92 551/1313/92 
f 551/1313/92 539/1280/92 553/1279/92 
f 566/1314/32 567/1315/32 568/1316/32 
f 568/1316/32 569/1317/32 566/1314/32 
f 570/1318/34 566/1314/34 569/1317/34 
f 569/1317/34 571/1319/34 570/1318/34 
f 572/1320/34 570/1318/34 571/1319/34 
f 571/1319/34 573/1321/34 572/1320/34 
f 574/1322/34 572/1320/34 573/1321/34 
f 573/1321/34 575/1323/34 574/1322/34 
f 576/1324/34 574/1322/34 575/1323/34 
f 575/1323/34 577/1325/34 576/1324/34 
f 578/1326/36 576/1324/36 577/1325/36 
f 577/1325/36 579/1327/36 578/1326/36 
f 580/1328/36 578/1326/36 579/1327/36 
f 579/1327/33 581/1329/33 580/1328/33 
f 582/1330/33 580/1328/33 581/1329/33 
f 581/1329/33 583/1331/33 582/1330/33 
f 584/1332/33 582/1330/33 583/1331/33 
f 583/1331/33 585/1333/33 584/1332/33 
f 585/1333/33 586/1334/33 584/1332/33 
f 586/1334/36 587/1335/36 584/1332/36 
f 567/1315/33 584/1332/33 587/1335/33 
f 587/1335/33 588/1336/33 567/1315/33 
f 588/1336/32 589/1337/32 567/1315/32 
f 589/1337/32 568/1316/32 567/1315/32 
f 590/1338/93 591/1339/93 566/1340/93 
f 566/1340/93 570/1341/93 590/1338/93 
f 592/1342/84 590/1338/84 570/1341/84 
f 570/1341/84 572/1343/84 592/1342/84 
f 593/1344/85 592/1342/85 572/1343/85 
f 572/1343/85 574/1345/85 593/1344/85 
f 594/1346/47 593/1344/47 574/1345/47 
f 574/1345/47 576/1347/47 594/1346/47 
f 595/1348/75 594/1346/75 576/1347/75 
f 576/1347/75 578/1349/75 595/1348/75 
f 596/1350/76 595/1348/76 578/1349/76 
f 578/1349/76 580/1351/76 596/1350/76 
f 597/1352/86 596/1350/86 580/1351/86 
f 580/1351/86 582/1353/86 597/1352/86 
f 598/1354/24 567/1355/24 566/1340/24 
f 566/1340/24 591/1339/24 598/1354/24 
f 584/1356/9 599/1357/9 597/1352/9 
f 597/1352/9 582/1353/9 584/1356/9 
f 591/1358/94 600/1359/94 601/1360/94 
f 601/1360/95 598/1361/95 591/1358/95 
f 590/1362/96 602/1363/96 600/1359/96 
f 600/1359/96 591/1358/96 590/1362/96 
f 592/1364/97 603/1365/97 602/1363/97 
f 602/1363/96 590/1362/96 592/1364/96 
f 593/1366/97 604/1367/97 603/1365/97 
f 603/1365/97 592/1364/97 593/1366/97 
f 594/1368/97 605/1369/97 604/1367/97 
f 604/1367/97 593/1366/97 594/1368/97 
f 595/1370/98 606/1371/98 605/1369/98 
f 605/1369/98 594/1368/98 595/1370/98 
f 596/1372/99 607/1373/99 606/1371/99 
f 606/1371/99 595/1370/99 596/1372/99 
f 597/1374/57 608/1375/57 607/1373/57 
f 607/1373/57 596/1372/57 597/1374/57 
f 599/1376/16 609/1377/16 608/1375/16 
f 608/1375/57 597/1374/57 599/1376/57 
f 609/1377/16 599/1376/16 610/1378/16 
f 610/1378/17 599/1376/17 611/1379/17 
f 598/1361/16 612/1380/16 611/1379/16 
f 611/1379/17 599/1376/17 598/1361/17 
f 612/1380/17 598/1361/17 613/1381/17 
f 613/1381/16 598/1361/16 601/1360/16 
f 614/1382/89 615/1383/89 601/1384/89 
f 601/1384/89 600/1385/89 614/1382/89 
f 616/1386/83 614/1382/83 600/1385/83 
f 600/1385/83 602/1387/83 616/1386/83 
f 617/1388/84 616/1386/84 602/1387/84 
f 602/1387/84 603/1389/84 617/1388/84 
f 618/1390/85 617/1391/85 603/1392/85 
f 603/1392/85 604/1393/85 618/1390/85 
f 619/1394/47 618/1390/47 604/1393/47 
f 604/1393/47 605/1395/47 619/1394/47 
f 620/1396/75 619/1394/75 605/1395/75 
f 605/1395/75 606/1397/75 620/1396/75 
f 621/1398/76 620/1399/76 606/1400/76 
f 606/1400/76 607/1401/76 621/1398/76 
f 622/1402/86 621/1398/86 607/1401/86 
f 607/1401/86 608/1403/86 622/1402/86 
f 623/1404/90 622/1402/90 608/1403/90 
f 608/1403/90 609/1405/90 623/1404/90 
f 624/1406/79 623/1404/79 609/1405/79 
f 609/1405/79 610/1407/79 624/1406/79 
f 625/1408/80 624/1409/80 610/1410/80 
f 610/1410/80 611/1411/80 625/1408/80 
f 626/1412/46 625/1408/46 611/1411/46 
f 611/1411/46 612/1413/46 626/1412/46 
f 627/1414/91 626/1412/91 612/1413/91 
f 612/1413/91 613/1415/91 627/1414/91 
f 615/1383/92 627/1416/92 613/1417/92 
f 613/1417/92 601/1384/92 615/1383/92 
f 628/1418/47 629/1419/47 584/1420/47 
f 584/1420/47 567/1421/47 628/1418/47 
f 630/1422/47 628/1418/47 567/1421/47 
f 567/1421/47 598/1423/47 630/1422/47 
f 629/1419/47 631/1424/47 599/1425/47 
f 599/1425/47 584/1420/47 629/1419/47 
f 631/1424/47 630/1422/47 598/1423/47 
f 598/1423/47 599/1425/47 631/1424/47 
f 632/1426/33 633/1427/33 634/1428/33 
f 634/1428/33 635/1429/33 632/1426/33 
f 633/1430/87 636/1431/87 637/1432/87 
f 637/1432/87 634/1433/87 633/1430/87 
f 638/1434/100 632/1435/100 635/1436/100 
f 635/1436/100 639/1437/88 638/1434/100 
f 636/1438/16 638/1439/16 639/1440/16 
f 639/1440/16 637/1441/17 636/1438/16 
f 583/1442/101 581/1443/101 559/1294/101 
f 559/1294/102 560/1298/102 583/1442/102 
f 585/1444/103 583/1442/103 560/1298/103 
f 560/1298/104 561/1300/104 585/1444/104 
f 586/1445/105 585/1446/105 561/1447/105 
f 561/1447/106 562/1448/106 586/1445/106 
f 587/1449/107 586/1450/107 562/1305/107 
f 562/1305/108 563/1304/108 587/1449/108 
f 588/1451/109 587/1449/109 563/1304/109 
f 563/1304/109 564/1308/109 588/1451/109 
f 589/1452/110 588/1451/110 564/1308/110 
f 564/1308/110 565/1310/110 589/1452/110 
f 568/1453/111 589/1454/111 565/1455/111 
f 565/1455/112 553/1456/112 568/1453/112 
f 569/1457/113 568/1458/113 553/1279/113 
f 553/1279/114 552/1278/114 569/1457/114 
f 571/1459/115 569/1457/115 552/1278/115 
f 552/1278/116 554/1282/116 571/1459/116 
f 573/1460/117 571/1461/117 554/1462/117 
f 554/1462/118 555/1463/118 573/1460/118 
f 575/1464/119 573/1465/119 555/1287/119 
f 555/1287/119 556/1286/119 575/1464/119 
f 577/1466/120 575/1464/120 556/1286/120 
f 556/1286/120 557/1290/120 577/1466/120 
f 579/1467/121 577/1466/121 557/1290/121 
f 557/1290/121 558/1292/121 579/1467/121 
f 581/1468/122 579/1469/122 558/1470/122 
f 558/1470/123 559/1471/123 581/1468/123 
f 640/1472/36 641/1473/36 642/1474/36 
f 642/1474/36 643/1475/36 640/1472/36 
f 644/1476/36 645/1477/36 629/1478/36 
f 629/1478/36 628/1479/36 644/1476/36 
f 641/1480/24 646/1481/24 647/1482/24 
f 647/1482/24 642/1483/24 641/1480/24 
f 648/1484/24 644/1485/24 628/1486/24 
f 628/1486/24 630/1487/24 648/1484/24 
f 649/1488/9 640/1489/9 643/1490/9 
f 643/1490/9 650/1491/9 649/1488/9 
f 645/1492/9 651/1493/9 631/1494/9 
f 631/1494/9 629/1495/9 645/1492/9 
f 646/1496/16 649/1497/16 650/1498/16 
f 650/1498/16 647/1499/16 646/1496/16 
f 651/1500/17 648/1501/17 630/1502/17 
f 630/1502/17 631/1503/17 651/1500/17 
f 635/1504/47 634/1505/47 641/1506/47 
f 641/1506/47 640/1507/47 635/1504/47 
f 639/1508/47 635/1504/47 640/1507/47 
f 640/1507/47 649/1509/47 639/1508/47 
f 637/1510/47 639/1508/47 649/1509/47 
f 649/1509/47 646/1511/47 637/1510/47 
f 634/1505/47 637/1510/47 646/1511/47 
f 646/1511/47 641/1506/47 634/1505/47 
f 633/1512/124 632/1513/124 645/1514/124 
f 645/1514/125 644/1515/125 633/1512/125 
f 636/1516/46 633/1512/46 644/1515/46 
f 644/1515/46 648/1517/46 636/1516/46 
f 638/1518/46 636/1516/46 648/1517/46 
f 648/1517/46 651/1519/46 638/1518/46 
f 632/1513/126 638/1518/126 651/1519/126 
f 651/1519/127 645/1514/127 632/1513/127 
f 652/1520/33 653/1521/33 615/1522/33 
f 615/1522/33 614/1523/33 652/1520/33 
f 654/1524/33 652/1520/33 614/1523/33 
f 614/1523/33 616/1525/33 654/1524/33 
f 655/1526/33 654/1524/33 616/1525/33 
f 616/1525/33 617/1527/33 655/1526/33 
f 656/1528/33 655/1526/33 617/1527/33 
f 617/1527/33 618/1529/33 656/1528/33 
f 657/1530/33 656/1528/33 618/1529/33 
f 618/1529/33 619/1531/33 657/1530/33 
f 658/1532/33 657/1530/33 619/1531/33 
f 619/1531/33 620/1533/33 658/1532/33 
f 659/1534/33 658/1532/33 620/1533/33 
f 620/1533/33 621/1535/33 659/1534/33 
f 660/1536/33 659/1534/33 621/1535/33 
f 621/1535/33 622/1537/33 660/1536/33 
f 661/1538/33 660/1536/33 622/1537/33 
f 622/1537/33 623/1539/33 661/1538/33 
f 662/1540/33 661/1538/33 623/1539/33 
f 623/1539/33 624/1541/33 662/1540/33 
f 663/1542/33 662/1540/33 624/1541/33 
f 624/1541/33 625/1543/33 663/1542/33 
f 664/1544/33 663/1542/33 625/1543/33 
f 625/1543/33 626/1545/33 664/1544/33 
f 665/1546/33 664/1544/33 626/1545/33 
f 626/1545/33 627/1547/33 665/1546/33 
f 653/1521/33 665/1546/33 627/1547/33 
f 627/1547/33 615/1522/33 653/1521/33 
f 666/1548/128 667/1549/128 653/1521/128 
f 653/1521/128 652/1520/128 666/1548/128 
f 668/1550/129 666/1548/129 652/1520/129 
f 652/1520/129 654/1524/129 668/1550/129 
f 669/1551/130 668/1550/130 654/1524/130 
f 654/1524/130 655/1526/130 669/1551/130 
f 670/1552/131 669/1551/131 655/1526/131 
f 655/1526/131 656/1528/131 670/1552/131 
f 671/1553/132 670/1552/132 656/1528/132 
f 656/1528/132 657/1530/132 671/1553/132 
f 672/1554/133 671/1553/133 657/1530/133 
f 657/1530/133 658/1532/133 672/1554/133 
f 673/1555/134 672/1554/134 658/1532/134 
f 658/1532/134 659/1534/134 673/1555/134 
f 674/1556/135 673/1555/135 659/1534/135 
f 659/1534/136 660/1536/136 674/1556/136 
f 675/1557/137 674/1556/137 660/1536/137 
f 660/1536/137 661/1538/137 675/1557/137 
f 676/1558/138 675/1557/138 661/1538/138 
f 661/1538/138 662/1540/138 676/1558/138 
f 677/1559/139 676/1558/139 662/1540/139 
f 662/1540/139 663/1542/139 677/1559/139 
f 678/1560/140 677/1559/140 663/1542/140 
f 663/1542/141 664/1544/141 678/1560/141 
f 679/1561/142 678/1560/142 664/1544/142 
f 664/1544/142 665/1546/142 679/1561/142 
f 667/1549/143 679/1561/143 665/1546/143 
f 665/1546/143 653/1521/143 667/1549/143 
f 680/1562/144 681/1563/144 667/1549/144 
f 667/1549/144 666/1548/144 680/1562/144 
f 682/1564/145 680/1562/145 666/1548/145 
f 666/1548/145 668/1550/145 682/1564/145 
f 683/1565/146 682/1564/146 668/1550/146 
f 668/1550/146 669/1551/146 683/1565/146 
f 684/1566/147 683/1565/147 669/1551/147 
f 669/1551/148 670/1552/148 684/1566/148 
f 685/1567/149 684/1566/149 670/1552/149 
f 670/1552/149 671/1553/149 685/1567/149 
f 686/1568/150 685/1567/150 671/1553/150 
f 671/1553/150 672/1554/150 686/1568/150 
f 687/1569/151 686/1568/151 672/1554/151 
f 672/1554/151 673/1555/151 687/1569/151 
f 688/1570/152 687/1569/152 673/1555/152 
f 673/1555/152 674/1556/152 688/1570/152 
f 689/1571/153 688/1570/153 674/1556/153 
f 674/1556/153 675/1557/153 689/1571/153 
f 690/1572/154 689/1571/154 675/1557/154 
f 675/1557/154 676/1558/154 690/1572/154 
f 691/1573/155 690/1572/155 676/1558/155 
f 676/1558/155 677/1559/155 691/1573/155 
f 692/1574/156 691/1573/156 677/1559/156 
f 677/1559/156 678/1560/156 692/1574/156 
f 693/1575/157 692/1574/157 678/1560/157 
f 678/1560/157 679/1561/157 693/1575/157 
f 681/1563/158 693/1575/158 679/1561/158 
f 679/1561/158 667/1549/158 681/1563/158 
f 681/1576/159 694/1577/159 695/1578/159 
f 680/1579/160 696/1580/160 697/1581/160 
f 682/1582/161 698/1583/161 699/1584/161 
f 683/1585/162 700/1586/162 701/1587/162 
f 684/1588/163 702/1589/163 703/1590/163 
f 685/1591/164 704/1592/164 705/1593/164 
f 686/1594/165 706/1595/165 707/1596/165 
f 687/1597/166 708/1598/166 709/1599/166 
f 688/1600/167 710/1601/167 711/1602/167 
f 689/1603/168 712/1604/168 713/1605/168 
f 690/1606/169 714/1607/169 715/1608/169 
f 691/1609/170 716/1610/170 717/1611/170 
f 692/1612/171 718/1613/171 719/1614/171 
f 693/1615/172 720/1616/172 721/1617/172 
f 722/1618/173 723/1619/173 724/1620/173 
f 724/1620/174 725/1621/174 722/1618/174 
f 726/1622/175 722/1618/175 725/1621/175 
f 725/1621/176 727/1623/176 726/1622/176 
f 728/1624/177 726/1622/177 727/1623/177 
f 727/1623/177 729/1625/177 728/1624/177 
f 730/1626/178 728/1624/178 729/1625/178 
f 729/1625/178 731/1627/178 730/1626/178 
f 732/1628/179 730/1626/179 731/1627/179 
f 731/1627/179 733/1629/179 732/1628/179 
f 734/1630/180 732/1628/180 733/1629/180 
f 733/1629/180 735/1631/180 734/1630/180 
f 736/1632/181 734/1630/181 735/1631/181 
f 735/1631/181 737/1633/181 736/1632/181 
f 738/1634/182 736/1632/182 737/1633/182 
f 737/1633/182 739/1635/182 738/1634/182 
f 740/1636/183 738/1634/183 739/1635/183 
f 739/1635/183 741/1637/183 740/1636/183 
f 742/1638/184 740/1636/184 741/1637/184 
f 741/1637/184 743/1639/184 742/1638/184 
f 744/1640/185 742/1638/185 743/1639/185 
f 743/1639/185 745/1641/185 744/1640/185 
f 746/1642/186 744/1640/186 745/1641/186 
f 745/1641/186 747/1643/186 746/1642/186 
f 748/1644/187 746/1642/187 747/1643/187 
f 747/1643/187 749/1645/187 748/1644/187 
f 723/1619/188 748/1644/188 749/1645/188 
f 749/1645/188 724/1620/188 723/1619/188 
f 750/1646/189 751/1647/189 723/1619/189 
f 723/1619/189 722/1618/189 750/1646/189 
f 752/1648/190 750/1646/190 722/1618/190 
f 722/1618/190 726/1622/190 752/1648/190 
f 753/1649/191 752/1648/191 726/1622/191 
f 726/1622/191 728/1624/191 753/1649/191 
f 754/1650/192 753/1649/192 728/1624/192 
f 728/1624/192 730/1626/192 754/1650/192 
f 755/1651/193 754/1650/193 730/1626/193 
f 730/1626/193 732/1628/193 755/1651/193 
f 756/1652/194 755/1651/194 732/1628/194 
f 732/1628/194 734/1630/194 756/1652/194 
f 757/1653/195 756/1652/195 734/1630/195 
f 734/1630/195 736/1632/195 757/1653/195 
f 758/1654/196 757/1653/196 736/1632/196 
f 736/1632/196 738/1634/196 758/1654/196 
f 759/1655/197 758/1654/197 738/1634/197 
f 738/1634/197 740/1636/197 759/1655/197 
f 760/1656/198 759/1655/198 740/1636/198 
f 740/1636/198 742/1638/198 760/1656/198 
f 761/1657/199 760/1656/199 742/1638/199 
f 742/1638/200 744/1640/200 761/1657/200 
f 762/1658/201 761/1657/201 744/1640/201 
f 744/1640/201 746/1642/201 762/1658/201 
f 763/1659/202 762/1658/202 746/1642/202 
f 746/1642/202 748/1644/202 763/1659/202 
f 751/1647/203 763/1659/203 748/1644/203 
f 748/1644/203 723/1619/203 751/1647/203 
f 751/1660/204 764/1661/204 765/1662/204 
f 750/1663/205 766/1664/205 767/1665/205 
f 752/1666/206 768/1667/206 769/1668/206 
f 753/1669/207 770/1670/207 771/1671/207 
f 754/1672/208 772/1673/208 773/1674/208 
f 755/1675/209 774/1676/209 775/1677/209 
f 756/1678/210 776/1679/210 777/1680/210 
f 757/1681/211 778/1682/211 779/1683/211 
f 758/1684/212 780/1685/212 781/1686/212 
f 759/1687/213 782/1688/213 783/1689/213 
f 760/1690/214 784/1691/214 785/1692/214 
f 761/1693/215 786/1694/215 787/1695/215 
f 762/1696/216 788/1697/216 789/1698/216 
f 763/1699/217 790/1700/217 791/1701/217 
f 792/1702/90 793/1703/90 794/1704/90 
f 794/1704/90 795/1705/90 792/1702/90 
f 796/1706/77 797/1707/77 798/1708/77 
f 798/1708/77 799/1709/77 796/1706/77 
f 800/1710/76 801/1711/76 802/1712/76 
f 802/1712/76 803/1713/76 800/1710/76 
f 804/1714/75 805/1715/75 806/1716/75 
f 806/1716/75 807/1717/75 804/1714/75 
f 808/1718/47 809/1719/47 810/1720/47 
f 810/1720/47 811/1721/47 808/1718/47 
f 812/1722/85 813/1723/85 814/1724/85 
f 814/1724/85 815/1725/85 812/1722/85 
f 816/1726/84 817/1727/84 818/1728/84 
f 818/1728/84 819/1729/84 816/1726/84 
f 820/1730/218 821/1731/218 822/1732/218 
f 822/1732/218 823/1733/83 820/1730/218 
f 824/1734/89 825/1735/89 826/1736/89 
f 826/1736/89 827/1737/89 824/1734/89 
f 828/1738/92 829/1739/92 830/1740/92 
f 830/1740/92 831/1741/92 828/1738/92 
f 832/1742/91 833/1743/91 834/1744/91 
f 834/1744/91 835/1745/91 832/1742/91 
f 836/1746/80 837/1747/80 838/1748/80 
f 838/1748/80 839/1749/80 836/1746/80 
f 840/1750/79 841/1751/79 842/1752/79 
f 842/1752/79 843/1753/79 840/1750/79 
f 844/1754/78 845/1755/78 846/1756/78 
f 846/1756/78 847/1757/78 844/1754/78 
f 848/1758/86 849/1759/86 850/1760/86 
f 850/1760/86 851/1761/86 848/1758/86 
f 852/1762/76 853/1763/76 854/1764/76 
f 854/1764/76 855/1765/219 852/1762/76 
f 856/1766/75 857/1767/75 858/1768/75 
f 858/1768/75 859/1769/75 856/1766/75 
f 860/1770/47 861/1771/47 862/1772/47 
f 862/1772/47 863/1773/47 860/1770/47 
f 864/1774/85 865/1775/85 866/1776/85 
f 866/1776/85 867/1777/85 864/1774/85 
f 868/1778/84 869/1779/84 870/1780/84 
f 870/1780/84 871/1781/73 868/1778/84 
f 872/1782/83 873/1783/83 874/1784/83 
f 874/1784/83 875/1785/83 872/1782/83 
f 876/1786/89 877/1787/89 878/1788/89 
f 878/1788/89 879/1789/89 876/1786/89 
f 880/1790/92 881/1791/92 882/1792/92 
f 882/1792/92 883/1793/92 880/1790/92 
f 884/1794/91 885/1795/91 886/1796/91 
f 886/1796/91 887/1797/91 884/1794/91 
f 888/1798/80 889/1799/80 890/1800/80 
f 890/1800/80 891/1801/80 888/1798/80 
f 892/1802/220 893/1803/220 894/1804/220 
f 894/1804/220 895/1805/220 892/1802/220 
f 896/1806/221 897/1807/221 765/1662/221 
f 765/1662/90 764/1661/90 896/1806/90 
f 898/1808/90 896/1806/90 764/1661/90 
f 764/1661/221 710/1601/221 898/1808/221 
f 710/1601/221 899/1809/221 898/1808/221 
f 897/1807/90 899/1809/90 713/1605/90 
f 713/1605/90 765/1662/90 897/1807/90 
f 900/1810/222 901/1811/222 767/1665/222 
f 767/1665/223 766/1664/223 900/1810/223 
f 902/1812/86 900/1810/86 766/1664/86 
f 766/1664/86 708/1598/86 902/1812/86 
f 708/1598/222 903/1813/222 902/1812/222 
f 901/1811/86 903/1813/86 711/1602/86 
f 711/1602/86 767/1665/86 901/1811/86 
f 904/1814/224 905/1815/224 769/1668/224 
f 769/1668/225 768/1667/225 904/1814/225 
f 906/1816/226 904/1814/226 768/1667/226 
f 768/1667/226 706/1595/226 906/1816/226 
f 706/1595/227 907/1817/227 906/1816/227 
f 905/1815/228 907/1817/228 709/1599/228 
f 709/1599/228 769/1668/228 905/1815/228 
f 908/1818/229 909/1819/229 771/1671/229 
f 771/1671/75 770/1670/75 908/1818/75 
f 910/1820/75 908/1818/75 770/1670/75 
f 770/1670/75 704/1592/75 910/1820/75 
f 704/1592/229 911/1821/229 910/1820/229 
f 909/1819/75 911/1821/75 707/1596/75 
f 707/1596/75 771/1671/75 909/1819/75 
f 912/1822/47 913/1823/47 773/1674/47 
f 773/1674/47 772/1673/47 912/1822/47 
f 914/1824/47 912/1822/47 772/1673/47 
f 772/1673/47 702/1589/47 914/1824/47 
f 915/1825/47 914/1824/47 702/1589/47 
f 702/1589/47 705/1593/47 915/1825/47 
f 913/1823/47 915/1825/47 705/1593/47 
f 705/1593/47 773/1674/47 913/1823/47 
f 916/1826/85 917/1827/85 775/1677/85 
f 775/1677/85 774/1676/85 916/1826/85 
f 918/1828/230 916/1826/230 774/1676/230 
f 774/1676/230 700/1586/230 918/1828/230 
f 919/1829/231 918/1828/231 700/1586/231 
f 700/1586/74 703/1590/74 919/1829/74 
f 917/1827/85 919/1829/85 703/1590/85 
f 703/1590/85 775/1677/85 917/1827/85 
f 920/1830/73 921/1831/73 777/1680/73 
f 777/1680/232 776/1679/232 920/1830/232 
f 922/1832/233 920/1830/233 776/1679/233 
f 776/1679/233 698/1583/233 922/1832/233 
f 923/1833/234 922/1832/234 698/1583/234 
f 698/1583/232 701/1587/232 923/1833/232 
f 921/1831/233 923/1833/233 701/1587/233 
f 701/1587/235 777/1680/235 921/1831/235 
f 924/1834/83 925/1835/83 779/1683/83 
f 779/1683/236 778/1682/236 924/1834/236 
f 926/1836/93 924/1834/93 778/1682/93 
f 778/1682/93 696/1580/93 926/1836/93 
f 927/1837/237 926/1836/237 696/1580/237 
f 696/1580/237 699/1584/237 927/1837/237 
f 925/1835/83 927/1837/83 699/1584/83 
f 699/1584/83 779/1683/83 925/1835/83 
f 928/1838/238 929/1839/238 781/1686/238 
f 781/1686/239 780/1685/239 928/1838/239 
f 930/1840/89 928/1838/89 780/1685/89 
f 780/1685/89 694/1577/89 930/1840/89 
f 931/1841/238 930/1840/238 694/1577/238 
f 694/1577/239 697/1581/239 931/1841/239 
f 929/1839/89 931/1841/89 697/1581/89 
f 697/1581/89 781/1686/89 929/1839/89 
f 932/1842/82 933/1843/82 783/1689/82 
f 783/1689/240 782/1688/240 932/1842/240 
f 934/1844/241 932/1842/241 782/1688/241 
f 782/1688/241 720/1616/241 934/1844/241 
f 935/1845/242 934/1844/242 720/1616/242 
f 720/1616/243 695/1578/243 935/1845/243 
f 933/1843/244 935/1845/244 695/1578/244 
f 695/1578/244 783/1689/244 933/1843/244 
f 936/1846/81 937/1847/81 785/1692/81 
f 785/1692/245 784/1691/245 936/1846/245 
f 938/1848/246 936/1846/246 784/1691/246 
f 784/1691/91 718/1613/91 938/1848/91 
f 939/1849/81 938/1848/81 718/1613/81 
f 718/1613/81 721/1850/81 939/1849/81 
f 937/1847/246 939/1849/246 721/1850/246 
f 721/1850/81 785/1692/81 937/1847/81 
f 940/1851/247 941/1852/247 789/1698/247 
f 789/1698/248 788/1697/248 940/1851/248 
f 942/1853/80 940/1851/80 788/1697/80 
f 788/1697/80 714/1607/80 942/1853/80 
f 943/1854/80 942/1853/80 714/1607/80 
f 714/1607/248 717/1611/248 943/1854/248 
f 941/1852/80 943/1854/80 717/1611/80 
f 717/1611/249 789/1698/249 941/1852/249 
f 944/1855/79 945/1856/79 791/1701/79 
f 791/1701/250 790/1700/250 944/1855/250 
f 946/1857/251 944/1855/251 790/1700/251 
f 790/1700/252 712/1604/252 946/1857/252 
f 712/1604/253 947/1858/253 946/1857/253 
f 945/1856/254 947/1858/254 715/1608/254 
f 715/1608/255 791/1701/255 945/1856/255 
f 948/1859/256 949/1860/256 764/1661/256 
f 764/1661/257 767/1665/257 948/1859/257 
f 950/1861/90 948/1859/90 767/1665/90 
f 767/1665/90 711/1602/90 950/1861/90 
f 711/1602/256 951/1862/256 950/1861/256 
f 949/1860/221 951/1862/221 710/1601/221 
f 710/1601/221 764/1661/221 949/1860/221 
f 952/1863/86 953/1864/86 766/1664/86 
f 766/1664/258 769/1668/258 952/1863/258 
f 954/1865/86 952/1863/86 769/1668/86 
f 769/1668/86 709/1599/86 954/1865/86 
f 709/1599/86 955/1866/86 954/1865/86 
f 953/1864/86 955/1866/86 708/1598/86 
f 708/1598/86 766/1664/86 953/1864/86 
f 956/1867/225 957/1868/225 768/1667/225 
f 768/1667/224 771/1671/224 956/1867/224 
f 958/1869/259 956/1867/259 771/1671/259 
f 771/1671/259 707/1596/259 958/1869/259 
f 707/1596/219 959/1870/219 958/1869/219 
f 957/1868/260 959/1870/260 706/1595/260 
f 706/1595/260 768/1667/260 957/1868/260 
f 960/1871/229 961/1872/229 770/1670/229 
f 770/1670/75 773/1674/75 960/1871/75 
f 962/1873/229 960/1871/229 773/1674/229 
f 773/1674/261 705/1593/261 962/1873/261 
f 963/1874/262 962/1873/262 705/1593/262 
f 705/1593/75 704/1592/75 963/1874/75 
f 961/1872/75 963/1874/75 704/1592/75 
f 704/1592/75 770/1670/75 961/1872/75 
f 964/1875/47 965/1876/47 772/1673/47 
f 772/1673/47 775/1677/47 964/1875/47 
f 966/1877/47 964/1875/47 775/1677/47 
f 775/1677/47 703/1590/47 966/1877/47 
f 967/1878/47 966/1877/47 703/1590/47 
f 703/1590/47 702/1589/47 967/1878/47 
f 965/1876/47 967/1878/47 702/1589/47 
f 702/1589/47 772/1673/47 965/1876/47 
f 968/1879/231 969/1880/231 774/1676/231 
f 774/1676/74 777/1680/74 968/1879/74 
f 970/1881/85 968/1879/85 777/1680/85 
f 777/1680/263 701/1587/263 970/1881/263 
f 971/1882/231 970/1881/231 701/1587/231 
f 701/1587/74 700/1586/74 971/1882/74 
f 969/1880/85 971/1882/85 700/1586/85 
f 700/1586/230 774/1676/230 969/1880/230 
f 972/1883/264 973/1884/264 776/1679/264 
f 776/1679/233 779/1683/233 972/1883/233 
f 974/1885/233 972/1883/233 779/1683/233 
f 779/1683/233 699/1584/233 974/1885/233 
f 975/1886/84 974/1885/84 699/1584/84 
f 699/1584/265 698/1583/265 975/1886/265 
f 973/1884/266 975/1886/266 698/1583/266 
f 698/1583/266 776/1679/266 973/1884/266 
f 976/1887/267 977/1888/267 778/1682/267 
f 778/1682/237 781/1686/237 976/1887/237 
f 978/1889/83 976/1887/83 781/1686/83 
f 781/1686/83 697/1581/83 978/1889/83 
f 979/1890/267 978/1889/267 697/1581/267 
f 697/1581/237 696/1580/237 979/1890/237 
f 977/1888/83 979/1890/83 696/1580/83 
f 696/1580/83 778/1682/83 977/1888/83 
f 980/1891/239 981/1892/239 780/1685/239 
f 780/1685/239 783/1689/239 980/1891/239 
f 982/1893/89 980/1891/89 783/1689/89 
f 783/1689/89 695/1578/89 982/1893/89 
f 983/1894/268 982/1893/268 695/1578/268 
f 695/1578/269 694/1577/269 983/1894/269 
f 981/1892/270 983/1894/270 694/1577/270 
f 694/1577/271 780/1685/271 981/1892/271 
f 984/1895/272 985/1896/272 782/1688/272 
f 782/1688/82 785/1897/82 984/1895/82 
f 986/1898/273 984/1895/273 785/1897/273 
f 785/1897/243 721/1617/243 986/1898/243 
f 987/1899/272 986/1898/272 721/1617/272 
f 721/1617/274 720/1616/274 987/1899/274 
f 985/1896/244 987/1899/244 720/1616/244 
f 720/1616/244 782/1688/244 985/1896/244 
f 988/1900/275 989/1901/275 784/1691/275 
f 784/1691/91 787/1695/91 988/1900/91 
f 990/1902/91 988/1900/91 787/1695/91 
f 787/1695/91 719/1614/91 990/1902/91 
f 991/1903/81 990/1902/81 719/1614/81 
f 719/1614/81 718/1613/81 991/1903/81 
f 989/1901/246 991/1903/246 718/1613/246 
f 718/1613/246 784/1691/246 989/1901/246 
f 992/1904/80 993/1905/80 788/1697/80 
f 788/1697/248 791/1701/248 992/1904/248 
f 994/1906/248 992/1904/248 791/1701/248 
f 791/1701/248 715/1608/248 994/1906/248 
f 715/1608/80 714/1607/80 994/1906/80 
f 993/1905/80 995/1907/80 714/1607/80 
f 714/1607/80 788/1697/80 993/1905/80 
f 996/1908/250 997/1909/250 790/1700/250 
f 790/1700/276 765/1662/276 996/1908/276 
f 998/1910/277 996/1908/277 765/1662/277 
f 765/1662/278 713/1605/278 998/1910/278 
f 713/1605/279 999/1911/279 998/1910/279 
f 997/1909/280 999/1911/280 712/1604/280 
f 712/1604/280 790/1700/280 997/1909/280 
f 794/1912/33 793/1913/33 897/1914/33 
f 897/1914/33 896/1915/33 794/1912/33 
f 795/1916/281 794/1917/281 896/1918/281 
f 896/1918/282 898/1919/282 795/1916/282 
f 898/1920/16 792/1921/16 795/1922/16 
f 793/1923/283 792/1924/283 899/1925/283 
f 899/1925/283 897/1926/283 793/1923/283 
f 798/1927/33 797/1928/33 901/1929/33 
f 901/1929/33 900/1930/33 798/1927/33 
f 799/1931/284 798/1932/284 900/1933/284 
f 900/1933/284 902/1934/284 799/1931/284 
f 902/1935/16 796/1936/16 799/1937/16 
f 797/1938/285 796/1939/285 903/1940/285 
f 903/1940/285 901/1941/285 797/1938/285 
f 802/1942/33 801/1943/33 905/1944/33 
f 905/1944/33 904/1945/33 802/1942/33 
f 803/1946/286 802/1947/286 904/1948/286 
f 904/1948/286 906/1949/286 803/1946/286 
f 906/1950/16 800/1951/16 803/1952/16 
f 801/1953/287 800/1954/287 907/1955/287 
f 907/1955/287 905/1956/287 801/1953/287 
f 806/1957/33 805/1958/33 909/1959/33 
f 909/1959/33 908/1960/33 806/1957/33 
f 807/1961/288 806/1962/288 908/1963/288 
f 908/1963/288 910/1964/288 807/1961/288 
f 804/1965/16 807/1966/16 910/1967/16 
f 910/1967/16 911/1968/16 804/1965/16 
f 805/1969/289 804/1970/289 911/1971/289 
f 911/1971/289 909/1972/289 805/1969/289 
f 810/1973/33 809/1974/33 913/1975/33 
f 913/1975/33 912/1976/33 810/1973/33 
f 811/1977/9 810/1978/9 912/1979/9 
f 912/1979/9 914/1980/9 811/1977/9 
f 808/1981/16 811/1982/16 914/1983/16 
f 914/1983/16 915/1984/16 808/1981/16 
f 809/1985/24 808/1986/24 915/1987/24 
f 915/1987/24 913/1988/24 809/1985/24 
f 814/1989/33 813/1990/33 917/1991/33 
f 917/1991/33 916/1992/33 814/1989/33 
f 815/1993/290 814/1994/290 916/1995/290 
f 916/1995/290 918/1996/290 815/1993/290 
f 812/1997/16 815/1998/16 918/1999/16 
f 918/1999/16 919/2000/16 812/1997/16 
f 813/2001/291 812/2002/291 919/2003/291 
f 919/2003/291 917/2004/291 813/2001/291 
f 818/2005/33 817/2006/33 921/2007/33 
f 921/2007/33 920/2008/33 818/2005/33 
f 819/2009/292 818/2010/292 920/2011/292 
f 920/2011/292 922/2012/292 819/2009/292 
f 816/2013/16 819/2014/16 922/2015/16 
f 922/2015/16 923/2016/16 816/2013/16 
f 817/2017/293 816/2018/293 923/2019/293 
f 923/2019/294 921/2020/294 817/2017/294 
f 822/2021/33 821/2022/33 925/2023/33 
f 925/2023/33 924/2024/33 822/2021/33 
f 823/2025/295 822/2026/295 924/2027/295 
f 924/2027/295 926/2028/295 823/2025/295 
f 820/2029/16 823/2030/16 926/2031/16 
f 926/2031/16 927/2032/16 820/2029/16 
f 821/2033/296 820/2034/296 927/2035/296 
f 927/2035/296 925/2036/296 821/2033/296 
f 826/2037/33 825/2038/33 929/2039/33 
f 929/2039/33 928/2040/33 826/2037/33 
f 827/2041/285 826/2042/285 928/2043/285 
f 928/2043/297 930/2044/297 827/2041/297 
f 824/2045/16 827/2046/16 930/2047/16 
f 930/2047/16 931/2048/16 824/2045/16 
f 825/2049/298 824/2050/298 931/2051/298 
f 931/2051/298 929/2052/298 825/2049/298 
f 830/2053/33 829/2054/33 933/2055/33 
f 933/2055/33 932/2056/33 830/2053/33 
f 831/2057/299 830/2058/299 932/2059/299 
f 932/2059/287 934/2060/287 831/2057/287 
f 828/2061/16 831/2062/16 934/2063/16 
f 934/2063/16 935/2064/16 828/2061/16 
f 829/2065/286 828/2066/286 935/2067/286 
f 935/2067/286 933/2068/286 829/2065/286 
f 834/2069/33 833/2070/33 937/2071/33 
f 937/2071/33 936/2072/33 834/2069/33 
f 835/2073/300 834/2074/300 936/2075/300 
f 936/2075/289 938/2076/289 835/2073/289 
f 832/2077/16 835/2078/16 938/2079/16 
f 938/2079/16 939/2080/16 832/2077/16 
f 833/2081/288 832/2082/288 939/2083/288 
f 939/2083/288 937/2084/288 833/2081/288 
f 838/2085/33 837/2086/33 941/2087/33 
f 941/2087/33 940/2088/33 838/2085/33 
f 839/2089/301 838/2090/301 940/2091/301 
f 940/2091/301 942/2092/301 839/2089/301 
f 836/2093/17 839/2094/17 942/2095/17 
f 942/2095/17 943/2096/17 836/2093/17 
f 837/2097/290 836/2098/290 943/2099/290 
f 943/2099/302 941/2100/302 837/2097/302 
f 842/2101/33 841/2102/33 945/2103/33 
f 945/2103/33 944/2104/33 842/2101/33 
f 843/2105/294 842/2106/294 944/2107/294 
f 944/2107/293 946/2108/293 843/2105/293 
f 946/2109/16 840/2110/16 843/2111/16 
f 841/2112/303 840/2113/303 947/2114/303 
f 947/2114/303 945/2115/303 841/2112/303 
f 846/2116/33 845/2117/33 949/2118/33 
f 949/2118/33 948/2119/33 846/2116/33 
f 847/2120/282 846/2121/282 948/2122/282 
f 948/2122/282 950/2123/282 847/2120/282 
f 950/2124/16 844/2125/16 847/2126/16 
f 845/2127/283 844/2128/283 951/2129/283 
f 951/2129/283 949/2130/283 845/2127/283 
f 850/2131/33 849/2132/33 953/2133/33 
f 953/2133/33 952/2134/33 850/2131/33 
f 851/2135/284 850/2136/284 952/2137/284 
f 952/2137/284 954/2138/284 851/2135/284 
f 954/2139/16 848/2140/16 851/2141/16 
f 849/2142/297 848/2143/297 955/2144/297 
f 955/2144/285 953/2145/285 849/2142/285 
f 854/2146/33 853/2147/33 957/2148/33 
f 957/2148/33 956/2149/33 854/2146/33 
f 855/2150/286 854/2151/286 956/2152/286 
f 956/2152/286 958/2153/286 855/2150/286 
f 958/2154/16 852/2155/16 855/2156/16 
f 853/2157/287 852/2158/287 959/2159/287 
f 959/2159/287 957/2160/287 853/2157/287 
f 858/2161/33 857/2162/33 961/2163/33 
f 961/2163/33 960/2164/33 858/2161/33 
f 859/2165/288 858/2166/288 960/2167/288 
f 960/2167/304 962/2168/304 859/2165/304 
f 856/2169/18 859/2170/18 962/2171/18 
f 962/2171/18 963/2172/18 856/2169/18 
f 857/2173/289 856/2174/289 963/2175/289 
f 963/2175/289 961/2176/289 857/2173/289 
f 862/2177/33 861/2178/33 965/2179/33 
f 965/2179/33 964/2180/33 862/2177/33 
f 863/2181/9 862/2182/9 964/2183/9 
f 964/2183/9 966/2184/9 863/2181/9 
f 860/2185/16 863/2186/16 966/2187/16 
f 966/2187/16 967/2188/16 860/2185/16 
f 861/2189/24 860/2190/24 967/2191/24 
f 967/2191/24 965/2192/24 861/2189/24 
f 866/2193/33 865/2194/33 969/2195/33 
f 969/2195/33 968/2196/33 866/2193/33 
f 867/2197/290 866/2198/290 968/2199/290 
f 968/2199/290 970/2200/290 867/2197/290 
f 864/2201/16 867/2202/16 970/2203/16 
f 970/2203/16 971/2204/16 864/2201/16 
f 865/2205/301 864/2206/301 971/2207/301 
f 971/2207/291 969/2208/291 865/2205/291 
f 870/2209/33 869/2210/33 973/2211/33 
f 973/2211/33 972/2212/33 870/2209/33 
f 871/2213/305 870/2214/305 972/2215/305 
f 972/2215/303 974/2216/303 871/2213/303 
f 868/2217/16 871/2218/16 974/2219/16 
f 974/2219/16 975/2220/16 868/2217/16 
f 869/2221/294 868/2222/294 975/2223/294 
f 975/2223/294 973/2224/294 869/2221/294 
f 874/2225/33 873/2226/33 977/2227/33 
f 977/2227/33 976/2228/33 874/2225/33 
f 875/2229/306 874/2230/306 976/2231/306 
f 976/2231/306 978/2232/306 875/2229/306 
f 872/2233/16 875/2234/16 978/2235/16 
f 978/2235/16 979/2236/16 872/2233/16 
f 873/2237/282 872/2238/282 979/2239/282 
f 979/2239/282 977/2240/282 873/2237/282 
f 878/2241/33 877/2242/33 981/2243/33 
f 981/2243/33 980/2244/33 878/2241/33 
f 879/2245/307 878/2246/307 980/2247/307 
f 980/2247/307 982/2248/307 879/2245/307 
f 876/2249/16 879/2250/16 982/2251/16 
f 982/2251/16 983/2252/16 876/2249/16 
f 877/2253/308 876/2254/308 983/2255/308 
f 983/2255/308 981/2256/308 877/2253/308 
f 882/2257/33 881/2258/33 985/2259/33 
f 985/2259/33 984/2260/33 882/2257/33 
f 883/2261/287 882/2262/287 984/2263/287 
f 984/2263/287 986/2264/287 883/2261/287 
f 880/2265/16 883/2266/16 986/2267/16 
f 986/2267/16 987/2268/16 880/2265/16 
f 881/2269/309 880/2270/309 987/2271/309 
f 987/2271/309 985/2272/309 881/2269/309 
f 886/2273/33 885/2274/33 989/2275/33 
f 989/2275/33 988/2276/33 886/2273/33 
f 887/2277/300 886/2278/300 988/2279/300 
f 988/2279/300 990/2280/300 887/2277/300 
f 884/2281/16 887/2282/16 990/2283/16 
f 990/2283/16 991/2284/16 884/2281/16 
f 885/2285/288 884/2286/288 991/2287/288 
f 991/2287/288 989/2288/288 885/2285/288 
f 890/2289/33 889/2290/33 993/2291/33 
f 993/2291/33 992/2292/33 890/2289/33 
f 891/2293/301 890/2294/301 992/2295/301 
f 992/2295/310 994/2296/310 891/2293/310 
f 888/2297/16 891/2298/16 994/2299/16 
f 994/2299/16 995/2300/16 888/2297/16 
f 889/2301/290 888/2302/290 995/2303/290 
f 995/2303/290 993/2304/290 889/2301/290 
f 894/2305/33 893/2306/33 997/2307/33 
f 997/2307/33 996/2308/33 894/2305/33 
f 895/2309/293 894/2310/293 996/2311/293 
f 996/2311/293 998/2312/293 895/2309/293 
f 998/2313/16 892/2314/16 895/2315/16 
f 893/2316/303 892/2317/303 999/2318/303 
f 999/2318/303 997/2319/303 893/2316/303 
f 681/1576/311 680/1579/311 697/1581/311 
f 681/1576/159 697/1581/159 694/1577/159 
f 680/1579/312 682/1582/312 699/1584/312 
f 680/1579/160 699/1584/160 696/1580/160 
f 682/1582/313 683/1585/313 701/1587/313 
f 682/1582/314 701/1587/314 698/1583/314 
f 683/1585/162 684/1588/162 703/1590/162 
f 683/1585/162 703/1590/162 700/1586/162 
f 684/1588/163 685/1591/163 705/1593/163 
f 684/1588/163 705/1593/163 702/1589/163 
f 685/1591/164 686/1594/164 707/1596/164 
f 685/1591/164 707/1596/164 704/1592/164 
f 686/1594/315 687/1597/315 709/1599/315 
f 686/1594/315 709/1599/315 706/1595/315 
f 687/1597/316 688/1600/316 711/1602/316 
f 687/1597/317 711/1602/317 708/1598/317 
f 688/1600/167 689/1603/167 713/1605/167 
f 688/1600/318 713/1605/318 710/1601/318 
f 689/1603/319 690/1606/319 715/1608/319 
f 689/1603/168 715/1608/168 712/1604/168 
f 690/1606/169 691/1609/169 717/1611/169 
f 690/1606/169 717/1611/169 714/1607/169 
f 691/1609/320 692/1612/320 719/1614/320 
f 691/1609/170 719/1614/170 716/1610/170 
f 692/1612/171 693/2320/171 721/1850/171 
f 692/1612/171 721/1850/171 718/1613/171 
f 693/1615/172 681/1576/172 695/1578/172 
f 693/1615/321 695/1578/321 720/1616/321 
f 710/1601/90 713/1605/90 899/1809/90 
f 708/1598/223 711/1602/223 903/1813/223 
f 706/1595/322 709/1599/322 907/1817/322 
f 704/1592/75 707/1596/75 911/1821/75 
f 712/1604/279 715/1608/279 947/1858/279 
f 711/1602/257 710/1601/257 951/1862/257 
f 709/1599/258 708/1598/258 955/1866/258 
f 707/1596/227 706/1595/227 959/1870/227 
f 714/1607/248 995/1907/248 994/1906/248 
f 713/1605/253 712/1604/253 999/1911/253 
f 898/1920/16 899/2321/16 792/1921/16 
f 902/1935/16 903/2322/16 796/1936/16 
f 906/1950/16 907/2323/16 800/1951/16 
f 946/2109/16 947/2324/16 840/2110/16 
f 950/2124/16 951/2325/16 844/2125/16 
f 954/2139/16 955/2326/16 848/2140/16 
f 958/2154/16 959/2327/16 852/2155/16 
f 998/2313/16 999/2328/16 892/2314/16 
f 751/1660/323 750/1663/323 767/1665/323 
f 751/1660/324 767/1665/324 764/1661/324 
f 750/1663/325 752/1666/325 769/1668/325 
f 750/1663/326 769/1668/326 766/1664/326 
f 752/1666/327 753/1669/327 771/1671/327 
f 752/1666/206 771/1671/206 768/1667/206 
f 753/1669/207 754/1672/207 773/1674/207 
f 753/1669/207 773/1674/207 770/1670/207 
f 754/1672/208 755/1675/208 775/1677/208 
f 754/1672/208 775/1677/208 772/1673/208 
f 755/1675/209 756/1678/209 777/1680/209 
f 755/1675/209 777/1680/209 774/1676/209 
f 756/1678/210 757/1681/210 779/1683/210 
f 756/1678/328 779/1683/328 776/1679/328 
f 757/1681/329 758/1684/329 781/1686/329 
f 757/1681/211 781/1686/211 778/1682/211 
f 758/1684/330 759/1687/330 783/1689/330 
f 758/1684/212 783/1689/212 780/1685/212 
f 759/1687/331 760/2329/331 785/1897/331 
f 759/1687/332 785/1897/332 782/1688/332 
f 760/1690/214 761/1693/214 787/1695/214 
f 760/1690/214 787/1695/214 784/1691/214 
f 761/1693/215 762/1696/215 789/1698/215 
f 761/1693/215 789/1698/215 786/1694/215 
f 762/1696/216 763/1699/216 791/1701/216 
f 762/1696/216 791/1701/216 788/1697/216 
f 763/1699/333 751/1660/333 765/1662/333 
f 763/1699/217 765/1662/217 790/1700/217 
f 1000/2330/16 1001/2331/16 725/1621/16 
f 725/1621/16 724/1620/16 1000/2330/16 
f 1001/2331/16 1002/2332/16 727/1623/16 
f 727/1623/16 725/1621/16 1001/2331/16 
f 1002/2332/16 1003/2333/16 729/1625/16 
f 729/1625/16 727/1623/16 1002/2332/16 
f 1003/2333/17 1004/2334/17 731/1627/17 
f 731/1627/16 729/1625/16 1003/2333/16 
f 1004/2334/16 1005/2335/16 733/1629/16 
f 733/1629/16 731/1627/16 1004/2334/16 
f 1005/2335/16 1006/2336/16 735/1631/16 
f 735/1631/16 733/1629/16 1005/2335/16 
f 1006/2336/16 1007/2337/16 737/1633/16 
f 737/1633/16 735/1631/16 1006/2336/16 
f 1007/2337/16 1008/2338/16 739/1635/16 
f 739/1635/16 737/1633/16 1007/2337/16 
f 1008/2338/37 1009/2339/37 741/1637/37 
f 741/1637/37 739/1635/37 1008/2338/37 
f 1009/2339/37 1010/2340/37 743/1639/37 
f 743/1639/37 741/1637/37 1009/2339/37 
f 1010/2340/37 1011/2341/37 745/1641/37 
f 745/1641/37 743/1639/37 1010/2340/37 
f 1011/2341/18 1012/2342/18 747/1643/18 
f 747/1643/18 745/1641/18 1011/2341/18 
f 1012/2342/17 1013/2343/17 749/1645/17 
f 749/1645/18 747/1643/18 1012/2342/18 
f 1013/2343/16 1000/2330/16 724/1620/16 
f 724/1620/16 749/1645/16 1013/2343/16 
f 1014/2344/90 1015/2345/90 1001/2346/90 
f 1001/2346/90 1000/2347/90 1014/2344/90 
f 1015/2345/86 1016/2348/86 1002/2349/86 
f 1002/2349/86 1001/2346/86 1015/2345/86 
f 1016/2348/76 1017/2350/76 1003/2351/76 
f 1003/2351/76 1002/2349/76 1016/2348/76 
f 1017/2352/75 1018/2353/75 1004/2354/75 
f 1004/2354/75 1003/2355/75 1017/2352/75 
f 1018/2353/47 1019/2356/47 1005/2357/47 
f 1005/2357/47 1004/2354/47 1018/2353/47 
f 1019/2356/85 1020/2358/85 1006/2359/85 
f 1006/2359/85 1005/2357/85 1019/2356/85 
f 1020/2360/84 1021/2361/84 1007/2362/84 
f 1007/2362/84 1006/2363/84 1020/2360/84 
f 1021/2361/93 1022/2364/93 1008/2365/93 
f 1008/2365/93 1007/2362/93 1021/2361/93 
f 1022/2364/270 1023/2366/270 1009/2367/270 
f 1009/2367/270 1008/2365/270 1022/2364/270 
f 1023/2366/92 1024/2368/92 1010/2369/92 
f 1010/2369/92 1009/2367/92 1023/2366/92 
f 1024/2370/91 1025/2371/91 1011/2372/91 
f 1011/2372/91 1010/2373/91 1024/2370/91 
f 1025/2371/46 1026/2374/46 1012/2375/46 
f 1012/2375/46 1011/2372/46 1025/2371/46 
f 1026/2374/80 1027/2376/80 1013/2377/80 
f 1013/2377/80 1012/2375/80 1026/2374/80 
f 1027/2378/79 1014/2344/79 1000/2347/79 
f 1000/2347/79 1013/2379/79 1027/2378/79 
f 1028/2380/16 1029/2381/16 1015/2382/16 
f 1015/2382/16 1014/2383/16 1028/2380/16 
f 1029/2381/16 1030/2384/16 1016/2385/16 
f 1016/2385/16 1015/2382/16 1029/2381/16 
f 1030/2384/16 1031/2386/16 1017/2387/16 
f 1017/2387/16 1016/2385/16 1030/2384/16 
f 1031/2386/16 1032/2388/16 1018/2389/16 
f 1018/2389/16 1017/2387/16 1031/2386/16 
f 1032/2388/16 1033/2390/16 1019/2391/16 
f 1019/2391/16 1018/2389/16 1032/2388/16 
f 1033/2390/16 1034/2392/16 1020/2393/16 
f 1020/2393/16 1019/2391/16 1033/2390/16 
f 1034/2392/16 1035/2394/16 1021/2395/16 
f 1021/2395/16 1020/2393/16 1034/2392/16 
f 1035/2394/16 1036/2396/16 1022/2397/16 
f 1022/2397/16 1021/2395/16 1035/2394/16 
f 1036/2396/16 1037/2398/16 1023/2399/16 
f 1023/2399/16 1022/2397/16 1036/2396/16 
f 1037/2398/16 1038/2400/16 1024/2401/16 
f 1024/2401/16 1023/2399/16 1037/2398/16 
f 1038/2400/16 1039/2402/16 1025/2403/16 
f 1025/2403/16 1024/2401/16 1038/2400/16 
f 1039/2402/16 1040/2404/16 1026/2405/16 
f 1026/2405/16 1025/2403/16 1039/2402/16 
f 1040/2404/16 1041/2406/16 1027/2407/16 
f 1027/2407/16 1026/2405/16 1040/2404/16 
f 1041/2406/16 1028/2380/16 1014/2383/16 
f 1014/2383/16 1027/2407/16 1041/2406/16 
f 1042/2408/78 1043/2409/78 1029/2410/78 
f 1029/2410/78 1028/2411/78 1042/2408/78 
f 1043/2409/77 1044/2412/77 1030/2413/77 
f 1030/2413/77 1029/2410/77 1043/2409/77 
f 1044/2412/76 1045/2414/76 1031/2415/76 
f 1031/2415/76 1030/2413/76 1044/2412/76 
f 1045/2414/75 1046/2416/75 1032/2417/75 
f 1032/2417/75 1031/2415/75 1045/2414/75 
f 1046/2416/47 1047/2418/47 1033/2419/47 
f 1033/2419/47 1032/2417/47 1046/2416/47 
f 1047/2418/85 1048/2420/85 1034/2421/85 
f 1034/2421/85 1033/2419/85 1047/2418/85 
f 1048/2422/84 1049/2423/84 1035/2424/84 
f 1035/2424/84 1034/2425/84 1048/2422/84 
f 1049/2423/83 1050/2426/83 1036/2427/83 
f 1036/2427/83 1035/2424/83 1049/2423/83 
f 1050/2426/89 1051/2428/89 1037/2429/89 
f 1037/2429/89 1036/2427/89 1050/2426/89 
f 1051/2428/92 1052/2430/92 1038/2431/92 
f 1038/2431/92 1037/2429/92 1051/2428/92 
f 1052/2430/91 1053/2432/91 1039/2433/91 
f 1039/2433/91 1038/2431/91 1052/2430/91 
f 1053/2432/46 1054/2434/46 1040/2435/46 
f 1040/2435/46 1039/2433/46 1053/2432/46 
f 1054/2434/80 1055/2436/80 1041/2437/80 
f 1041/2437/80 1040/2435/80 1054/2434/80 
f 1055/2436/79 1042/2408/79 1028/2411/79 
f 1028/2411/79 1041/2437/79 1055/2436/79 
f 1056/2438/16 1057/2439/16 1043/2440/16 
f 1043/2440/16 1042/2441/16 1056/2438/16 
f 1057/2439/16 1058/2442/16 1044/2443/16 
f 1044/2443/16 1043/2440/16 1057/2439/16 
f 1058/2442/16 1059/2444/16 1045/2445/16 
f 1045/2445/16 1044/2443/16 1058/2442/16 
f 1059/2444/16 1060/2446/16 1046/2447/16 
f 1046/2447/16 1045/2445/16 1059/2444/16 
f 1060/2446/16 1061/2448/16 1047/2449/16 
f 1047/2449/16 1046/2447/16 1060/2446/16 
f 1061/2448/16 1062/2450/16 1048/2451/16 
f 1048/2451/16 1047/2449/16 1061/2448/16 
f 1062/2450/16 1063/2452/16 1049/2453/16 
f 1049/2453/16 1048/2451/16 1062/2450/16 
f 1063/2452/16 1064/2454/16 1050/2455/16 
f 1050/2455/16 1049/2453/16 1063/2452/16 
f 1064/2454/16 1065/2456/16 1051/2457/16 
f 1051/2457/16 1050/2455/16 1064/2454/16 
f 1065/2456/16 1066/2458/16 1052/2459/16 
f 1052/2459/16 1051/2457/16 1065/2456/16 
f 1066/2458/16 1067/2460/16 1053/2461/16 
f 1053/2461/16 1052/2459/16 1066/2458/16 
f 1067/2460/16 1068/2462/16 1054/2463/16 
f 1054/2463/16 1053/2461/16 1067/2460/16 
f 1068/2462/16 1069/2464/16 1055/2465/16 
f 1055/2465/16 1054/2463/16 1068/2462/16 
f 1069/2464/16 1056/2438/16 1042/2441/16 
f 1042/2441/16 1055/2465/16 1069/2464/16 
f 1070/2466/78 1071/2467/78 1057/2468/78 
f 1057/2468/78 1056/2469/78 1070/2466/78 
f 1071/2467/77 1072/2470/77 1058/2471/77 
f 1058/2471/77 1057/2468/77 1071/2467/77 
f 1072/2470/76 1073/2472/76 1059/2473/76 
f 1059/2473/76 1058/2471/76 1072/2470/76 
f 1073/2474/75 1074/2475/75 1060/2476/75 
f 1060/2476/75 1059/2477/75 1073/2474/75 
f 1074/2475/47 1075/2478/47 1061/2479/47 
f 1061/2479/47 1060/2476/47 1074/2475/47 
f 1075/2478/85 1076/2480/85 1062/2481/85 
f 1062/2481/85 1061/2479/85 1075/2478/85 
f 1076/2482/84 1077/2483/84 1063/2484/84 
f 1063/2484/84 1062/2485/84 1076/2482/84 
f 1077/2483/93 1078/2486/93 1064/2487/93 
f 1064/2487/93 1063/2484/93 1077/2483/93 
f 1078/2488/270 1079/2489/270 1065/2490/270 
f 1065/2490/270 1064/2491/270 1078/2488/270 
f 1079/2489/92 1080/2492/92 1066/2493/92 
f 1066/2493/92 1065/2490/92 1079/2489/92 
f 1080/2494/91 1081/2495/91 1067/2496/91 
f 1067/2496/91 1066/2497/91 1080/2494/91 
f 1081/2495/46 1082/2498/46 1068/2499/46 
f 1068/2499/46 1067/2496/46 1081/2495/46 
f 1082/2498/80 1083/2500/80 1069/2501/80 
f 1069/2501/80 1068/2499/80 1082/2498/80 
f 1083/2502/79 1070/2466/79 1056/2469/79 
f 1056/2469/79 1069/2503/79 1083/2502/79 
f 1071/2504/334 1070/2505/334 1084/2506/334 
f 1072/2507/57 1071/2504/57 1084/2506/57 
f 1073/2508/99 1072/2507/99 1084/2506/99 
f 1074/2509/99 1073/2508/99 1084/2506/99 
f 1075/2510/97 1074/2509/97 1084/2506/97 
f 1076/2511/335 1075/2510/335 1084/2506/335 
f 1077/2512/335 1076/2511/335 1084/2506/335 
f 1078/2513/336 1077/2512/336 1084/2506/336 
f 1079/2514/95 1078/2513/95 1084/2506/95 
f 1080/2515/337 1079/2514/337 1084/2506/337 
f 1081/2516/337 1080/2515/337 1084/2506/337 
f 1082/2517/338 1081/2516/338 1084/2506/338 
f 1083/2518/339 1082/2517/339 1084/2506/339 
f 1070/2505/339 1083/2518/339 1084/2506/339 
f 1085/2519/46 1086/2520/46 1087/2521/46 
f 1087/2521/46 1088/2522/46 1085/2519/46 
f 1089/2523/47 1090/2524/47 1091/2525/47 
f 1091/2525/47 1092/2526/47 1089/2523/47 
f 1092/2527/33 1091/2528/33 1087/2529/33 
f 1087/2529/33 1086/2530/33 1092/2527/33 
f 1089/2531/9 1092/2532/9 1086/2533/9 
f 1086/2533/9 1085/2534/9 1089/2531/9 
f 1090/2535/16 1089/2536/16 1085/2537/16 
f 1085/2537/16 1088/2538/16 1090/2535/16 
f 1091/2539/24 1090/2540/24 1088/2541/24 
f 1088/2541/24 1087/2542/24 1091/2539/24 
f 1093/2543/340 1094/2544/341 1095/2545/342 
f 1096/2546/343 1097/2547/344 1098/2548/345 
f 1099/2549/346 1100/2550/347 1101/2551/348 
f 1102/2552/349 1103/2553/350 1104/2554/351 
f 1105/2555/352 1106/2556/353 1107/2557/354 
f 1108/2558/355 1109/2559/356 1110/2560/357 
f 1111/2561/358 1112/2562/359 1113/2563/360 
f 1114/2564/361 1115/2565/362 1116/2566/363 
f 1117/2567/364 1118/2568/365 1119/2569/366 
f 1120/2570/367 1121/2571/368 1122/2572/369 
f 1123/2573/370 1124/2574/371 1125/2575/372 
f 1126/2576/373 1127/2577/374 1128/2578/375 
f 1129/2579/376 1130/2580/377 1131/2581/378 
f 1132/2582/379 1133/2583/380 1134/2584/381 
f 1135/2585/382 1136/2586/383 1137/2587/384 
f 1138/2588/385 1139/2589/386 1140/2590/387 
f 1141/2591/388 1142/2592/389 1143/2593/390 
f 1144/2594/391 1096/2546/343 1098/2548/345 
f 1145/2595/392 1146/2596/393 1147/2597/394 
f 1148/2598/395 1102/2552/349 1104/2554/351 
f 1149/2599/396 1105/2555/352 1107/2557/354 
f 1150/2600/397 1108/2558/355 1110/2560/357 
f 1151/2601/398 1111/2602/358 1113/2603/360 
f 1152/2604/399 1114/2564/361 1116/2566/363 
f 1153/2605/400 1117/2567/364 1119/2569/366 
f 1154/2606/401 1120/2570/367 1122/2572/369 
f 1155/2607/402 1123/2608/370 1125/2609/372 
f 1156/2610/403 1126/2576/373 1128/2578/375 
f 1157/2611/404 1129/2579/376 1131/2581/378 
f 1158/2612/405 1132/2582/379 1134/2584/381 
f 1159/2613/406 1135/2585/382 1137/2587/384 
f 1160/2614/407 1138/2615/385 1140/2616/387 
f 1161/2617/408 1141/2591/388 1143/2593/390 
f 1162/2618/409 1093/2543/340 1095/2545/342 
f 1099/2549/346 1101/2551/348 1163/2619/410 
f 1164/2620/411 1147/2621/394 1146/2622/393 
f 1144/2623/391 1093/2543/340 1162/2618/409 
f 1145/2624/392 1096/2546/343 1144/2594/391 
f 1163/2625/410 1146/2596/393 1145/2595/392 
f 1148/2626/395 1099/2549/346 1163/2619/410 
f 1149/2627/396 1102/2552/349 1148/2598/395 
f 1150/2628/397 1105/2555/352 1149/2599/396 
f 1151/2629/398 1108/2558/355 1150/2600/397 
f 1152/2630/399 1111/2602/358 1151/2601/398 
f 1153/2631/400 1114/2564/361 1152/2604/399 
f 1154/2632/401 1117/2567/364 1153/2605/400 
f 1155/2633/402 1120/2570/367 1154/2606/401 
f 1156/2634/403 1123/2608/370 1155/2607/402 
f 1157/2635/404 1126/2576/373 1156/2610/403 
f 1158/2636/405 1129/2579/376 1157/2611/404 
f 1159/2637/406 1132/2582/379 1158/2612/405 
f 1160/2638/407 1135/2585/382 1159/2613/406 
f 1161/2639/408 1138/2615/385 1160/2614/407 
f 1162/2640/409 1141/2591/388 1161/2617/408 
f 1142/2641/389 1095/2545/342 1094/2544/341 
f 1094/2642/341 1098/2548/345 1097/2547/344 
f 1097/2643/344 1147/2621/394 1164/2620/411 
f 1164/2644/411 1101/2551/348 1100/2550/347 
f 1100/2645/347 1104/2554/351 1103/2553/350 
f 1103/2646/350 1107/2557/354 1106/2556/353 
f 1106/2647/353 1110/2560/357 1109/2559/356 
f 1109/2648/356 1113/2563/360 1112/2562/359 
f 1112/2649/359 1116/2566/363 1115/2565/362 
f 1115/2650/362 1119/2569/366 1118/2568/365 
f 1118/2651/365 1122/2572/369 1121/2571/368 
f 1121/2652/368 1125/2575/372 1124/2574/371 
f 1124/2653/371 1128/2578/375 1127/2577/374 
f 1127/2654/374 1131/2581/378 1130/2580/377 
f 1130/2655/377 1134/2584/381 1133/2583/380 
f 1133/2656/380 1137/2587/384 1136/2586/383 
f 1136/2657/383 1140/2590/387 1139/2589/386 
f 1139/2658/386 1143/2593/390 1142/2592/389 
f 1165/2659/412 1166/2660/412 1167/2661/412 
f 1167/2661/412 1168/2662/412 1165/2659/412 
f 1169/2663/12 1170/2664/12 1171/2665/12 
f 1171/2665/12 1172/2666/12 1169/2663/12 
f 1173/2667/413 1174/2668/413 1175/2669/10 
f 1175/2669/10 1176/2670/10 1173/2667/413 
f 1177/2671/9 1178/2672/9 1179/2673/9 
f 1179/2673/9 1180/2674/9 1177/2671/9 
f 1181/2675/30 1182/2676/30 1183/2677/8 
f 1183/2677/8 1184/2678/8 1181/2675/30 
f 1185/2679/414 1186/2680/414 1187/2681/29 
f 1187/2681/29 1188/2682/29 1185/2679/414 
f 1189/2683/26 1190/2684/26 1191/2685/4 
f 1191/2685/4 1192/2686/4 1189/2683/26 
f 1193/2687/415 1194/2688/415 1195/2689/3 
f 1195/2689/3 1196/2690/3 1193/2687/415 
f 1197/2691/2 1198/2692/2 1199/2693/25 
f 1199/2693/25 1200/2694/25 1197/2691/2 
f 1201/2695/416 1202/2696/416 1203/2697/416 
f 1203/2697/416 1204/2698/416 1201/2695/416 
f 1205/2699/417 1206/2700/417 1207/2701/417 
f 1207/2701/417 1208/2702/417 1205/2699/417 
f 1209/2703/418 1210/2704/418 1211/2705/418 
f 1211/2705/418 1212/2706/418 1209/2703/418 
f 1213/2707/24 1214/2708/24 1215/2709/24 
f 1215/2709/24 1216/2710/24 1213/2707/24 
f 1217/2711/23 1218/2712/23 1219/2713/23 
f 1219/2713/23 1220/2714/23 1217/2711/23 
f 1221/2715/419 1222/2716/22 1223/2717/419 
f 1223/2717/419 1224/2718/419 1221/2715/419 
f 1225/2719/21 1226/2720/21 1227/2721/21 
f 1227/2721/21 1228/2722/21 1225/2719/21 
f 1229/2723/420 1230/2724/420 1231/2725/14 
f 1231/2725/14 1232/2726/14 1229/2723/420 
f 1233/2727/11 1234/2728/11 1235/2729/421 
f 1235/2729/421 1236/2730/421 1233/2727/11 
f 1094/2731/422 1093/2732/422 1165/2733/422 
f 1165/2733/422 1168/2734/422 1094/2731/422 
f 1093/2735/423 1144/2736/423 1166/2737/423 
f 1166/2737/423 1165/2738/423 1093/2735/423 
f 1144/2739/424 1098/2740/424 1167/2741/424 
f 1167/2741/424 1166/2742/424 1144/2739/424 
f 1098/2743/425 1094/2744/425 1168/2745/425 
f 1168/2745/425 1167/2746/425 1098/2743/425 
f 1097/2747/426 1096/2748/426 1169/2749/426 
f 1169/2749/426 1172/2750/426 1097/2747/426 
f 1096/2751/427 1145/2752/427 1170/2753/427 
f 1170/2753/428 1169/2754/428 1096/2751/428 
f 1145/2752/429 1147/2755/429 1171/2756/429 
f 1171/2756/429 1170/2753/429 1145/2752/429 
f 1147/2757/430 1097/2758/430 1172/2759/430 
f 1172/2759/430 1171/2760/430 1147/2757/430 
f 1100/2761/431 1099/2762/431 1173/2763/431 
f 1173/2763/431 1176/2764/431 1100/2761/431 
f 1099/2765/432 1148/2766/432 1174/2767/432 
f 1174/2767/432 1173/2768/432 1099/2765/432 
f 1148/2766/433 1104/2769/433 1175/2770/433 
f 1175/2770/433 1174/2767/433 1148/2766/433 
f 1104/2771/434 1100/2761/434 1176/2764/434 
f 1176/2764/434 1175/2772/434 1104/2771/434 
f 1103/2773/435 1102/2774/435 1177/2775/435 
f 1177/2775/435 1180/2776/435 1103/2773/435 
f 1102/2777/436 1149/2778/436 1178/2779/436 
f 1178/2779/436 1177/2780/436 1102/2777/436 
f 1149/2778/437 1107/2781/437 1179/2782/437 
f 1179/2782/437 1178/2779/437 1149/2778/437 
f 1107/2783/438 1103/2773/438 1180/2776/438 
f 1180/2776/438 1179/2784/438 1107/2783/438 
f 1106/2785/439 1105/2786/439 1181/2787/439 
f 1181/2787/439 1184/2788/439 1106/2785/439 
f 1105/2789/440 1150/2790/440 1182/2791/440 
f 1182/2791/440 1181/2792/440 1105/2789/440 
f 1150/2793/441 1110/2794/441 1183/2795/441 
f 1183/2795/441 1182/2796/441 1150/2793/441 
f 1110/2797/442 1106/2798/442 1184/2799/442 
f 1184/2799/442 1183/2800/442 1110/2797/442 
f 1109/2801/443 1108/2802/443 1185/2803/443 
f 1185/2803/443 1188/2804/443 1109/2801/443 
f 1108/2805/444 1151/2806/444 1186/2807/444 
f 1186/2807/444 1185/2808/444 1108/2805/444 
f 1151/2809/445 1113/2810/445 1187/2811/445 
f 1187/2811/445 1186/2812/445 1151/2809/445 
f 1113/2813/446 1109/2801/446 1188/2804/446 
f 1188/2804/446 1187/2814/446 1113/2813/446 
f 1112/2815/447 1111/2816/447 1189/2817/447 
f 1189/2817/447 1192/2818/447 1112/2815/447 
f 1111/2819/448 1152/2820/448 1190/2821/448 
f 1190/2821/448 1189/2822/448 1111/2819/448 
f 1152/2823/449 1116/2824/449 1191/2825/449 
f 1191/2825/449 1190/2826/449 1152/2823/449 
f 1116/2827/450 1112/2815/450 1192/2818/450 
f 1192/2818/450 1191/2828/450 1116/2827/450 
f 1115/2829/451 1114/2830/451 1193/2831/451 
f 1193/2831/451 1196/2832/451 1115/2829/451 
f 1114/2833/452 1153/2834/452 1194/2835/452 
f 1194/2835/452 1193/2836/452 1114/2833/452 
f 1153/2837/453 1119/2838/453 1195/2839/453 
f 1195/2839/453 1194/2840/453 1153/2837/453 
f 1119/2841/454 1115/2842/454 1196/2843/454 
f 1196/2843/454 1195/2844/454 1119/2841/454 
f 1118/2845/455 1117/2846/455 1197/2847/455 
f 1197/2847/455 1200/2848/455 1118/2845/455 
f 1117/2849/456 1154/2850/456 1198/2851/456 
f 1198/2851/456 1197/2852/456 1117/2849/456 
f 1154/2853/457 1122/2854/457 1199/2855/457 
f 1199/2855/457 1198/2856/457 1154/2853/457 
f 1122/2857/458 1118/2845/458 1200/2848/458 
f 1200/2848/459 1199/2858/459 1122/2857/459 
f 1121/2859/460 1120/2860/460 1201/2861/460 
f 1201/2861/460 1204/2862/460 1121/2859/460 
f 1120/2863/461 1155/2864/461 1202/2865/461 
f 1202/2865/461 1201/2866/461 1120/2863/461 
f 1155/2864/462 1125/2867/462 1203/2868/462 
f 1203/2868/462 1202/2865/462 1155/2864/462 
f 1125/2869/463 1121/2859/463 1204/2862/463 
f 1204/2862/463 1203/2870/463 1125/2869/463 
f 1124/2871/464 1123/2872/464 1205/2873/464 
f 1205/2873/464 1208/2874/464 1124/2871/464 
f 1123/2875/465 1156/2876/465 1206/2877/465 
f 1206/2877/465 1205/2878/465 1123/2875/465 
f 1156/2879/466 1128/2880/466 1207/2881/466 
f 1207/2881/466 1206/2882/466 1156/2879/466 
f 1128/2883/467 1124/2871/467 1208/2874/467 
f 1208/2874/467 1207/2884/467 1128/2883/467 
f 1127/2885/468 1126/2886/468 1209/2887/468 
f 1209/2887/468 1212/2888/468 1127/2885/468 
f 1126/2889/469 1157/2890/469 1210/2891/469 
f 1210/2891/469 1209/2892/469 1126/2889/469 
f 1157/2890/470 1131/2893/470 1211/2894/470 
f 1211/2894/470 1210/2891/470 1157/2890/470 
f 1131/2895/471 1127/2896/471 1212/2897/471 
f 1212/2897/471 1211/2898/471 1131/2895/471 
f 1130/2899/472 1129/2900/472 1213/2901/472 
f 1213/2901/472 1216/2902/472 1130/2899/472 
f 1129/2903/473 1158/2904/473 1214/2905/473 
f 1214/2905/473 1213/2906/473 1129/2903/473 
f 1158/2904/474 1134/2907/474 1215/2908/474 
f 1215/2908/474 1214/2905/474 1158/2904/474 
f 1134/2909/475 1130/2899/475 1216/2902/475 
f 1216/2902/475 1215/2910/475 1134/2909/475 
f 1133/2911/476 1132/2912/476 1217/2913/476 
f 1217/2913/476 1220/2914/476 1133/2911/476 
f 1132/2915/477 1159/2916/477 1218/2917/477 
f 1218/2917/477 1217/2918/477 1132/2915/477 
f 1159/2916/478 1137/2919/478 1219/2920/478 
f 1219/2920/478 1218/2917/478 1159/2916/478 
f 1137/2921/479 1133/2911/479 1220/2914/479 
f 1220/2914/479 1219/2922/479 1137/2921/479 
f 1136/2923/480 1135/2924/480 1221/2925/480 
f 1221/2925/480 1224/2926/480 1136/2923/480 
f 1135/2927/481 1160/2928/481 1222/2929/481 
f 1222/2929/481 1221/2930/481 1135/2927/481 
f 1160/2928/482 1140/2931/482 1223/2932/482 
f 1223/2932/482 1222/2929/482 1160/2928/482 
f 1140/2933/483 1136/2923/483 1224/2926/483 
f 1224/2926/483 1223/2934/483 1140/2933/483 
f 1139/2935/484 1138/2936/484 1225/2937/484 
f 1225/2937/484 1228/2938/484 1139/2935/484 
f 1138/2939/485 1161/2940/485 1226/2941/485 
f 1226/2941/485 1225/2942/485 1138/2939/485 
f 1161/2940/486 1143/2943/486 1227/2944/486 
f 1227/2944/486 1226/2941/486 1161/2940/486 
f 1143/2945/487 1139/2935/487 1228/2938/487 
f 1228/2938/487 1227/2946/487 1143/2945/487 
f 1142/2947/488 1141/2948/488 1229/2949/488 
f 1229/2949/488 1232/2950/488 1142/2947/488 
f 1141/2951/489 1162/2952/489 1230/2953/489 
f 1230/2953/490 1229/2954/490 1141/2951/490 
f 1162/2952/491 1095/2955/491 1231/2956/491 
f 1231/2956/491 1230/2953/491 1162/2952/491 
f 1095/2957/492 1142/2958/492 1232/2959/492 
f 1232/2959/492 1231/2960/492 1095/2957/492 
f 1163/2961/493 1101/2962/493 1233/2963/493 
f 1233/2963/493 1236/2964/493 1163/2961/493 
f 1101/2965/494 1164/2966/494 1234/2967/494 
f 1234/2967/494 1233/2968/494 1101/2965/494 
f 1164/2966/495 1146/2969/495 1235/2970/495 
f 1235/2970/495 1234/2967/495 1164/2966/495 
f 1146/2971/496 1163/2972/496 1236/2973/496 
f 1236/2973/496 1235/2974/496 1146/2971/496 
f 1142/2975/16 1094/2976/16 1237/2977/16 
f 1237/2977/16 1238/2978/16 1142/2975/16 
f 1094/2976/16 1097/2979/16 1239/2980/16 
f 1239/2980/16 1237/2977/16 1094/2976/16 
f 1097/2979/16 1164/2981/16 1240/2982/16 
f 1240/2982/16 1239/2980/16 1097/2979/16 
f 1164/2981/16 1100/2983/16 1241/2984/16 
f 1241/2984/16 1240/2982/16 1164/2981/16 
f 1100/2983/16 1103/2985/16 1242/2986/16 
f 1242/2986/16 1241/2984/16 1100/2983/16 
f 1103/2985/16 1106/2987/16 1243/2988/16 
f 1243/2988/16 1242/2986/16 1103/2985/16 
f 1106/2987/16 1109/2989/16 1244/2990/16 
f 1244/2990/16 1243/2988/16 1106/2987/16 
f 1109/2989/16 1112/2991/16 1245/2992/16 
f 1245/2992/16 1244/2990/16 1109/2989/16 
f 1112/2991/16 1115/2993/16 1246/2994/16 
f 1246/2994/16 1245/2992/16 1112/2991/16 
f 1115/2993/16 1118/2995/16 1247/2996/16 
f 1247/2996/16 1246/2994/16 1115/2993/16 
f 1118/2995/16 1121/2997/16 1248/2998/16 
f 1248/2998/16 1247/2996/16 1118/2995/16 
f 1121/2997/16 1124/2999/16 1249/3000/16 
f 1249/3000/16 1248/2998/16 1121/2997/16 
f 1124/2999/16 1127/3001/16 1250/3002/16 
f 1250/3002/16 1249/3000/16 1124/2999/16 
f 1127/3001/16 1130/3003/16 1251/3004/16 
f 1251/3004/16 1250/3002/16 1127/3001/16 
f 1130/3003/16 1133/3005/16 1252/3006/16 
f 1252/3006/16 1251/3004/16 1130/3003/16 
f 1133/3005/16 1136/3007/16 1253/3008/16 
f 1253/3008/16 1252/3006/16 1133/3005/16 
f 1136/3007/16 1139/3009/16 1254/3010/16 
f 1254/3010/16 1253/3008/16 1136/3007/16 
f 1139/3009/16 1142/2975/16 1238/2978/16 
f 1238/2978/16 1254/3010/16 1139/3009/16 
f 1238/3011/497 1237/3012/497 1255/3013/497 
f 1255/3013/497 1256/3014/497 1238/3011/497 
f 1237/3012/498 1239/3015/498 1257/3016/498 
f 1257/3016/498 1255/3013/498 1237/3012/498 
f 1239/3017/499 1240/3018/499 1258/3019/499 
f 1258/3019/499 1257/3020/499 1239/3017/499 
f 1240/3018/500 1241/3021/500 1259/3022/500 
f 1259/3022/500 1258/3019/500 1240/3018/500 
f 1241/3021/501 1242/3023/501 1260/3024/501 
f 1260/3024/501 1259/3022/501 1241/3021/501 
f 1242/3023/502 1243/3025/502 1261/3026/502 
f 1261/3026/502 1260/3024/502 1242/3023/502 
f 1243/3025/503 1244/3027/503 1262/3028/503 
f 1262/3028/503 1261/3026/503 1243/3025/503 
f 1244/3029/504 1245/3030/504 1263/3031/504 
f 1263/3031/504 1262/3032/504 1244/3029/504 
f 1245/3030/505 1246/3033/505 1264/3034/505 
f 1264/3034/505 1263/3031/505 1245/3030/505 
f 1246/3033/506 1247/3035/506 1265/3036/506 
f 1265/3036/506 1264/3034/506 1246/3033/506 
f 1247/3035/507 1248/3037/507 1266/3038/507 
f 1266/3038/507 1265/3036/507 1247/3035/507 
f 1248/3039/508 1249/3040/508 1267/3041/508 
f 1267/3041/508 1266/3042/508 1248/3039/508 
f 1249/3040/509 1250/3043/509 1268/3044/509 
f 1268/3044/509 1267/3041/509 1249/3040/509 
f 1250/3043/510 1251/3045/510 1269/3046/510 
f 1269/3046/510 1268/3044/510 1250/3043/510 
f 1251/3045/511 1252/3047/511 1270/3048/511 
f 1270/3048/511 1269/3046/511 1251/3045/511 
f 1252/3047/512 1253/3049/512 1271/3050/512 
f 1271/3050/512 1270/3048/512 1252/3047/512 
f 1253/3051/513 1254/3052/513 1272/3053/513 
f 1272/3053/513 1271/3054/513 1253/3051/513 
f 1254/3052/514 1238/3011/514 1256/3014/514 
f 1256/3014/514 1272/3053/514 1254/3052/514 
f 1256/3055/16 1255/3056/16 1273/3057/16 
f 1273/3057/16 1274/3058/16 1256/3055/16 
f 1255/3056/16 1257/3059/16 1275/3060/16 
f 1275/3060/16 1273/3057/16 1255/3056/16 
f 1257/3059/16 1258/3061/16 1276/3062/16 
f 1276/3062/16 1275/3060/16 1257/3059/16 
f 1258/3061/16 1259/3063/16 1277/3064/16 
f 1277/3064/16 1276/3062/16 1258/3061/16 
f 1259/3063/16 1260/3065/16 1278/3066/16 
f 1278/3066/16 1277/3064/16 1259/3063/16 
f 1260/3065/16 1261/3067/16 1279/3068/16 
f 1279/3068/16 1278/3066/16 1260/3065/16 
f 1261/3067/16 1262/3069/16 1280/3070/16 
f 1280/3070/16 1279/3068/16 1261/3067/16 
f 1262/3069/16 1263/3071/16 1281/3072/16 
f 1281/3072/16 1280/3070/16 1262/3069/16 
f 1263/3071/16 1264/3073/16 1282/3074/16 
f 1282/3074/16 1281/3072/16 1263/3071/16 
f 1264/3073/16 1265/3075/16 1283/3076/16 
f 1283/3076/16 1282/3074/16 1264/3073/16 
f 1265/3075/16 1266/3077/16 1284/3078/16 
f 1284/3078/16 1283/3076/16 1265/3075/16 
f 1266/3077/16 1267/3079/16 1285/3080/16 
f 1285/3080/16 1284/3078/16 1266/3077/16 
f 1267/3079/16 1268/3081/16 1286/3082/16 
f 1286/3082/16 1285/3080/16 1267/3079/16 
f 1268/3081/16 1269/3083/16 1287/3084/16 
f 1287/3084/16 1286/3082/16 1268/3081/16 
f 1269/3083/16 1270/3085/16 1288/3086/16 
f 1288/3086/16 1287/3084/16 1269/3083/16 
f 1270/3085/16 1271/3087/16 1289/3088/16 
f 1289/3088/16 1288/3086/16 1270/3085/16 
f 1271/3087/16 1272/3089/16 1290/3090/16 
f 1290/3090/16 1289/3088/16 1271/3087/16 
f 1272/3089/16 1256/3055/16 1274/3058/16 
f 1274/3058/16 1290/3090/16 1272/3089/16 
f 1274/3091/497 1273/3092/497 1291/3093/497 
f 1291/3093/497 1292/3094/497 1274/3091/497 
f 1273/3092/498 1275/3095/498 1293/3096/498 
f 1293/3096/498 1291/3093/498 1273/3092/498 
f 1275/3097/499 1276/3098/499 1294/3099/499 
f 1294/3099/499 1293/3100/499 1275/3097/499 
f 1276/3098/500 1277/3101/500 1295/3102/500 
f 1295/3102/500 1294/3099/500 1276/3098/500 
f 1277/3101/501 1278/3103/501 1296/3104/501 
f 1296/3104/501 1295/3102/501 1277/3101/501 
f 1278/3105/502 1279/3106/502 1297/3107/502 
f 1297/3107/502 1296/3108/502 1278/3105/502 
f 1279/3106/503 1280/3109/503 1298/3110/503 
f 1298/3110/503 1297/3107/503 1279/3106/503 
f 1280/3111/504 1281/3112/504 1299/3113/504 
f 1299/3113/504 1298/3114/504 1280/3111/504 
f 1281/3112/505 1282/3115/505 1300/3116/505 
f 1300/3116/505 1299/3113/505 1281/3112/505 
f 1282/3115/506 1283/3117/506 1301/3118/506 
f 1301/3118/506 1300/3116/506 1282/3115/506 
f 1283/3117/507 1284/3119/507 1302/3120/507 
f 1302/3120/507 1301/3118/507 1283/3117/507 
f 1284/3121/508 1285/3122/508 1303/3123/508 
f 1303/3123/508 1302/3124/508 1284/3121/508 
f 1285/3122/509 1286/3125/509 1304/3126/509 
f 1304/3126/509 1303/3123/509 1285/3122/509 
f 1286/3125/510 1287/3127/510 1305/3128/510 
f 1305/3128/510 1304/3126/510 1286/3125/510 
f 1287/3127/511 1288/3129/511 1306/3130/511 
f 1306/3130/511 1305/3128/511 1287/3127/511 
f 1288/3129/512 1289/3131/512 1307/3132/512 
f 1307/3132/512 1306/3130/512 1288/3129/512 
f 1289/3133/513 1290/3134/513 1308/3135/513 
f 1308/3135/513 1307/3136/513 1289/3133/513 
f 1290/3134/514 1274/3091/514 1292/3094/514 
f 1292/3094/514 1308/3135/514 1290/3134/514 
f 1144/3137/33 1162/3138/33 1309/3139/33 
f 1309/3139/33 1310/3140/33 1144/3137/33 
f 1145/3141/33 1144/3137/33 1310/3140/33 
f 1310/3140/33 1311/3142/33 1145/3141/33 
f 1163/3143/33 1145/3141/33 1311/3142/33 
f 1311/3142/33 1312/3144/33 1163/3143/33 
f 1148/3145/33 1163/3143/33 1312/3144/33 
f 1312/3144/33 1313/3146/33 1148/3145/33 
f 1149/3147/33 1148/3145/33 1313/3146/33 
f 1313/3146/33 1314/3148/33 1149/3147/33 
f 1150/3149/33 1149/3147/33 1314/3148/33 
f 1314/3148/33 1315/3150/33 1150/3149/33 
f 1151/3151/33 1150/3149/33 1315/3150/33 
f 1315/3150/33 1316/3152/33 1151/3151/33 
f 1152/3153/33 1151/3151/33 1316/3152/33 
f 1316/3152/33 1317/3154/33 1152/3153/33 
f 1153/3155/33 1152/3153/33 1317/3154/33 
f 1317/3154/33 1318/3156/33 1153/3155/33 
f 1154/3157/33 1153/3155/33 1318/3156/33 
f 1318/3156/33 1319/3158/33 1154/3157/33 
f 1155/3159/33 1154/3157/33 1319/3158/33 
f 1319/3158/33 1320/3160/33 1155/3159/33 
f 1156/3161/33 1155/3159/33 1320/3160/33 
f 1320/3160/33 1321/3162/33 1156/3161/33 
f 1157/3163/33 1156/3161/33 1321/3162/33 
f 1321/3162/33 1322/3164/33 1157/3163/33 
f 1158/3165/33 1157/3163/33 1322/3164/33 
f 1322/3164/33 1323/3166/33 1158/3165/33 
f 1159/3167/33 1158/3165/33 1323/3166/33 
f 1323/3166/33 1324/3168/33 1159/3167/33 
f 1160/3169/33 1159/3167/33 1324/3168/33 
f 1324/3168/33 1325/3170/33 1160/3169/33 
f 1161/3171/33 1160/3169/33 1325/3170/33 
f 1325/3170/33 1326/3172/33 1161/3171/33 
f 1162/3138/33 1161/3171/33 1326/3172/33 
f 1326/3172/33 1309/3139/33 1162/3138/33 
f 1310/3173/515 1309/3174/515 1327/3175/515 
f 1327/3175/515 1328/3176/515 1310/3173/515 
f 1311/3177/516 1310/3173/516 1328/3176/516 
f 1328/3176/516 1329/3178/516 1311/3177/516 
f 1312/3179/517 1311/3177/517 1329/3178/517 
f 1329/3178/517 1330/3180/517 1312/3179/517 
f 1313/3181/518 1312/3182/518 1330/3183/518 
f 1330/3183/518 1331/3184/518 1313/3181/518 
f 1314/3185/519 1313/3181/519 1331/3184/519 
f 1331/3184/519 1332/3186/519 1314/3185/519 
f 1315/3187/520 1314/3185/520 1332/3186/520 
f 1332/3186/520 1333/3188/520 1315/3187/520 
f 1316/3189/521 1315/3187/521 1333/3188/521 
f 1333/3188/521 1334/3190/521 1316/3189/521 
f 1317/3191/522 1316/3189/522 1334/3190/522 
f 1334/3190/522 1335/3192/522 1317/3191/522 
f 1318/3193/523 1317/3194/523 1335/3195/523 
f 1335/3195/523 1336/3196/523 1318/3193/523 
f 1319/3197/524 1318/3193/524 1336/3196/524 
f 1336/3196/524 1337/3198/524 1319/3197/524 
f 1320/3199/525 1319/3197/525 1337/3198/525 
f 1337/3198/525 1338/3200/525 1320/3199/525 
f 1321/3201/526 1320/3199/526 1338/3200/526 
f 1338/3200/526 1339/3202/526 1321/3201/526 
f 1322/3203/527 1321/3204/527 1339/3205/527 
f 1339/3205/527 1340/3206/527 1322/3203/527 
f 1323/3207/528 1322/3203/528 1340/3206/528 
f 1340/3206/528 1341/3208/528 1323/3207/528 
f 1324/3209/529 1323/3207/529 1341/3208/529 
f 1341/3208/529 1342/3210/530 1324/3209/529 
f 1325/3211/531 1324/3209/531 1342/3210/531 
f 1342/3210/531 1343/3212/531 1325/3211/531 
f 1326/3213/532 1325/3211/532 1343/3212/532 
f 1343/3212/532 1344/3214/532 1326/3213/532 
f 1309/3174/533 1326/3215/533 1344/3216/533 
f 1344/3216/533 1327/3175/533 1309/3174/533 
f 1328/3217/34 1327/3218/34 1345/3219/34 
f 1345/3219/34 1346/3220/34 1328/3217/34 
f 1329/3221/36 1328/3217/34 1346/3220/34 
f 1346/3220/34 1347/3222/36 1329/3221/36 
f 1330/3223/36 1329/3221/36 1347/3222/36 
f 1347/3222/36 1348/3224/36 1330/3223/36 
f 1331/3225/36 1330/3223/36 1348/3224/36 
f 1348/3224/36 1349/3226/36 1331/3225/36 
f 1332/3227/36 1331/3225/36 1349/3226/36 
f 1349/3226/36 1350/3228/36 1332/3227/36 
f 1333/3229/33 1332/3227/36 1350/3228/36 
f 1350/3228/36 1351/3230/33 1333/3229/33 
f 1334/3231/33 1333/3229/33 1351/3230/33 
f 1351/3230/33 1352/3232/33 1334/3231/33 
f 1335/3233/33 1334/3231/33 1352/3232/33 
f 1352/3232/33 1353/3234/33 1335/3233/33 
f 1336/3235/33 1335/3233/33 1353/3234/33 
f 1353/3234/33 1354/3236/33 1336/3235/33 
f 1337/3237/33 1336/3235/33 1354/3236/33 
f 1354/3236/33 1355/3238/33 1337/3237/33 
f 1338/3239/32 1337/3237/33 1355/3238/33 
f 1355/3238/33 1356/3240/32 1338/3239/32 
f 1339/3241/32 1338/3239/32 1356/3240/32 
f 1356/3240/32 1357/3242/32 1339/3241/32 
f 1340/3243/32 1339/3241/32 1357/3242/32 
f 1357/3242/32 1358/3244/32 1340/3243/32 
f 1341/3245/32 1340/3243/32 1358/3244/32 
f 1358/3244/32 1359/3246/32 1341/3245/32 
f 1342/3247/34 1341/3245/32 1359/3246/32 
f 1359/3246/34 1360/3248/34 1342/3247/34 
f 1343/3249/34 1342/3247/34 1360/3248/34 
f 1360/3248/34 1361/3250/34 1343/3249/34 
f 1344/3251/34 1343/3249/34 1361/3250/34 
f 1361/3250/34 1362/3252/34 1344/3251/34 
f 1327/3218/34 1344/3251/34 1362/3252/34 
f 1362/3252/34 1345/3219/34 1327/3218/34 
f 1346/3253/524 1345/3254/524 1363/3255/524 
f 1363/3255/524 1364/3256/524 1346/3253/524 
f 1347/3257/525 1346/3253/525 1364/3256/525 
f 1364/3256/525 1365/3258/525 1347/3257/525 
f 1348/3259/526 1347/3257/526 1365/3258/526 
f 1365/3258/526 1366/3260/526 1348/3259/526 
f 1349/3261/527 1348/3262/527 1366/3263/527 
f 1366/3263/527 1367/3264/527 1349/3261/527 
f 1350/3265/528 1349/3261/528 1367/3264/528 
f 1367/3264/528 1368/3266/528 1350/3265/528 
f 1351/3267/530 1350/3265/530 1368/3266/530 
f 1368/3266/530 1369/3268/530 1351/3267/530 
f 1352/3269/531 1351/3267/531 1369/3268/531 
f 1369/3268/531 1370/3270/531 1352/3269/531 
f 1353/3271/532 1352/3269/532 1370/3270/532 
f 1370/3270/532 1371/3272/532 1353/3271/532 
f 1354/3273/533 1353/3274/533 1371/3275/533 
f 1371/3275/533 1372/3276/533 1354/3273/533 
f 1355/3277/515 1354/3273/515 1372/3276/515 
f 1372/3276/515 1373/3278/515 1355/3277/515 
f 1356/3279/516 1355/3277/516 1373/3278/516 
f 1373/3278/516 1374/3280/516 1356/3279/516 
f 1357/3281/517 1356/3279/517 1374/3280/517 
f 1374/3280/517 1375/3282/517 1357/3281/517 
f 1358/3283/518 1357/3284/518 1375/3285/518 
f 1375/3285/518 1376/3286/518 1358/3283/518 
f 1359/3287/519 1358/3283/519 1376/3286/519 
f 1376/3286/519 1377/3288/519 1359/3287/519 
f 1360/3289/520 1359/3287/520 1377/3288/520 
f 1377/3288/520 1378/3290/520 1360/3289/520 
f 1361/3291/521 1360/3289/521 1378/3290/521 
f 1378/3290/521 1379/3292/521 1361/3291/521 
f 1362/3293/522 1361/3291/522 1379/3292/522 
f 1379/3292/522 1380/3294/522 1362/3293/522 
f 1345/3254/523 1362/3295/523 1380/3296/523 
f 1380/3296/523 1363/3255/523 1345/3254/523 
f 1292/3297/16 1291/3298/16 1381/3299/16 
f 1291/3298/16 1293/3300/16 1381/3299/16 
f 1293/3300/16 1294/3301/16 1381/3299/16 
f 1294/3301/16 1295/3302/16 1381/3299/16 
f 1295/3302/16 1296/3303/16 1381/3299/16 
f 1296/3303/16 1297/3304/16 1381/3299/16 
f 1297/3304/16 1298/3305/16 1381/3299/16 
f 1298/3305/16 1299/3306/16 1381/3299/16 
f 1299/3306/16 1300/3307/16 1381/3299/16 
f 1300/3307/16 1301/3308/16 1381/3299/16 
f 1301/3308/16 1302/3309/16 1381/3299/16 
f 1302/3309/16 1303/3310/16 1381/3299/16 
f 1303/3310/16 1304/3311/16 1381/3299/16 
f 1304/3311/16 1305/3312/16 1381/3299/16 
f 1305/3312/16 1306/3313/16 1381/3299/16 
f 1306/3313/16 1307/3314/16 1381/3299/16 
f 1307/3314/16 1308/3315/16 1381/3299/16 
f 1308/3315/16 1292/3297/16 1381/3299/16 
f 1364/3316/34 1363/3317/34 1382/3318/34 
f 1365/3319/36 1364/3316/34 1382/3318/34 
f 1366/3320/36 1365/3319/36 1382/3318/36 
f 1367/3321/36 1366/3320/36 1382/3318/36 
f 1368/3322/36 1367/3321/36 1382/3318/36 
f 1369/3323/33 1368/3322/36 1382/3318/34 
f 1370/3324/33 1369/3323/33 1382/3318/34 
f 1371/3325/33 1370/3324/33 1382/3318/36 
f 1372/3326/33 1371/3325/33 1382/3318/34 
f 1373/3327/33 1372/3326/33 1382/3318/36 
f 1374/3328/32 1373/3327/33 1382/3318/36 
f 1375/3329/32 1374/3328/32 1382/3318/36 
f 1376/3330/32 1375/3329/32 1382/3318/36 
f 1377/3331/32 1376/3330/32 1382/3318/34 
f 1378/3332/34 1377/3331/32 1382/3318/36 
f 1379/3333/34 1378/3332/34 1382/3318/36 
f 1380/3334/34 1379/3333/34 1382/3318/34 
f 1363/3317/34 1380/3334/34 1382/3318/36 
f 716/1610/46 719/1614/46 787/1695/46 
f 716/1610/46 787/1695/46 786/1694/46 
f 716/1610/46 786/1694/46 789/1698/46 
f 716/1610/46 789/1698/46 717/1611/46 
f 13/13/24 12/12/24 33/33/24 
f 33/33/24 32/32/24 13/13/24 
f 29/29/21 30/30/21 51/3335/21 
f 51/3335/21 216/3336/21 29/29/21 
# 0 polygons - 2684 triangles

