# 3ds Max Wavefront OBJ Exporter v0.99 - (c)2007 guruware
# File Created: 28.03.2022 07:54:41

mtllib Fan for Metro.mtl

#
# object Object125_Object125
#

v  45.8022 44.2301 -0.6629
v  44.7828 51.9731 -0.6629
v  44.7828 51.9731 49.9026
v  45.8022 44.2301 49.9026
v  41.7942 59.1883 -0.6629
v  41.7942 59.1883 49.9026
v  37.0399 65.3842 -0.6629
v  37.0399 65.3842 49.9026
v  30.8440 70.1385 -0.6629
v  30.8440 70.1385 49.9026
v  23.6287 73.1272 -0.6629
v  23.6287 73.1272 49.9026
v  15.8857 74.1466 -0.6629
v  15.8857 74.1466 49.9026
v  8.1428 73.1272 -0.6629
v  8.1428 73.1272 49.9026
v  0.9275 70.1385 -0.6629
v  0.9275 70.1385 49.9026
v  -5.2684 65.3843 -0.6629
v  -5.2684 65.3842 49.9026
v  -10.0227 59.1884 -0.6629
v  -10.0227 59.1884 49.9026
v  -13.0114 51.9731 -0.6629
v  -13.0114 51.9731 49.9026
v  -14.0307 44.2301 -0.6629
v  -14.0307 44.2301 49.9026
v  -13.0114 36.4872 -0.6629
v  -13.0114 36.4872 49.9026
v  -10.0227 29.2719 -0.6629
v  -10.0227 29.2719 49.9026
v  -5.2684 23.0760 -0.6629
v  -5.2684 23.0760 49.9026
v  0.9275 18.3217 -0.6629
v  0.9275 18.3217 49.9026
v  8.1428 15.3330 -0.6629
v  8.1428 15.3330 49.9026
v  15.8857 14.3136 -0.6629
v  15.8857 14.3136 49.9026
v  23.6287 15.3330 -0.6629
v  23.6287 15.3330 49.9026
v  30.8440 18.3217 -0.6629
v  30.8440 18.3217 49.9026
v  37.0399 23.0759 -0.6629
v  37.0399 23.0759 49.9026
v  41.7942 29.2718 -0.6629
v  41.7942 29.2718 49.9026
v  44.7828 36.4871 -0.6629
v  44.7828 36.4871 49.9026
v  40.6077 29.9569 -0.6629
v  43.4595 36.8417 -0.6629
v  36.0711 24.0447 -0.6629
v  30.1589 19.5082 -0.6629
v  23.2741 16.6564 -0.6629
v  15.8857 15.6837 -0.6629
v  8.4974 16.6564 -0.6629
v  1.6125 19.5082 -0.6629
v  -4.2996 24.0447 -0.6629
v  -8.8362 29.9569 -0.6629
v  -11.6880 36.8418 -0.6629
v  -12.6607 44.2301 -0.6629
v  -11.6880 51.6185 -0.6629
v  -8.8362 58.5033 -0.6629
v  -4.2996 64.4155 -0.6629
v  1.6125 68.9520 -0.6629
v  8.4974 71.8038 -0.6629
v  15.8857 72.7765 -0.6629
v  23.2741 71.8038 -0.6629
v  30.1590 68.9520 -0.6629
v  36.0711 64.4155 -0.6629
v  40.6077 58.5033 -0.6629
v  43.4595 51.6185 -0.6629
v  44.4322 44.2301 -0.6629
v  43.4595 51.6185 49.9026
v  44.4322 44.2301 49.9026
v  40.6077 58.5033 49.9026
v  36.0711 64.4155 49.9026
v  30.1590 68.9520 49.9026
v  23.2741 71.8038 49.9026
v  15.8857 72.7765 49.9026
v  8.4974 71.8038 49.9026
v  1.6125 68.9520 49.9026
v  -4.2996 64.4155 49.9026
v  -8.8362 58.5033 49.9026
v  -11.6880 51.6185 49.9026
v  -12.6607 44.2301 49.9026
v  -11.6880 36.8417 49.9026
v  -8.8362 29.9569 49.9026
v  -4.2996 24.0447 49.9026
v  1.6125 19.5082 49.9026
v  8.4974 16.6564 49.9026
v  15.8857 15.6837 49.9026
v  23.2741 16.6564 49.9026
v  30.1589 19.5082 49.9026
v  36.0711 24.0447 49.9026
v  40.6077 29.9569 49.9026
v  43.4595 36.8417 49.9026
v  25.6411 46.8441 7.5792
v  21.5040 44.2301 4.6896
v  21.3126 45.6842 4.6896
v  25.9853 44.2301 7.5792
v  20.7513 47.0392 4.6896
v  24.6322 49.2799 7.5792
v  19.8585 48.2028 4.6896
v  23.0272 51.3715 7.5792
v  18.6949 49.0956 4.6896
v  20.9355 52.9766 7.5792
v  17.3399 49.6569 4.6896
v  18.4997 53.9855 7.5792
v  15.8857 54.3296 7.5792
v  15.8857 49.8484 4.6896
v  13.2718 53.9855 7.5792
v  14.4316 49.6569 4.6896
v  10.8360 52.9766 7.5792
v  13.0766 49.0956 4.6896
v  8.7443 51.3716 7.5792
v  11.9130 48.2028 4.6896
v  7.1393 49.2799 7.5792
v  11.0202 47.0392 4.6896
v  10.4589 45.6842 4.6896
v  6.1303 46.8441 7.5792
v  5.7862 44.2301 7.5792
v  10.2675 44.2301 4.6896
v  10.4589 42.7760 4.6896
v  6.1303 41.6161 7.5792
v  7.1393 39.1803 7.5792
v  11.0202 41.4210 4.6896
v  11.9130 40.2574 4.6896
v  8.7443 37.0886 7.5792
v  13.0766 39.3645 4.6896
v  10.8360 35.4836 7.5792
v  13.2718 34.4747 7.5792
v  14.4316 38.8033 4.6896
v  15.8857 38.6118 4.6896
v  15.8857 34.1306 7.5792
v  18.4997 34.4747 7.5792
v  17.3399 38.8033 4.6896
v  18.6949 39.3645 4.6896
v  20.9355 35.4836 7.5792
v  23.0272 37.0886 7.5792
v  19.8585 40.2574 4.6896
v  24.6322 39.1803 7.5792
v  20.7513 41.4210 4.6896
v  25.6411 41.6161 7.5792
v  21.3126 42.7760 4.6896
v  19.8259 45.2859 3.8466
v  19.9649 44.2301 3.8466
v  19.4184 46.2697 3.8466
v  18.7701 47.1145 3.8466
v  17.9253 47.7627 3.8466
v  16.9415 48.1702 3.8466
v  15.8857 48.3092 3.8466
v  14.8300 48.1702 3.8466
v  13.8462 47.7627 3.8466
v  13.0014 47.1145 3.8466
v  12.3531 46.2697 3.8466
v  11.9456 45.2859 3.8466
v  11.8066 44.2301 3.8466
v  11.9456 43.1743 3.8467
v  12.3531 42.1905 3.8467
v  13.0014 41.3457 3.8467
v  13.8462 40.6975 3.8467
v  14.8300 40.2900 3.8467
v  15.8857 40.1510 3.8467
v  16.9415 40.2900 3.8467
v  17.9253 40.6975 3.8467
v  18.7701 41.3457 3.8467
v  19.4184 42.1905 3.8467
v  19.8259 43.1743 3.8467
v  18.3319 44.2301 3.1866
v  18.2485 44.8632 3.1865
v  18.0042 45.4532 3.1865
v  17.6154 45.9598 3.1865
v  17.1088 46.3485 3.1865
v  16.5188 46.5929 3.1865
v  15.8857 46.6762 3.1865
v  15.2526 46.5929 3.1865
v  14.6627 46.3485 3.1865
v  14.1561 45.9598 3.1865
v  13.7673 45.4532 3.1865
v  13.5230 44.8632 3.1865
v  13.4396 44.2301 3.1866
v  13.5230 43.5970 3.1866
v  13.7673 43.0070 3.1866
v  14.1561 42.5004 3.1866
v  14.6627 42.1117 3.1866
v  15.2526 41.8673 3.1866
v  15.8857 41.7840 3.1866
v  16.5188 41.8673 3.1866
v  17.1088 42.1117 3.1866
v  17.6154 42.5004 3.1866
v  18.0042 43.0070 3.1866
v  18.2485 43.5970 3.1866
v  16.6419 44.2301 2.7494
v  16.6161 44.4258 2.7494
v  16.5406 44.6082 2.7494
v  16.4204 44.7648 2.7494
v  16.2638 44.8850 2.7494
v  16.0815 44.9605 2.7494
v  15.8857 44.9863 2.7494
v  15.6900 44.9605 2.7494
v  15.5077 44.8850 2.7494
v  15.3511 44.7648 2.7494
v  15.2309 44.6082 2.7494
v  15.1553 44.4258 2.7494
v  15.1296 44.2301 2.7494
v  15.1553 44.0344 2.7494
v  15.2309 43.8520 2.7494
v  15.3511 43.6954 2.7494
v  15.5077 43.5752 2.7494
v  15.6900 43.4997 2.7494
v  15.8857 43.4739 2.7494
v  16.0815 43.4997 2.7494
v  16.2638 43.5752 2.7494
v  16.4204 43.6954 2.7494
v  16.5406 43.8520 2.7494
v  16.6161 44.0344 2.7494
v  26.4906 47.0717 8.1939
v  26.8647 44.2301 8.1939
v  25.3938 49.7196 8.1939
v  23.6490 51.9934 8.1939
v  21.3752 53.7382 8.1939
v  18.7273 54.8350 8.1939
v  15.8857 55.2090 8.1939
v  13.0442 54.8349 8.1939
v  10.3963 53.7382 8.1939
v  8.1225 51.9934 8.1939
v  6.3777 49.7196 8.1939
v  5.2809 47.0717 8.1939
v  4.9068 44.2301 8.1939
v  5.2809 41.3885 8.1939
v  6.3777 38.7406 8.1939
v  8.1224 36.4668 8.1939
v  10.3963 34.7220 8.1939
v  13.0442 33.6252 8.1939
v  15.8857 33.2511 8.1939
v  18.7273 33.6252 8.1939
v  21.3752 34.7220 8.1939
v  23.6490 36.4668 8.1939
v  25.3938 38.7406 8.1939
v  26.4906 41.3885 8.1939
v  27.7747 47.4157 8.1939
v  28.2456 44.2301 8.1939
v  26.5897 50.4100 8.1939
v  24.5891 52.9334 8.1939
v  22.0657 54.9340 8.1939
v  19.0714 56.1190 8.1939
v  15.8857 56.5899 8.1939
v  12.7001 56.1190 8.1939
v  9.7058 54.9340 8.1939
v  7.1824 52.9334 8.1939
v  5.1818 50.4100 8.1939
v  3.9968 47.4157 8.1939
v  3.5259 44.2301 8.1939
v  3.9968 41.0445 8.1939
v  5.1818 38.0502 8.1939
v  7.1824 35.5268 8.1939
v  9.7058 33.5262 8.1938
v  12.7001 32.3411 8.1938
v  15.8857 31.8703 8.1938
v  19.0714 32.3411 8.1938
v  22.0657 33.5262 8.1938
v  24.5891 35.5268 8.1939
v  26.5897 38.0502 8.1939
v  27.7747 41.0445 8.1939
v  27.0791 49.4717 14.3824
v  27.8159 47.1480 14.3824
v  28.0543 46.3960 13.5935
v  28.2456 44.2301 10.0881
v  27.8244 47.4291 10.8770
v  25.7661 51.5254 14.3824
v  22.9587 54.3661 14.3824
v  24.7586 52.7222 14.3824
v  25.3411 52.1901 13.5935
v  26.5897 50.4100 10.0881
v  24.6255 52.9698 10.8770
v  20.7947 55.4882 14.3824
v  16.9431 56.5446 14.3824
v  19.3238 56.0209 14.3824
v  20.0943 55.8513 13.5935
v  22.0657 54.9340 10.0881
v  19.0847 56.1688 10.8770
v  14.5080 56.4344 14.3824
v  10.6442 55.4235 14.3824
v  12.9678 56.1602 14.3824
v  13.7198 56.3987 13.5935
v  15.8857 56.5899 10.0881
v  12.6868 56.1688 10.8770
v  8.5904 54.1104 14.3824
v  5.7497 51.3031 14.3824
v  7.3937 53.1029 14.3824
v  7.9257 53.6855 13.5935
v  9.7058 54.9340 10.0881
v  7.1460 52.9698 10.8770
v  4.6277 49.1391 14.3824
v  3.5712 45.2875 14.3824
v  4.0950 47.6682 14.3824
v  4.2645 48.4387 13.5935
v  5.1818 50.4100 10.0881
v  3.9471 47.4291 10.8770
v  3.6815 42.8523 14.3824
v  4.6924 38.9885 14.3824
v  3.9556 41.3122 14.3824
v  3.7172 42.0642 13.5935
v  3.5259 44.2301 10.0881
v  3.9471 41.0311 10.8770
v  6.0054 36.9348 14.3824
v  8.8128 34.0941 14.3824
v  7.0129 35.7380 14.3824
v  6.4304 36.2701 13.5935
v  5.1818 38.0502 10.0881
v  7.1460 35.4904 10.8770
v  10.9768 32.9720 14.3823
v  14.8284 31.9156 14.3823
v  12.4477 32.4393 14.3823
v  11.6772 32.6088 13.5934
v  9.7058 33.5262 10.0880
v  12.6868 32.2914 10.8769
v  17.2635 32.0258 14.3823
v  21.1273 33.0367 14.3823
v  18.8037 32.3000 14.3823
v  18.0516 32.0615 13.5934
v  15.8857 31.8703 10.0880
v  19.0847 32.2914 10.8769
v  23.1811 34.3498 14.3823
v  26.0217 37.1571 14.3824
v  24.3778 35.3573 14.3823
v  23.8458 34.7747 13.5934
v  22.0657 33.5262 10.0880
v  24.6255 35.4904 10.8770
v  27.1438 39.3211 14.3824
v  28.2003 43.1727 14.3824
v  27.6765 40.7920 14.3824
v  27.5070 40.0215 13.5935
v  26.5897 38.0502 10.0881
v  27.8244 41.0311 10.8770
v  28.0900 45.6079 14.3824
v  27.9274 46.6469 10.0881
v  27.5225 48.1579 10.0881
v  25.1057 52.3439 10.0881
v  23.9996 53.4501 10.0881
v  19.8136 55.8669 10.0881
v  18.3025 56.2718 10.0881
v  13.4690 56.2718 10.0881
v  11.9579 55.8669 10.0881
v  7.7719 53.4501 10.0881
v  6.6658 52.3439 10.0881
v  4.2490 48.1579 10.0881
v  3.8441 46.6469 10.0881
v  3.8441 41.8133 10.0881
v  4.2490 40.3023 10.0881
v  6.6657 36.1163 10.0881
v  7.7719 35.0101 10.0881
v  11.9579 32.5933 10.0880
v  13.4690 32.1884 10.0880
v  18.3025 32.1884 10.0880
v  19.8136 32.5933 10.0880
v  23.9996 35.0101 10.0881
v  25.1057 36.1163 10.0881
v  27.5225 40.3022 10.0881
v  27.9274 41.8133 10.0881
v  41.2492 54.6840 11.6334
v  40.9207 55.3991 10.8445
v  38.9731 59.0478 12.8371
v  39.3715 58.3692 13.6260
v  32.6242 65.9652 11.6334
v  31.9822 66.4202 10.8445
v  28.4712 68.6063 12.8371
v  29.1555 68.2178 13.6260
v  19.5141 71.4225 11.6334
v  18.7306 71.4955 10.8445
v  14.5969 71.6332 12.8371
v  15.3838 71.6389 13.6260
v  5.4318 69.5936 11.6334
v  4.7168 69.2651 10.8445
v  1.0681 67.3175 12.8371
v  1.7466 67.7159 13.6260
v  -5.8493 60.9685 11.6334
v  -6.3043 60.3266 10.8445
v  -8.4904 56.8155 12.8371
v  -8.1020 57.4998 13.6260
v  -11.3066 47.8585 11.6334
v  -11.3797 47.0750 10.8445
v  -11.5173 42.9413 12.8371
v  -11.5231 43.7282 13.6260
v  -9.4777 33.7762 11.6334
v  -9.1492 33.0611 10.8445
v  -7.2016 29.4124 12.8371
v  -7.6000 30.0910 13.6260
v  -0.8527 22.4950 11.6334
v  -0.2107 22.0400 10.8445
v  3.3003 19.8539 12.8370
v  2.6160 20.2424 13.6259
v  12.2574 17.0377 11.6334
v  13.0408 16.9647 10.8444
v  17.1745 16.8270 12.8370
v  16.3877 16.8212 13.6259
v  26.3397 18.8666 11.6334
v  27.0547 19.1951 10.8444
v  30.7034 21.1427 12.8370
v  30.0249 20.7443 13.6259
v  37.6208 27.4916 11.6334
v  38.0758 28.1336 10.8445
v  40.2619 31.6447 12.8371
v  39.8735 30.9604 13.6260
v  43.0781 40.6017 11.6334
v  43.1512 41.3852 10.8445
v  43.2888 45.5189 12.8371
v  43.2946 44.7320 13.6260
v  41.4663 53.8327 11.2132
v  41.1672 53.1441 10.9611
v  40.3519 52.6181 10.8770
v  38.0853 59.1955 14.2984
v  38.8124 59.0421 14.0462
v  37.1903 58.8294 14.3824
v  40.0499 53.3470 10.0881
v  38.3992 59.7130 13.2573
v  37.6633 59.8618 13.5094
v  36.7654 59.4941 13.5935
v  40.8623 53.8714 10.1721
v  41.1526 54.5554 10.4243
v  33.2379 65.3365 11.2132
v  33.3231 64.5905 10.9611
v  32.8800 63.7274 10.8770
v  27.6284 68.2903 14.2984
v  27.0364 67.5258 14.3824
v  28.3348 68.5210 14.0462
v  32.2541 64.2076 10.0881
v  27.6415 68.8954 13.2573
v  26.3360 67.8889 13.5935
v  26.9298 68.6563 13.5094
v  32.6955 65.0680 10.1721
v  32.6048 65.8055 10.4243
v  20.3599 71.1848 11.2132
v  20.8067 70.5815 10.9611
v  20.8546 69.6124 10.8770
v  14.0251 70.9382 14.2984
v  14.5215 71.4912 14.0462
v  13.8947 69.9801 14.3824
v  20.0724 69.7153 10.0881
v  13.7339 71.4688 13.2573
v  13.2371 70.9058 13.5094
v  13.1065 69.9444 13.5935
v  20.0244 70.6811 10.1721
v  19.5772 71.2745 10.4243
v  6.2832 69.8107 11.2132
v  6.9718 69.5115 10.9611
v  7.4978 68.6962 10.8770
v  0.9203 66.4297 14.2984
v  1.2864 65.5347 14.3824
v  1.0737 67.1567 14.0462
v  6.7689 68.3943 10.0881
v  0.4029 66.7436 13.2573
v  0.2541 66.0076 13.5094
v  0.6217 65.1097 13.5935
v  6.2445 69.2067 10.1721
v  5.5604 69.4969 10.4243
v  -5.2206 61.5822 11.2132
v  -4.4747 61.6675 10.9611
v  -3.6115 61.2244 10.8770
v  -8.1745 55.9728 14.2984
v  -7.4099 55.3808 14.3824
v  -8.4052 56.6791 14.0462
v  -4.0918 60.5985 10.0881
v  -8.7796 55.9859 13.2573
v  -8.5404 55.2742 13.5094
v  -7.7731 54.6804 13.5935
v  -4.9522 61.0398 10.1721
v  -5.6897 60.9492 10.4243
v  -11.0690 48.7043 11.2132
v  -9.4965 49.1990 10.8770
v  -10.4656 49.1511 10.9611
v  -11.3753 42.8658 14.0462
v  -9.8642 42.2390 14.3824
v  -10.8224 42.3694 14.2984
v  -9.5995 48.4168 10.0881
v  -11.3529 42.0783 13.2573
v  -9.8286 41.4509 13.5935
v  -10.7900 41.5815 13.5094
v  -10.5653 48.3688 10.1721
v  -11.1587 47.9215 10.4243
v  -9.6948 34.6275 11.2132
v  -8.5804 35.8421 10.8770
v  -9.3957 35.3161 10.9611
v  -6.3138 29.2647 14.2984
v  -7.0409 29.4181 14.0462
v  -5.4189 29.6308 14.3824
v  -8.2785 35.1132 10.0881
v  -4.9939 28.9661 13.5935
v  -5.8918 28.5984 13.5094
v  -6.6277 28.7472 13.2573
v  -9.3811 33.9048 10.4243
v  -9.0908 34.5888 10.1721
v  -1.1085 24.7328 10.8770
v  -1.5517 23.8697 10.9611
v  -1.4664 23.1237 11.2132
v  3.4367 19.9392 14.0462
v  4.1431 20.1699 14.2983
v  4.7351 20.9344 14.3823
v  -0.4826 24.2525 10.0881
v  5.4355 20.5712 13.5934
v  4.8417 19.8039 13.5093
v  4.1300 19.5648 13.2572
v  -0.8333 22.6547 10.4242
v  -0.9240 23.3922 10.1721
v  10.9169 18.8478 10.8769
v  10.9647 17.8787 10.9610
v  11.4116 17.2754 11.2131
v  17.2500 16.9690 14.0461
v  17.7464 17.5220 14.2983
v  17.8768 18.4801 14.3823
v  11.6991 18.7448 10.0880
v  18.6650 18.5158 13.5934
v  18.5344 17.5544 13.5093
v  18.0376 16.9914 13.2572
v  12.1943 17.1857 10.4242
v  11.7471 17.7791 10.1721
v  24.2737 19.7640 10.8769
v  24.7997 18.9486 10.9610
v  25.4883 18.6495 11.2131
v  30.6978 21.3035 14.0461
v  30.8512 22.0305 14.2983
v  30.4851 22.9255 14.3823
v  25.0026 20.0659 10.0880
v  31.3686 21.7166 13.2572
v  31.1498 23.3505 13.5934
v  31.5174 22.4525 13.5093
v  26.2111 18.9632 10.4242
v  25.5270 19.2535 10.1721
v  36.9921 26.8780 11.2132
v  35.3830 27.2358 10.8770
v  36.2462 26.7927 10.9611
v  39.9460 32.4874 14.2984
v  39.1814 33.0794 14.3824
v  40.1766 31.7811 14.0462
v  35.8633 27.8617 10.0881
v  40.5510 32.4743 13.2573
v  39.5446 33.7798 13.5935
v  40.3119 33.1860 13.5094
v  36.7236 27.4204 10.1721
v  37.4612 27.5110 10.4243
v  42.8405 39.7559 11.2132
v  42.2371 39.3091 10.9611
v  41.2680 39.2612 10.8770
v  42.5938 46.0908 14.2984
v  43.1468 45.5944 14.0462
v  41.6357 46.2212 14.3824
v  41.3710 40.0434 10.0881
v  43.1244 46.3819 13.2573
v  41.6000 47.0093 13.5935
v  42.5615 46.8787 13.5094
v  42.3368 40.0914 10.1721
v  42.9301 40.5387 10.4243
v  27.0791 49.4717 49.6289
v  27.9529 46.3780 49.6289
v  25.2623 52.1238 49.6289
v  22.9587 54.3661 49.6289
v  20.0592 55.7545 49.6289
v  16.9431 56.5446 49.6289
v  13.7379 56.2973 49.6289
v  10.6442 55.4235 49.6289
v  7.9921 53.6067 49.6289
v  5.7497 51.3031 49.6289
v  4.3613 48.4036 49.6289
v  3.5712 45.2875 49.6289
v  3.8186 42.0822 49.6289
v  4.6924 38.9885 49.6289
v  6.5092 36.3364 49.6289
v  8.8128 34.0941 49.6289
v  11.7122 32.7057 49.6288
v  14.8284 31.9156 49.6288
v  18.0336 32.1629 49.6288
v  21.1273 33.0367 49.6288
v  23.7794 34.8535 49.6288
v  26.0217 37.1571 49.6289
v  27.4102 40.0566 49.6289
v  28.2003 43.1727 49.6289
v  25.8286 48.8861 49.6289
v  26.6048 46.1380 49.6289
v  24.2147 51.2419 49.6289
v  22.1685 53.2337 49.6289
v  19.5930 54.4670 49.6289
v  16.8250 55.1688 49.6289
v  13.9779 54.9491 49.6289
v  11.2298 54.1729 49.6289
v  8.8740 52.5591 49.6289
v  6.8822 50.5129 49.6289
v  5.6489 47.9373 49.6289
v  4.9470 45.1693 49.6289
v  5.1667 42.3222 49.6289
v  5.8073 39.7506 49.6289
v  6.2249 39.4399 49.6289
v  7.5568 37.2183 49.6289
v  9.6030 35.2265 49.6289
v  12.1785 33.9932 49.6288
v  14.9465 33.2914 49.6288
v  17.7936 33.5111 49.6288
v  20.5417 34.2873 49.6288
v  22.8975 35.9011 49.6288
v  24.8893 37.9473 49.6289
v  25.9071 39.3980 49.6289
v  26.8245 43.2909 49.6289
v  26.2453 39.7506 49.6289
v  25.8286 48.8861 11.6647
v  26.6048 46.1380 11.6647
v  24.2147 51.2419 11.6647
v  22.1685 53.2337 11.6647
v  19.5930 54.4670 11.6647
v  16.8250 55.1688 11.6647
v  13.9779 54.9491 11.6647
v  11.2298 54.1729 11.6647
v  8.8740 52.5591 11.6647
v  6.8822 50.5129 11.6647
v  5.6489 47.9373 11.6647
v  4.9470 45.1693 11.6647
v  5.1667 42.3222 11.6647
v  5.8073 39.7506 11.6647
v  7.5568 37.2183 11.6647
v  6.2249 39.4399 11.6647
v  9.6030 35.2265 11.6647
v  12.1785 33.9932 11.6646
v  14.9465 33.2914 11.6646
v  17.7936 33.5111 11.6646
v  20.5417 34.2873 11.6646
v  22.8975 35.9011 11.6646
v  24.8893 37.9473 11.6647
v  25.9071 39.3980 11.6647
v  26.8245 43.2909 11.6647
v  26.2453 39.7506 11.6647
v  18.2516 45.3380 11.6646
v  18.4363 44.6841 11.6646
v  17.8676 45.8985 11.6646
v  17.3807 46.3724 11.6646
v  16.7678 46.6659 11.6646
v  16.1092 46.8329 11.6646
v  15.4318 46.7806 11.6646
v  14.7779 46.5959 11.6646
v  14.2173 46.2119 11.6646
v  13.7434 45.7250 11.6646
v  13.4500 45.1122 11.6646
v  13.2830 44.4536 11.6646
v  13.3352 43.7761 11.6646
v  13.5199 43.1222 11.6646
v  13.9039 42.5617 11.6646
v  14.3908 42.0878 11.6646
v  15.0036 41.7943 11.6646
v  15.6623 41.6273 11.6646
v  16.3397 41.6796 11.6646
v  16.9936 41.8643 11.6646
v  17.5542 42.2483 11.6646
v  18.0281 42.7352 11.6646
v  18.3215 43.3480 11.6646
v  18.4885 44.0066 11.6646
v  18.2516 45.3380 36.6969
v  18.4363 44.6841 36.6969
v  17.8676 45.8985 36.6969
v  17.3807 46.3724 36.6969
v  16.7678 46.6659 36.6969
v  16.1092 46.8329 36.6969
v  15.4318 46.7806 36.6969
v  14.7779 46.5959 36.6969
v  14.2173 46.2119 36.6969
v  13.7434 45.7250 36.6969
v  13.4500 45.1122 36.6969
v  13.2830 44.4536 36.6969
v  13.3352 43.7761 36.6970
v  13.5199 43.1222 36.6970
v  13.9039 42.5617 36.6970
v  14.3908 42.0878 36.6970
v  15.0036 41.7943 36.6969
v  15.6623 41.6273 36.6969
v  16.3397 41.6796 36.6969
v  16.9936 41.8643 36.6969
v  17.5542 42.2483 36.6969
v  18.0281 42.7352 36.6970
v  18.3215 43.3480 36.6970
v  18.4885 44.0066 36.6970
v  17.4907 44.9817 36.6969
v  17.6160 44.5381 36.6969
v  17.2302 45.3619 36.6969
v  16.8999 45.6834 36.6969
v  16.4842 45.8825 36.6969
v  16.0374 45.9958 36.6969
v  15.5778 45.9603 36.6969
v  15.1342 45.8351 36.6969
v  14.7539 45.5746 36.6969
v  14.4324 45.2442 36.6969
v  14.2333 44.8285 36.6969
v  14.1200 44.3817 36.6969
v  14.1555 43.9221 36.6969
v  14.2808 43.4785 36.6969
v  14.5413 43.0983 36.6969
v  14.8716 42.7768 36.6969
v  15.2873 42.5777 36.6969
v  15.7341 42.4644 36.6969
v  16.1937 42.4999 36.6969
v  16.6373 42.6251 36.6969
v  17.0176 42.8856 36.6969
v  17.3391 43.2159 36.6969
v  17.5382 43.6317 36.6969
v  17.6515 44.0785 36.6969
v  17.4907 44.9817 44.8487
v  17.6160 44.5381 44.8487
v  17.2302 45.3619 44.8487
v  16.8999 45.6834 44.8487
v  16.4842 45.8825 44.8487
v  16.0374 45.9958 44.8487
v  15.5778 45.9603 44.8487
v  15.1342 45.8351 44.8487
v  14.7539 45.5746 44.8487
v  14.4324 45.2442 44.8487
v  14.2333 44.8285 44.8487
v  14.1200 44.3817 44.8487
v  14.1555 43.9221 44.8487
v  14.2808 43.4785 44.8487
v  14.5413 43.0983 44.8487
v  14.8716 42.7768 44.8487
v  15.2873 42.5777 44.8487
v  15.7341 42.4644 44.8487
v  16.1937 42.4999 44.8487
v  16.6373 42.6251 44.8487
v  17.0176 42.8856 44.8487
v  17.3391 43.2159 44.8487
v  17.5382 43.6317 44.8487
v  17.6515 44.0785 44.8487
v  16.7481 44.6339 44.8488
v  16.8154 44.3956 44.8488
v  16.6082 44.8382 44.8488
v  16.4307 45.0110 44.8488
v  16.2073 45.1180 44.8488
v  15.9672 45.1789 44.8488
v  15.7203 45.1598 44.8488
v  15.4819 45.0925 44.8488
v  15.2776 44.9525 44.8488
v  15.1048 44.7750 44.8488
v  14.9979 44.5516 44.8488
v  14.9370 44.3116 44.8488
v  14.9560 44.0646 44.8488
v  15.0234 43.8263 44.8488
v  15.1633 43.6219 44.8488
v  15.3408 43.4492 44.8488
v  15.5642 43.3422 44.8488
v  15.8043 43.2813 44.8488
v  16.0512 43.3004 44.8488
v  16.2896 43.3677 44.8488
v  16.4939 43.5077 44.8488
v  16.6667 43.6852 44.8488
v  16.7736 43.9086 44.8488
v  16.8345 44.1486 44.8488
v  16.7481 44.6339 45.6366
v  16.8154 44.3956 45.6366
v  16.6082 44.8382 45.6366
v  16.4307 45.0110 45.6366
v  16.2073 45.1180 45.6366
v  15.9672 45.1789 45.6366
v  15.7203 45.1598 45.6366
v  15.4819 45.0925 45.6366
v  15.2776 44.9525 45.6366
v  15.1048 44.7750 45.6366
v  14.9979 44.5516 45.6366
v  14.9370 44.3116 45.6366
v  14.9560 44.0646 45.6366
v  15.0234 43.8263 45.6366
v  15.1633 43.6219 45.6366
v  15.3408 43.4492 45.6366
v  15.5642 43.3422 45.6366
v  15.8043 43.2813 45.6366
v  16.0512 43.3004 45.6366
v  16.2896 43.3677 45.6366
v  16.4939 43.5077 45.6366
v  16.6667 43.6852 45.6366
v  16.7736 43.9086 45.6366
v  16.8345 44.1486 45.6366
v  15.8857 44.2301 45.6366
v  15.2947 56.1215 45.0329
v  16.4768 56.1215 45.0329
v  16.4768 72.9105 45.0329
v  15.2947 72.9105 45.0329
v  16.4768 56.1215 34.9026
v  16.4768 72.9105 34.9026
v  15.2947 56.1215 34.9026
v  15.2947 72.9105 34.9026
v  28.0380 43.7956 45.0329
v  28.0380 42.6135 45.0329
v  44.8271 42.6135 45.0329
v  44.8271 43.7956 45.0329
v  28.0380 42.6135 34.9026
v  44.8271 42.6135 34.9026
v  28.0380 43.7956 34.9026
v  44.8271 43.7956 34.9026
v  33.9216 66.6300 45.0329
v  24.0354 53.0090 45.0329
v  34.8272 65.8702 45.0329
v  23.1298 53.7689 45.0329
v  24.0354 53.0090 34.9026
v  34.8272 65.8702 34.9026
v  23.1298 53.7689 34.9026
v  33.9216 66.6300 34.9026
v  37.8300 25.3436 45.0329
v  24.2090 35.2298 45.0329
v  37.0702 24.4380 45.0329
v  24.9689 36.1354 45.0329
v  24.2090 35.2298 34.9026
v  37.0702 24.4380 34.9026
v  24.9689 36.1354 34.9026
v  37.8300 25.3436 34.9026
v  20.7942 39.7506 44.8486
v  20.7942 41.4835 44.8486
v  18.6634 39.7506 44.8486
v  21.3658 39.7506 44.2770
v  21.3658 39.7506 37.2687
v  21.3658 41.4835 37.2687
v  21.3658 41.4835 44.2770
v  20.7942 39.7506 36.6971
v  18.6634 39.7506 36.6971
v  20.7942 41.4835 36.6971
v  20.9847 39.7506 44.7697
v  21.2869 39.7506 44.4675
v  21.2869 41.4835 44.4675
v  20.9847 41.4835 44.7697
v  21.2869 39.7506 37.0783
v  20.9847 39.7506 36.7760
v  20.9847 41.4835 36.7760
v  21.2869 41.4835 37.0783
v  22.0513 41.4835 44.8486
v  22.0513 41.4835 36.6971
v  18.6634 46.8329 44.8486
v  20.7942 46.8329 44.8486
v  18.6634 46.8329 36.6971
v  22.0513 46.8329 36.6971
v  18.1706 39.7506 44.4675
v  18.4729 39.7506 44.7697
v  18.4729 46.8329 44.7697
v  18.1706 46.8329 44.4675
v  18.4729 39.7506 36.7760
v  18.1706 39.7506 37.0783
v  18.1706 46.8329 37.0783
v  18.4729 46.8329 36.7760
v  18.0918 39.7506 37.2687
v  18.0918 46.8329 37.2687
v  18.0918 39.7506 44.2770
v  18.0918 46.8329 44.2770
v  22.0513 46.8329 44.8486
v  23.5018 42.7068 43.6253
v  23.5018 42.7068 37.9204
v  23.5018 45.6096 37.9204
v  23.5018 45.6096 43.6253
v  20.7942 47.2792 44.5181
v  21.7208 47.2792 44.5181
v  21.7208 47.2792 37.0277
v  18.6946 47.2792 37.0420
v  18.4366 47.2792 37.3000
v  18.4366 47.2792 44.2458
v  18.6946 47.2792 44.5038
v  18.0918 42.3648 43.2770
v  18.0918 42.3648 38.2687
v  18.0918 46.0810 43.2770
v  18.0918 46.0810 38.2687
v  14.5552 42.3648 43.2770
v  14.5552 42.3648 38.2687
v  13.9447 45.4705 43.2770
v  14.5552 46.0810 43.2770
v  14.3647 46.0021 43.2770
v  14.0235 45.6609 43.2770
v  14.3647 42.4437 43.2770
v  13.9447 42.9753 43.2770
v  14.0235 42.7848 43.2770
v  14.5552 46.0810 38.2687
v  13.9447 42.9753 38.2687
v  14.3647 42.4437 38.2687
v  14.0235 42.7848 38.2687
v  13.9447 45.4705 38.2687
v  14.3647 46.0021 38.2687
v  14.0235 45.6609 38.2687
v  18.6946 46.8329 44.5038
v  20.7942 46.8329 44.5181
v  21.7208 46.8329 44.5181
v  21.7208 46.8329 37.0277
v  18.6946 46.8329 37.0420
v  18.4366 46.8329 37.3000
v  18.4366 46.8329 44.2458
v  22.0513 42.4837 37.6973
v  22.0513 42.4837 43.8485
v  22.0513 45.8327 37.6973
v  22.0513 45.8327 43.8485
v  23.2786 42.4837 37.6973
v  23.2786 42.4837 43.8485
v  23.2786 45.8327 37.6973
v  23.2786 45.8327 43.8485
v  11.9363 42.9753 43.2770
v  11.9363 42.9753 38.2687
v  11.9363 45.4705 43.2770
v  11.9363 45.4705 38.2687
v  11.9363 42.8451 44.4613
v  11.9363 45.6007 44.4613
v  9.7471 45.6007 44.4613
v  9.7471 42.8451 44.4613
v  11.9363 46.6547 43.4073
v  11.9363 46.6547 38.1385
v  9.7471 46.6547 38.1385
v  9.7471 46.6547 43.4073
v  11.9363 45.6007 37.0845
v  11.9363 42.8451 37.0845
v  9.7471 42.8451 37.0845
v  9.7471 45.6007 37.0845
v  11.9363 41.7911 38.1385
v  11.9363 41.7911 43.4073
v  11.9363 41.9675 37.7126
v  11.9363 42.4192 37.2609
v  11.9363 42.4192 44.2849
v  11.9363 41.9675 43.8331
v  11.9363 46.4783 43.8331
v  11.9363 46.0266 44.2849
v  11.9363 46.0266 37.2609
v  11.9363 46.4783 37.7126
v  9.7471 41.9675 37.7126
v  9.7471 42.4192 37.2609
v  9.7471 42.4192 44.2849
v  9.7471 41.9675 43.8331
v  9.7471 46.4783 43.8331
v  9.7471 46.0266 44.2849
v  9.7471 46.0266 37.2609
v  9.7471 46.4783 37.7126
v  9.7471 41.7911 43.4073
v  9.7471 41.7911 38.1385
v  9.7471 42.8370 39.2715
v  9.7471 39.7506 38.1385
v  9.7471 39.7506 43.4073
v  9.7471 43.4377 38.6708
v  9.7471 45.0081 38.6708
v  9.7471 45.6088 39.2715
v  9.7471 45.6088 42.2743
v  9.7471 43.4377 42.8750
v  9.7471 45.0081 42.8750
v  9.7471 43.1949 42.7744
v  9.7471 42.9375 42.5170
v  9.7471 43.1949 38.7714
v  9.7471 45.2508 38.7714
v  9.7471 45.5083 39.0288
v  9.7471 45.2508 42.7744
v  9.7471 42.8370 42.2743
v  9.7471 42.9375 39.0288
v  9.7471 45.5083 42.5170
v  9.4241 42.8370 42.2743
v  9.4241 42.8370 39.2715
v  9.4241 43.4377 38.6708
v  9.4241 45.0081 38.6708
v  9.4241 45.6088 39.2715
v  9.4241 45.6088 42.2743
v  9.4241 45.0081 42.8750
v  9.4241 43.4377 42.8750
v  9.4241 43.1949 42.7744
v  9.4241 42.9375 42.5170
v  9.4241 42.9375 39.0288
v  9.4241 43.1949 38.7714
v  9.4241 45.2508 38.7714
v  9.4241 45.5083 39.0288
v  9.4241 45.5083 42.5170
v  9.4241 45.2508 42.7744
v  11.9363 39.7506 43.4073
v  11.9363 39.7506 38.1385
v  16.8111 51.9731 78.9510
v  16.8111 44.2301 79.9700
v  17.8308 44.2301 79.9700
v  17.8308 51.9731 78.9510
v  16.8111 59.1883 75.9619
v  17.8308 59.1883 75.9619
v  16.8111 65.3842 71.2076
v  17.8308 65.3842 71.2076
v  16.8111 70.1385 65.0117
v  17.8308 70.1385 65.0117
v  16.8111 73.1272 57.7964
v  17.8308 73.1272 57.7964
v  17.8307 74.1466 50.9788
v  16.8111 74.1466 50.9788
v  16.8112 15.3330 57.7964
v  16.8112 14.3136 50.9788
v  17.8308 14.3136 50.9788
v  17.8308 15.3330 57.7964
v  16.8112 18.3216 65.0117
v  17.8308 18.3216 65.0117
v  17.8308 23.0759 71.2076
v  16.8111 23.0759 71.2076
v  16.8111 29.2718 75.9618
v  17.8308 29.2718 75.9618
v  16.8111 36.4871 78.9510
v  17.8308 36.4871 78.9510
v  17.6076 37.0394 76.8892
v  17.6076 30.3388 74.1138
v  17.6076 24.5849 69.6986
v  17.6077 16.7261 53.0945
v  17.6077 20.1697 63.9447
v  17.6077 17.3943 57.2441
v  17.6076 68.2904 63.9447
v  17.6076 71.7340 53.0945
v  17.6076 71.0659 57.2441
v  17.6076 63.8753 69.6986
v  17.6076 58.1213 74.1138
v  17.6076 51.4207 76.8892
v  17.6076 44.2301 77.8359
v  17.0343 71.7340 53.0945
v  17.0343 63.8753 69.6986
v  17.0343 68.2904 63.9447
v  17.0343 71.0659 57.2441
v  17.0343 58.1213 74.1138
v  17.0343 20.1697 63.9447
v  17.0343 16.7261 53.0945
v  17.0343 17.3943 57.2441
v  17.0343 24.5849 69.6986
v  17.0343 30.3388 74.1138
v  17.0343 37.0394 76.8892
v  17.0343 44.2301 77.8359
v  17.0343 51.4207 76.8892
v  17.8308 44.2301 77.8359
v  17.8308 51.4207 76.8892
v  17.8308 37.0394 76.8892
v  17.8308 30.3388 74.1138
v  17.8308 24.5849 69.6986
v  17.8308 20.1697 63.9447
v  17.8308 17.3943 57.2441
v  17.8308 16.7261 53.0945
v  17.8307 71.7340 53.0945
v  17.8308 71.0659 57.2441
v  17.8308 68.2904 63.9447
v  17.8308 63.8753 69.6986
v  17.8308 58.1213 74.1138
v  16.8111 44.2301 77.8359
v  16.8111 51.4207 76.8892
v  16.8111 58.1213 74.1138
v  16.8111 63.8753 69.6986
v  16.8111 68.2904 63.9447
v  16.8111 71.0659 57.2441
v  16.8111 71.7340 53.0945
v  16.8112 16.7261 53.0945
v  16.8112 17.3943 57.2441
v  16.8112 20.1697 63.9447
v  16.8111 24.5849 69.6986
v  16.8111 30.3388 74.1138
v  16.8111 37.0394 76.8892
v  14.5669 68.0196 50.9092
v  14.5669 68.0196 49.3265
v  17.2046 68.0196 49.3265
v  17.2046 68.0196 50.9092
v  14.5669 70.8465 50.9092
v  17.2046 70.8465 50.9092
v  17.2046 70.8465 49.3265
v  14.5669 70.8465 49.3265
v  15.5669 68.1819 51.1323
v  16.2046 68.1819 51.1323
v  16.2046 70.6843 51.1323
v  15.5669 70.6843 51.1323
v  16.2046 68.1819 50.9092
v  15.5669 68.1819 50.9092
v  16.2046 70.6843 50.9092
v  15.5669 70.6843 50.9092
v  14.5669 67.7573 51.2060
v  14.9604 67.7573 51.4331
v  14.7332 67.7573 51.3723
v  14.7332 67.7573 50.5854
v  14.5060 67.7573 50.9788
v  14.5669 67.7573 50.7516
v  15.1875 67.7573 50.5854
v  14.9604 67.7573 50.5245
v  15.3538 67.7573 50.7516
v  15.4147 67.7573 50.9788
v  15.3538 67.7573 51.2060
v  15.1875 67.7573 51.3723
v  15.3538 71.1316 50.7516
v  15.4147 71.1316 50.9788
v  15.1875 71.1316 50.5854
v  14.9604 71.1316 50.5245
v  14.7332 71.1316 50.5854
v  14.5669 71.1316 50.7516
v  14.5060 71.1316 50.9788
v  14.5669 71.1316 51.2060
v  14.7332 71.1316 51.3723
v  14.9604 71.1316 51.4331
v  15.1875 71.1316 51.3723
v  15.3538 71.1316 51.2060
v  16.4177 67.7573 51.2060
v  16.8111 67.7573 51.4331
v  16.5840 67.7573 51.3723
v  16.5840 67.7573 50.5854
v  16.3568 67.7573 50.9788
v  16.4177 67.7573 50.7516
v  17.2654 67.7573 50.9788
v  16.8111 67.7573 50.5245
v  17.0383 67.7573 50.5854
v  17.2046 67.7573 50.7516
v  17.0383 67.7573 51.3723
v  17.2046 67.7573 51.2060
v  17.2046 71.1316 50.7516
v  17.2654 71.1316 50.9788
v  17.0383 71.1316 50.5854
v  16.8111 71.1316 50.5245
v  16.5840 71.1316 50.5854
v  16.4177 71.1316 50.7516
v  16.3568 71.1316 50.9788
v  16.4177 71.1316 51.2060
v  16.5840 71.1316 51.3723
v  16.8111 71.1316 51.4331
v  17.0383 71.1316 51.3723
v  17.2046 71.1316 51.2060
v  29.1423 67.1912 0.6489
v  34.6334 62.9778 0.6489
v  34.6334 62.9778 -0.0582
v  29.1423 67.1912 -0.0582
v  28.7857 66.5735 0.6489
v  34.1291 62.4734 0.6489
v  28.7857 66.5735 -0.0582
v  34.1291 62.4734 -0.0582
v  22.7479 69.8399 0.6489
v  22.7479 69.8399 -0.0582
v  22.5633 69.1510 0.6489
v  22.5633 69.1510 -0.0582
v  15.8857 70.7433 0.6489
v  15.8857 70.7433 -0.0582
v  15.8857 70.0301 0.6489
v  15.8857 70.0301 -0.0582
v  9.0236 69.8399 0.6489
v  9.0236 69.8399 -0.0582
v  9.2082 69.1510 0.6489
v  9.2082 69.1510 -0.0582
v  2.6292 67.1912 0.6489
v  2.6292 67.1912 -0.0582
v  2.9858 66.5735 0.6489
v  2.9858 66.5735 -0.0582
v  -2.8619 62.9778 0.6489
v  -2.8619 62.9778 -0.0582
v  -2.3576 62.4734 0.6489
v  -2.3576 62.4734 -0.0582
v  -7.0753 57.4867 0.6489
v  -7.0753 57.4867 -0.0582
v  -6.4577 57.1301 0.6489
v  -6.4577 57.1301 -0.0582
v  -9.7240 51.0922 0.6489
v  -9.7240 51.0922 -0.0582
v  -9.0351 50.9076 0.6489
v  -9.0351 50.9076 -0.0582
v  -10.6274 44.2301 0.6489
v  -10.6274 44.2301 -0.0582
v  -9.9142 44.2301 0.6489
v  -9.9142 44.2301 -0.0582
v  -9.7240 37.3680 0.6489
v  -9.7240 37.3680 -0.0582
v  -9.0351 37.5526 0.6489
v  -9.0351 37.5526 -0.0582
v  -7.0754 30.9735 0.6489
v  -7.0754 30.9735 -0.0582
v  -6.4577 31.3301 0.6489
v  -6.4577 31.3301 -0.0582
v  -2.8619 25.4825 0.6489
v  -2.8619 25.4825 -0.0582
v  -2.3576 25.9868 0.6489
v  -2.3576 25.9868 -0.0582
v  2.6291 21.2690 0.6489
v  2.6291 21.2690 -0.0582
v  2.9858 21.8867 0.6489
v  2.9858 21.8867 -0.0582
v  9.0236 18.6203 0.6489
v  9.0236 18.6203 -0.0582
v  9.2082 19.3092 0.6489
v  9.2082 19.3092 -0.0582
v  15.8857 17.7169 0.6489
v  15.8857 17.7169 -0.0582
v  15.8857 18.4301 0.6489
v  15.8857 18.4301 -0.0582
v  22.7478 18.6203 0.6489
v  22.7478 18.6203 -0.0582
v  22.5633 19.3092 0.6489
v  22.5633 19.3092 -0.0582
v  29.1423 21.2690 0.6489
v  29.1423 21.2690 -0.0582
v  28.7857 21.8867 0.6489
v  28.7857 21.8867 -0.0582
v  34.6334 25.4824 0.6489
v  34.6334 25.4824 -0.0582
v  34.1291 25.9867 0.6489
v  34.1291 25.9867 -0.0582
v  38.8468 30.9735 0.6489
v  38.8468 30.9735 -0.0582
v  38.2292 31.3301 0.6489
v  38.2292 31.3301 -0.0582
v  41.4955 37.3680 0.6489
v  41.4955 37.3680 -0.0582
v  40.8066 37.5526 0.6489
v  40.8066 37.5526 -0.0582
v  42.3989 44.2301 0.6489
v  42.3989 44.2301 -0.0582
v  41.6857 44.2301 0.6489
v  41.6857 44.2301 -0.0582
v  41.4955 51.0922 0.6489
v  41.4955 51.0922 -0.0582
v  40.8066 50.9076 0.6489
v  40.8066 50.9076 -0.0582
v  38.8468 57.4867 0.6489
v  38.8468 57.4867 -0.0582
v  38.2292 57.1301 0.6489
v  38.2292 57.1301 -0.0582
v  25.3635 60.6461 0.6489
v  29.2893 57.6337 0.6489
v  29.2893 57.6337 -0.0582
v  25.3635 60.6461 -0.0582
v  25.0069 60.0284 0.6489
v  28.7850 57.1294 0.6489
v  25.0069 60.0284 -0.0582
v  28.7850 57.1294 -0.0582
v  20.7918 62.5397 0.6489
v  20.7918 62.5397 -0.0582
v  20.6072 61.8508 0.6489
v  20.6072 61.8508 -0.0582
v  15.8857 63.1856 0.6489
v  15.8857 63.1856 -0.0582
v  15.8857 62.4724 0.6489
v  15.8857 62.4724 -0.0582
v  10.9797 62.5397 0.6489
v  10.9797 62.5397 -0.0582
v  11.1643 61.8508 0.6489
v  11.1643 61.8508 -0.0582
v  6.4080 60.6461 0.6489
v  6.4080 60.6461 -0.0582
v  6.7646 60.0284 0.6489
v  6.7646 60.0284 -0.0582
v  2.4822 57.6337 0.6489
v  2.4822 57.6337 -0.0582
v  2.9865 57.1294 0.6489
v  2.9865 57.1294 -0.0582
v  -0.5302 53.7079 0.6489
v  -0.5302 53.7079 -0.0582
v  0.0874 53.3513 0.6489
v  0.0874 53.3513 -0.0582
v  -2.4239 49.1362 0.6489
v  -2.4239 49.1362 -0.0582
v  -1.7350 48.9516 0.6489
v  -1.7350 48.9516 -0.0582
v  -3.0698 44.2301 0.6489
v  -3.0698 44.2301 -0.0582
v  -2.3566 44.2301 0.6489
v  -2.3566 44.2301 -0.0582
v  -2.4239 39.3241 0.6489
v  -2.4239 39.3241 -0.0582
v  -1.7350 39.5086 0.6489
v  -1.7350 39.5086 -0.0582
v  -0.5302 34.7524 0.6489
v  -0.5302 34.7524 -0.0582
v  0.0874 35.1090 0.6489
v  0.0874 35.1090 -0.0582
v  2.4822 30.8265 0.6489
v  2.4822 30.8265 -0.0582
v  2.9865 31.3308 0.6489
v  2.9865 31.3308 -0.0582
v  6.4080 27.8142 0.6489
v  6.4080 27.8142 -0.0582
v  6.7646 28.4318 0.6489
v  6.7646 28.4318 -0.0582
v  10.9797 25.9205 0.6489
v  10.9797 25.9205 -0.0582
v  11.1643 26.6094 0.6489
v  11.1643 26.6094 -0.0582
v  15.8857 25.2746 0.6489
v  15.8857 25.2746 -0.0582
v  15.8857 25.9878 0.6489
v  15.8857 25.9878 -0.0582
v  20.7918 25.9205 0.6489
v  20.7918 25.9205 -0.0582
v  20.6072 26.6094 0.6489
v  20.6072 26.6094 -0.0582
v  25.3635 27.8141 0.6489
v  25.3635 27.8141 -0.0582
v  25.0069 28.4318 0.6489
v  25.0069 28.4318 -0.0582
v  29.2893 30.8265 0.6489
v  29.2893 30.8265 -0.0582
v  28.7850 31.3308 0.6489
v  28.7850 31.3308 -0.0582
v  32.3017 34.7523 0.6489
v  32.3017 34.7523 -0.0582
v  31.6840 35.1089 0.6489
v  31.6840 35.1089 -0.0582
v  34.1954 39.3240 0.6489
v  34.1954 39.3240 -0.0582
v  33.5065 39.5086 0.6489
v  33.5065 39.5086 -0.0582
v  34.8413 44.2301 0.6489
v  34.8413 44.2301 -0.0582
v  34.1280 44.2301 0.6489
v  34.1280 44.2301 -0.0582
v  34.1954 49.1362 0.6489
v  34.1954 49.1362 -0.0582
v  33.5065 48.9516 0.6489
v  33.5065 48.9516 -0.0582
v  32.3017 53.7079 0.6489
v  32.3017 53.7079 -0.0582
v  31.6840 53.3512 0.6489
v  31.6840 53.3512 -0.0582
v  21.0094 53.1046 0.6489
v  23.1318 51.4761 0.6489
v  23.1318 51.4761 -0.0582
v  21.0094 53.1046 -0.0582
v  20.6529 52.4870 0.6489
v  22.6274 50.9718 0.6489
v  20.6529 52.4870 -0.0582
v  22.6274 50.9718 -0.0582
v  18.5380 54.1283 0.6489
v  18.5380 54.1283 -0.0582
v  18.3534 53.4394 0.6489
v  18.3534 53.4394 -0.0582
v  15.8857 54.4775 0.6489
v  15.8857 54.4775 -0.0582
v  15.8857 53.7643 0.6489
v  15.8857 53.7643 -0.0582
v  13.2335 54.1283 0.6489
v  13.2335 54.1283 -0.0582
v  13.4181 53.4394 0.6489
v  13.4181 53.4394 -0.0582
v  10.7621 53.1046 0.6489
v  10.7621 53.1046 -0.0582
v  11.1186 52.4869 0.6489
v  11.1186 52.4869 -0.0582
v  8.6397 51.4761 0.6489
v  8.6397 51.4761 -0.0582
v  9.1441 50.9718 0.6489
v  9.1441 50.9718 -0.0582
v  7.0112 49.3538 0.6489
v  7.0112 49.3538 -0.0582
v  7.6289 48.9972 0.6489
v  7.6289 48.9972 -0.0582
v  5.9875 46.8823 0.6489
v  5.9875 46.8823 -0.0582
v  6.6764 46.6977 0.6489
v  6.6764 46.6977 -0.0582
v  5.6383 44.2301 0.6489
v  5.6383 44.2301 -0.0582
v  6.3516 44.2301 0.6489
v  6.3516 44.2301 -0.0582
v  5.9875 41.5779 0.6489
v  5.9875 41.5779 -0.0582
v  6.6764 41.7625 0.6489
v  6.6764 41.7625 -0.0582
v  7.0112 39.1064 0.6489
v  7.0112 39.1064 -0.0582
v  7.6289 39.4630 0.6489
v  7.6289 39.4630 -0.0582
v  8.6397 36.9841 0.6489
v  8.6397 36.9841 -0.0582
v  9.1440 37.4884 0.6489
v  9.1440 37.4884 -0.0582
v  10.7621 35.3556 0.6489
v  10.7621 35.3556 -0.0582
v  11.1186 35.9733 0.6489
v  11.1186 35.9733 -0.0582
v  13.2335 34.3319 0.6489
v  13.2335 34.3319 -0.0582
v  13.4181 35.0208 0.6489
v  13.4181 35.0208 -0.0582
v  15.8857 33.9827 0.6489
v  15.8857 33.9827 -0.0582
v  15.8857 34.6959 0.6489
v  15.8857 34.6959 -0.0582
v  18.5379 34.3319 0.6489
v  18.5379 34.3319 -0.0582
v  18.3534 35.0208 0.6489
v  18.3534 35.0208 -0.0582
v  21.0094 35.3556 0.6489
v  21.0094 35.3556 -0.0582
v  20.6529 35.9732 0.6489
v  20.6529 35.9732 -0.0582
v  23.1317 36.9841 0.6489
v  23.1317 36.9841 -0.0582
v  22.6274 37.4884 0.6489
v  22.6274 37.4884 -0.0582
v  24.7603 39.1064 0.6489
v  24.7603 39.1064 -0.0582
v  24.1426 39.4630 0.6489
v  24.1426 39.4630 -0.0582
v  25.7840 41.5779 0.6489
v  25.7840 41.5779 -0.0582
v  25.0951 41.7625 0.6489
v  25.0951 41.7625 -0.0582
v  26.1332 44.2301 0.6489
v  26.1332 44.2301 -0.0582
v  25.4199 44.2301 0.6489
v  25.4199 44.2301 -0.0582
v  25.7840 46.8823 0.6489
v  25.7840 46.8823 -0.0582
v  25.0951 46.6977 0.6489
v  25.0951 46.6977 -0.0582
v  24.7603 49.3538 0.6489
v  24.7603 49.3538 -0.0582
v  24.1426 48.9972 0.6489
v  24.1426 48.9972 -0.0582
v  17.7325 47.4288 0.6489
v  18.4975 46.8419 0.6489
v  18.4975 46.8419 -0.0582
v  17.7325 47.4288 -0.0582
v  17.9932 46.3375 0.6489
v  17.3759 46.8111 0.6489
v  17.3759 46.8111 -0.0582
v  17.9932 46.3375 -0.0582
v  16.8417 47.7978 0.6489
v  16.8417 47.7978 -0.0582
v  16.6571 47.1089 0.6489
v  16.6571 47.1089 -0.0582
v  15.8857 47.9237 0.6489
v  15.8857 47.9237 -0.0582
v  15.8857 47.2105 0.6489
v  15.8857 47.2105 -0.0582
v  14.9298 47.7978 0.6489
v  14.9298 47.7978 -0.0582
v  15.1144 47.1089 0.6489
v  15.1144 47.1089 -0.0582
v  14.0390 47.4288 0.6489
v  14.0390 47.4288 -0.0582
v  14.3956 46.8111 0.6489
v  14.3956 46.8111 -0.0582
v  13.2740 46.8419 0.6489
v  13.2740 46.8419 -0.0582
v  13.7783 46.3375 0.6489
v  13.7783 46.3375 -0.0582
v  12.6870 46.0769 0.6489
v  12.6870 46.0769 -0.0582
v  13.3047 45.7203 0.6489
v  13.3047 45.7203 -0.0582
v  12.3180 45.1861 0.6489
v  12.3180 45.1861 -0.0582
v  13.0070 45.0015 0.6489
v  13.0070 45.0015 -0.0582
v  12.1922 44.2301 0.6489
v  12.1922 44.2301 -0.0582
v  12.9054 44.2301 0.6489
v  12.9054 44.2301 -0.0582
v  12.3180 43.2741 0.6489
v  12.3180 43.2741 -0.0582
v  13.0070 43.4587 0.6489
v  13.0070 43.4587 -0.0582
v  12.6870 42.3833 0.6489
v  12.6870 42.3833 -0.0582
v  13.3047 42.7399 0.6489
v  13.3047 42.7399 -0.0582
v  13.2740 41.6183 0.6489
v  13.2740 41.6183 -0.0582
v  13.7783 42.1227 0.6489
v  13.7783 42.1227 -0.0582
v  14.0390 41.0314 0.6489
v  14.0390 41.0314 -0.0582
v  14.3956 41.6491 0.6489
v  14.3956 41.6491 -0.0582
v  14.9298 40.6624 0.6489
v  14.9298 40.6624 -0.0582
v  15.1144 41.3513 0.6489
v  15.1144 41.3513 -0.0582
v  15.8857 40.5365 0.6489
v  15.8857 40.5365 -0.0582
v  15.8857 41.2498 0.6489
v  15.8857 41.2498 -0.0582
v  16.8417 40.6624 0.6489
v  16.8417 40.6624 -0.0582
v  16.6571 41.3513 0.6489
v  16.6571 41.3513 -0.0582
v  17.7325 41.0314 0.6489
v  17.7325 41.0314 -0.0582
v  17.3759 41.6490 0.6489
v  17.3759 41.6490 -0.0582
v  18.4975 41.6183 0.6489
v  18.4975 41.6183 -0.0582
v  17.9932 42.1227 0.6489
v  17.9932 42.1227 -0.0582
v  19.0845 42.3833 0.6489
v  19.0845 42.3833 -0.0582
v  18.4668 42.7399 0.6489
v  18.4668 42.7399 -0.0582
v  19.4534 43.2741 0.6489
v  19.4534 43.2741 -0.0582
v  18.7645 43.4587 0.6489
v  18.7645 43.4587 -0.0582
v  19.5793 44.2301 0.6489
v  19.5793 44.2301 -0.0582
v  18.8661 44.2301 0.6489
v  18.8661 44.2301 -0.0582
v  19.4535 45.1861 0.6489
v  19.4535 45.1861 -0.0582
v  18.7645 45.0015 0.6489
v  18.7645 45.0015 -0.0582
v  19.0845 46.0769 0.6489
v  19.0845 46.0769 -0.0582
v  18.4668 45.7203 0.6489
v  18.4668 45.7203 -0.0582
v  13.7762 46.8397 0.5030
v  -4.0496 64.6655 0.0876
v  -4.0496 64.6655 0.5030
v  13.7762 46.8397 0.0876
v  -4.5496 64.1655 0.5030
v  13.2762 46.3397 0.5030
v  -4.5496 64.1655 0.0876
v  13.2762 46.3397 0.0876
v  -12.6607 44.5837 0.5030
v  12.5488 44.5837 0.5030
v  12.5488 44.5837 0.0876
v  -12.6607 44.5837 0.0876
v  12.5488 43.8765 0.0876
v  -12.6607 43.8766 0.0876
v  12.5488 43.8765 0.5030
v  -12.6607 43.8766 0.5030
v  13.2762 42.1205 0.5030
v  -4.5496 24.2949 0.0877
v  -4.5496 24.2946 0.5031
v  13.2762 42.1205 0.0876
v  -4.0496 23.7946 0.5030
v  13.7762 41.6205 0.5030
v  -4.0496 23.7949 0.0876
v  13.7762 41.6205 0.0876
v  16.2393 15.6837 0.5030
v  16.2393 40.8932 0.5030
v  15.5322 40.8932 0.5030
v  15.5322 15.6837 0.5030
v  15.5322 40.8932 0.0876
v  15.5322 15.6837 0.0876
v  16.2393 40.8932 0.0876
v  16.2393 15.6837 0.0876
v  18.4953 42.1205 0.0876
v  36.3211 24.2947 0.5030
v  36.3211 24.2947 0.0876
v  18.4953 42.1205 0.5030
v  35.8211 23.7947 0.0876
v  17.9953 41.6205 0.0876
v  35.8211 23.7947 0.5030
v  17.9953 41.6205 0.5030
v  44.4322 44.5837 0.0876
v  19.2227 44.5837 0.0876
v  19.2227 44.5837 0.5030
v  44.4322 44.5837 0.5030
v  19.2227 43.8765 0.5030
v  44.4322 43.8765 0.5030
v  19.2227 43.8765 0.0876
v  44.4322 43.8765 0.0876
v  35.8211 64.6655 0.5030
v  17.9953 46.8397 0.0876
v  17.9953 46.8397 0.5030
v  35.8211 64.6655 0.0876
v  18.4953 46.3397 0.5030
v  36.3211 64.1655 0.5030
v  18.4953 46.3397 0.0876
v  36.3211 64.1655 0.0876
v  16.2393 72.7765 0.0876
v  16.2393 47.5671 0.0876
v  15.5322 47.5671 0.0876
v  15.5322 72.7765 0.0876
v  15.5322 47.5671 0.5030
v  15.5322 72.7765 0.5030
v  16.2393 47.5671 0.5030
v  16.2393 72.7765 0.5030
v  14.9604 15.6306 49.8379
v  16.8250 15.6306 49.8379
v  16.8250 72.7765 49.8378
v  14.9604 72.7765 49.8378
v  16.8250 15.6306 49.2787
v  16.8250 72.7765 49.2787
v  14.9604 15.6306 49.2787
v  14.9604 72.7765 49.2787
v  28.9666 17.1949 1.8182
v  28.9666 0.9336 1.8182
v  31.3513 0.9336 1.8182
v  31.3513 17.7742 1.8182
v  31.7714 19.3533 2.0829
v  31.7714 0.5356 2.0829
v  31.7714 0.5356 0.0000
v  31.7714 19.3533 0.0000
v  28.9666 17.1949 0.2646
v  31.3513 0.9336 0.2647
v  28.9666 0.9336 0.2647
v  31.3513 17.7742 0.2646
v  28.5464 17.8281 0.0000
v  28.5464 0.5356 0.0000
v  28.5464 0.5356 2.0829
v  28.5464 17.8281 2.0829
v  2.8049 17.1949 1.8182
v  0.4202 0.9336 1.8182
v  2.8049 0.9336 1.8182
v  0.4202 17.7742 1.8182
v  3.2250 17.8281 2.0829
v  3.2250 0.5356 2.0829
v  3.2250 0.5356 0.0000
v  3.2250 17.8281 0.0000
v  2.8049 17.1949 0.2646
v  2.8049 0.9336 0.2647
v  0.4202 0.9336 0.2647
v  0.4202 17.7742 0.2646
v  -0.0000 19.3533 0.0000
v  -0.0000 0.5356 0.0000
v  -0.0000 0.5356 2.0829
v  -0.0000 19.3533 2.0829
v  28.9666 17.1949 18.0800
v  28.9666 0.9336 18.0800
v  31.3513 0.9336 18.0800
v  31.3513 17.7742 18.0800
v  31.7714 19.3533 18.3447
v  31.7714 0.5356 18.3447
v  31.7714 0.5356 16.2617
v  31.7714 19.3533 16.2617
v  28.9666 17.1949 16.5264
v  31.3513 0.9336 16.5264
v  28.9666 0.9336 16.5264
v  31.3513 17.7742 16.5264
v  28.5464 17.8281 16.2617
v  28.5464 0.5356 16.2617
v  28.5464 0.5356 18.3447
v  28.5464 17.8281 18.3447
v  2.8049 17.1949 18.0800
v  0.4202 0.9336 18.0800
v  2.8049 0.9336 18.0800
v  0.4202 17.7742 18.0800
v  3.2250 17.8281 18.3447
v  3.2250 0.5356 18.3447
v  3.2250 0.5356 16.2617
v  3.2250 17.8281 16.2617
v  2.8049 17.1949 16.5264
v  2.8049 0.9336 16.5264
v  0.4202 0.9336 16.5264
v  0.4202 17.7742 16.5264
v  -0.0000 19.3533 16.2617
v  -0.0000 0.5356 16.2617
v  -0.0000 0.5356 18.3447
v  -0.0000 19.3533 18.3447
v  28.9666 17.1949 43.5175
v  28.9666 0.9336 43.5175
v  31.3513 0.9336 43.5175
v  31.3513 17.7742 43.5175
v  31.7714 19.3533 43.7822
v  31.7714 0.5356 43.7822
v  31.7714 0.5356 41.6993
v  31.7714 19.3533 41.6993
v  28.9666 17.1949 41.9640
v  31.3513 0.9336 41.9640
v  28.9666 0.9336 41.9640
v  31.3513 17.7742 41.9640
v  28.5464 17.8281 41.6993
v  28.5464 0.5356 41.6993
v  28.5464 0.5356 43.7822
v  28.5464 17.8281 43.7822
v  2.8049 17.1949 43.5175
v  0.4202 0.9336 43.5175
v  2.8049 0.9336 43.5175
v  0.4202 17.7742 43.5175
v  3.2250 17.8281 43.7822
v  3.2250 0.5356 43.7822
v  3.2250 0.5356 41.6993
v  3.2250 17.8281 41.6993
v  2.8049 17.1949 41.9640
v  2.8049 0.9336 41.9640
v  0.4202 0.9336 41.9640
v  0.4202 17.7742 41.9640
v  -0.0000 19.3533 41.6993
v  -0.0000 0.5356 41.6993
v  -0.0000 0.5356 43.7822
v  -0.0000 19.3533 43.7822
v  31.3513 17.7742 2.0829
v  28.9666 17.1949 2.0829
v  28.9666 0.9336 2.0829
v  31.3513 0.9336 2.0829
v  31.3513 17.7742 0.0000
v  28.9666 17.1949 0.0000
v  31.3513 0.9336 0.0000
v  31.7714 0.0000 0.0000
v  28.9666 0.9336 0.0000
v  0.4202 17.7742 2.0829
v  2.8049 17.1949 2.0829
v  0.4202 0.9336 2.0829
v  2.8049 0.9336 2.0829
v  0.4202 17.7742 0.0000
v  2.8049 17.1949 0.0000
v  2.8049 0.9336 0.0000
v  3.2250 0.0000 0.0000
v  0.4202 0.9336 0.0000
v  28.9666 17.1949 18.3447
v  28.9666 0.9336 18.3447
v  31.3513 0.9336 18.3447
v  31.3513 17.7742 18.3447
v  31.3513 17.7742 16.2617
v  31.3513 0.9336 16.2617
v  28.9666 0.9336 16.2617
v  28.9666 17.1949 16.2617
v  0.4202 17.7742 18.3447
v  0.4202 0.9336 18.3447
v  2.8049 0.9336 18.3447
v  2.8049 17.1949 18.3447
v  2.8049 17.1949 16.2617
v  2.8049 0.9336 16.2617
v  0.4202 0.9336 16.2617
v  0.4202 17.7742 16.2617
v  28.9666 17.1949 43.7822
v  28.9666 0.9336 43.7822
v  31.3513 0.9336 43.7822
v  31.3513 17.7742 43.7822
v  31.3513 17.7742 41.6993
v  31.3513 0.9336 41.6993
v  28.9666 0.9336 41.6993
v  28.9666 17.1949 41.6993
v  0.4202 17.7742 43.7822
v  0.4202 0.9336 43.7822
v  2.8049 0.9336 43.7822
v  2.8049 17.1949 43.7822
v  2.8049 17.1949 41.6993
v  2.8049 0.9336 41.6993
v  0.4202 0.9336 41.6993
v  0.4202 17.7742 41.6993
v  31.7714 0.0000 2.0829
v  28.5464 0.0000 0.0000
v  -0.0000 0.0000 0.0000
v  -0.0000 0.0000 2.0829
v  31.7714 0.0000 18.3447
v  31.7714 0.0000 16.2617
v  28.5464 0.0000 16.2617
v  28.5464 0.0000 18.3447
v  3.2250 0.0000 18.3447
v  3.2250 0.0000 16.2617
v  -0.0000 0.0000 16.2617
v  -0.0000 0.0000 18.3447
v  31.7714 0.0000 43.7822
v  31.7714 0.0000 41.6993
v  -0.0000 0.0000 41.6993
v  -0.0000 0.0000 43.7822
v  3.2250 0.0000 2.0829
v  3.2250 0.0000 41.6993
v  28.5464 0.0000 41.6993
v  28.5464 0.0000 2.0829
v  15.2947 15.5787 45.0329
v  16.4768 15.5787 45.0329
v  16.4768 32.3677 45.0329
v  15.2947 32.3677 45.0329
v  16.4768 15.5787 34.9026
v  16.4768 32.3677 34.9026
v  15.2947 15.5787 34.9026
v  15.2947 32.3677 34.9026
v  13.9408 51.9731 78.9510
v  13.9408 44.2301 79.9700
v  14.9604 44.2301 79.9700
v  14.9604 51.9731 78.9510
v  13.9408 59.1883 75.9619
v  14.9604 59.1883 75.9619
v  13.9408 65.3842 71.2076
v  14.9604 65.3842 71.2076
v  13.9408 70.1385 65.0117
v  14.9604 70.1385 65.0117
v  13.9408 73.1272 57.7964
v  14.9604 73.1272 57.7964
v  13.9408 74.1466 50.9788
v  14.9604 74.1466 50.9788
v  13.9408 15.3330 57.7964
v  13.9408 14.3136 50.9788
v  14.9605 14.3136 50.9788
v  14.9605 15.3330 57.7964
v  13.9408 18.3216 65.0117
v  14.9605 18.3216 65.0117
v  14.9604 23.0759 71.2076
v  13.9408 23.0759 71.2076
v  13.9408 29.2718 75.9618
v  14.9604 29.2718 75.9618
v  13.9408 36.4871 78.9510
v  14.9604 36.4871 78.9510
v  14.7373 37.0394 76.8892
v  14.7373 30.3388 74.1138
v  14.7373 24.5849 69.6986
v  14.7374 16.7261 53.0945
v  14.7374 20.1697 63.9447
v  14.7374 17.3943 57.2441
v  14.7373 68.2904 63.9447
v  14.7372 71.7340 53.0945
v  14.7373 71.0659 57.2441
v  14.7373 63.8753 69.6986
v  14.7373 58.1213 74.1138
v  14.7373 51.4207 76.8892
v  14.7373 44.2301 77.8359
v  14.1639 71.7340 53.0945
v  14.1639 63.8753 69.6986
v  14.1639 68.2904 63.9447
v  14.1639 71.0659 57.2441
v  14.1639 58.1213 74.1138
v  14.1640 20.1697 63.9447
v  14.1640 16.7261 53.0945
v  14.1640 17.3943 57.2441
v  14.1639 24.5849 69.6986
v  14.1639 30.3388 74.1138
v  14.1639 37.0394 76.8892
v  14.1639 44.2301 77.8359
v  14.1639 51.4207 76.8892
v  14.9604 44.2301 77.8359
v  14.9604 51.4207 76.8892
v  14.9604 37.0394 76.8892
v  14.9604 30.3388 74.1138
v  14.9604 24.5849 69.6986
v  14.9605 20.1697 63.9447
v  14.9605 17.3943 57.2441
v  14.9605 16.7261 53.0945
v  14.9604 71.7340 53.0945
v  14.9604 71.0659 57.2441
v  14.9604 68.2904 63.9447
v  14.9604 63.8753 69.6986
v  14.9604 58.1213 74.1138
v  13.9408 44.2301 77.8359
v  13.9408 51.4207 76.8892
v  13.9408 58.1213 74.1138
v  13.9408 63.8753 69.6986
v  13.9408 68.2904 63.9447
v  13.9408 71.0659 57.2441
v  13.9408 71.7340 53.0945
v  13.9408 16.7261 53.0945
v  13.9408 17.3943 57.2441
v  13.9408 20.1697 63.9447
v  13.9408 24.5849 69.6986
v  13.9408 30.3388 74.1138
v  13.9408 37.0394 76.8892
v  14.5669 18.6662 50.9092
v  14.5669 18.6662 49.3265
v  17.2046 18.6662 49.3265
v  17.2046 18.6662 50.9092
v  14.5669 21.4931 50.9092
v  17.2046 21.4931 50.9092
v  17.2046 21.4931 49.3265
v  14.5669 21.4931 49.3265
v  15.5669 18.8284 51.1323
v  16.2046 18.8284 51.1323
v  16.2046 21.3308 51.1323
v  15.5669 21.3308 51.1323
v  16.2046 18.8284 50.9092
v  15.5669 18.8284 50.9092
v  16.2046 21.3308 50.9092
v  15.5669 21.3308 50.9092
v  14.5669 18.4039 51.2060
v  14.9604 18.4039 51.4331
v  14.7332 18.4039 51.3723
v  14.7332 18.4039 50.5854
v  14.5060 18.4039 50.9788
v  14.5669 18.4039 50.7516
v  15.1875 18.4039 50.5854
v  14.9604 18.4039 50.5245
v  15.3538 18.4039 50.7516
v  15.4147 18.4039 50.9788
v  15.3538 18.4039 51.2060
v  15.1875 18.4039 51.3723
v  15.3538 21.7781 50.7516
v  15.4147 21.7782 50.9788
v  15.1875 21.7781 50.5854
v  14.9604 21.7781 50.5245
v  14.7332 21.7781 50.5854
v  14.5669 21.7781 50.7516
v  14.5060 21.7782 50.9788
v  14.5669 21.7782 51.2060
v  14.7332 21.7782 51.3723
v  14.9604 21.7782 51.4331
v  15.1875 21.7782 51.3723
v  15.3538 21.7782 51.2060
v  16.4177 18.4039 51.2060
v  16.8111 18.4039 51.4331
v  16.5840 18.4039 51.3723
v  16.5840 18.4039 50.5854
v  16.3568 18.4039 50.9788
v  16.4177 18.4039 50.7516
v  17.2654 18.4039 50.9788
v  16.8111 18.4039 50.5245
v  17.0383 18.4039 50.5854
v  17.2046 18.4039 50.7516
v  17.0383 18.4039 51.3723
v  17.2046 18.4039 51.2060
v  17.2046 21.7781 50.7516
v  17.2654 21.7782 50.9788
v  17.0383 21.7781 50.5854
v  16.8111 21.7781 50.5245
v  16.5840 21.7781 50.5854
v  16.4177 21.7781 50.7516
v  16.3568 21.7782 50.9788
v  16.4177 21.7782 51.2060
v  16.5840 21.7782 51.3723
v  16.8111 21.7782 51.4331
v  17.0383 21.7782 51.3723
v  17.2046 21.7782 51.2060
v  3.9227 43.7956 45.0329
v  -12.8664 43.7956 45.0329
v  -12.8664 42.6135 45.0329
v  3.9227 42.6135 45.0329
v  -12.8664 42.6135 34.9026
v  3.9227 42.6135 34.9026
v  -12.8664 43.7956 34.9026
v  3.9227 43.7956 34.9026
v  7.9253 53.0090 45.0329
v  -1.9609 66.6300 45.0329
v  -2.8665 65.8702 45.0329
v  8.8309 53.7689 45.0329
v  -2.8665 65.8702 34.9026
v  7.9253 53.0090 34.9026
v  -1.9609 66.6300 34.9026
v  8.8309 53.7689 34.9026
v  7.7517 35.2298 45.0329
v  -5.8693 25.3436 45.0329
v  -5.1095 24.4380 45.0329
v  6.9918 36.1354 45.0329
v  -5.1095 24.4380 34.9026
v  7.7517 35.2298 34.9026
v  -5.8693 25.3436 34.9026
v  6.9918 36.1354 34.9026
v  3.2250 0.0000 43.7822
v  28.5464 0.0000 43.7822
# 1900 vertices

vn 1.0000 -0.0000 -0.0000
vn 0.9651 0.2620 -0.0065
vn 0.8660 0.5000 0.0000
vn 0.7071 0.7071 0.0000
vn 0.5000 0.8660 0.0000
vn 0.2588 0.9659 0.0000
vn 0.0000 1.0000 0.0000
vn -0.2588 0.9659 0.0000
vn -0.5000 0.8660 0.0000
vn -0.7071 0.7071 0.0000
vn -0.8660 0.5000 0.0000
vn -0.9659 0.2588 0.0000
vn -1.0000 0.0000 0.0000
vn -0.9659 -0.2588 -0.0000
vn -0.8683 -0.4960 -0.0043
vn -0.7071 -0.7071 -0.0000
vn -0.5000 -0.8660 -0.0000
vn -0.2588 -0.9659 -0.0000
vn -0.0000 -1.0000 -0.0000
vn 0.2588 -0.9659 -0.0000
vn 0.5000 -0.8660 -0.0000
vn 0.7071 -0.7071 -0.0000
vn 0.8660 -0.5000 -0.0000
vn 0.9659 -0.2588 -0.0000
vn 0.0000 0.0000 -1.0000
vn -0.0000 -0.0000 1.0000
vn 0.5396 0.1446 -0.8294
vn 0.5137 -0.0000 -0.8580
vn 0.4962 0.1329 -0.8580
vn 0.5586 0.0000 -0.8294
vn 0.4448 0.2568 -0.8580
vn 0.4838 0.2793 -0.8294
vn 0.3632 0.3632 -0.8580
vn 0.3950 0.3950 -0.8294
vn 0.2568 0.4448 -0.8580
vn 0.2793 0.4838 -0.8294
vn 0.1329 0.4962 -0.8580
vn 0.1446 0.5396 -0.8294
vn -0.0000 0.5586 -0.8294
vn -0.0000 0.5137 -0.8580
vn -0.1446 0.5396 -0.8294
vn -0.1329 0.4962 -0.8580
vn -0.2793 0.4838 -0.8294
vn -0.2568 0.4448 -0.8580
vn -0.3950 0.3950 -0.8294
vn -0.3632 0.3632 -0.8580
vn -0.4838 0.2793 -0.8294
vn -0.4448 0.2568 -0.8580
vn -0.4962 0.1329 -0.8580
vn -0.5396 0.1446 -0.8294
vn -0.5586 -0.0000 -0.8294
vn -0.5137 -0.0000 -0.8580
vn -0.4962 -0.1330 -0.8580
vn -0.5396 -0.1446 -0.8294
vn -0.4837 -0.2793 -0.8294
vn -0.4448 -0.2568 -0.8580
vn -0.3632 -0.3632 -0.8580
vn -0.3950 -0.3950 -0.8294
vn -0.2568 -0.4448 -0.8580
vn -0.2793 -0.4837 -0.8294
vn -0.1446 -0.5395 -0.8294
vn -0.1329 -0.4961 -0.8580
vn -0.0000 -0.5136 -0.8580
vn -0.0000 -0.5586 -0.8294
vn 0.1446 -0.5395 -0.8294
vn 0.1329 -0.4961 -0.8580
vn 0.2568 -0.4448 -0.8580
vn 0.2793 -0.4837 -0.8294
vn 0.3950 -0.3950 -0.8294
vn 0.3632 -0.3632 -0.8580
vn 0.4837 -0.2793 -0.8294
vn 0.4448 -0.2568 -0.8580
vn 0.5396 -0.1446 -0.8294
vn 0.4961 -0.1330 -0.8580
vn 0.4175 0.1119 -0.9018
vn 0.4322 -0.0000 -0.9018
vn 0.3743 0.2161 -0.9018
vn 0.3056 0.3056 -0.9018
vn 0.2161 0.3743 -0.9018
vn 0.1119 0.4175 -0.9018
vn -0.0000 0.4322 -0.9018
vn -0.1119 0.4175 -0.9018
vn -0.2161 0.3743 -0.9018
vn -0.3056 0.3056 -0.9018
vn -0.3743 0.2161 -0.9018
vn -0.4175 0.1119 -0.9018
vn -0.4322 -0.0000 -0.9018
vn -0.4175 -0.1119 -0.9018
vn -0.3743 -0.2161 -0.9018
vn -0.3056 -0.3056 -0.9018
vn -0.2161 -0.3743 -0.9018
vn -0.1119 -0.4175 -0.9018
vn -0.0000 -0.4322 -0.9018
vn 0.1119 -0.4175 -0.9018
vn 0.2161 -0.3743 -0.9018
vn 0.3056 -0.3056 -0.9018
vn 0.3743 -0.2161 -0.9018
vn 0.4175 -0.1119 -0.9018
vn 0.3182 -0.0001 -0.9480
vn 0.3073 0.0823 -0.9480
vn 0.2755 0.1591 -0.9480
vn 0.2250 0.2250 -0.9480
vn 0.1591 0.2755 -0.9480
vn 0.0823 0.3073 -0.9480
vn 0.0000 0.3182 -0.9480
vn -0.0823 0.3073 -0.9480
vn -0.1591 0.2755 -0.9480
vn -0.2250 0.2250 -0.9480
vn -0.2755 0.1591 -0.9480
vn -0.3073 0.0823 -0.9480
vn -0.3182 -0.0001 -0.9480
vn -0.3073 -0.0823 -0.9480
vn -0.2755 -0.1591 -0.9480
vn -0.2250 -0.2250 -0.9480
vn -0.1591 -0.2755 -0.9480
vn -0.0823 -0.3073 -0.9480
vn -0.0000 -0.3182 -0.9480
vn 0.0823 -0.3073 -0.9480
vn 0.1591 -0.2755 -0.9480
vn 0.2250 -0.2250 -0.9480
vn 0.2755 -0.1591 -0.9480
vn 0.3073 -0.0824 -0.9480
vn 0.1371 -0.0001 -0.9906
vn 0.1320 0.0352 -0.9906
vn 0.1183 0.0683 -0.9906
vn 0.0966 0.0966 -0.9906
vn 0.0683 0.1183 -0.9906
vn 0.0353 0.1319 -0.9906
vn -0.0000 0.1366 -0.9906
vn -0.0353 0.1319 -0.9906
vn -0.0683 0.1183 -0.9906
vn -0.0966 0.0965 -0.9906
vn -0.1183 0.0683 -0.9906
vn -0.1318 0.0352 -0.9906
vn -0.1371 -0.0002 -0.9906
vn -0.1319 -0.0354 -0.9906
vn -0.1183 -0.0683 -0.9906
vn -0.0966 -0.0966 -0.9906
vn -0.0683 -0.1183 -0.9906
vn -0.0354 -0.1319 -0.9906
vn -0.0000 -0.1366 -0.9906
vn 0.0353 -0.1319 -0.9906
vn 0.0683 -0.1183 -0.9906
vn 0.0966 -0.0966 -0.9906
vn 0.1183 -0.0683 -0.9906
vn 0.1320 -0.0354 -0.9906
vn 0.5534 0.1483 -0.8196
vn 0.5729 0.0000 -0.8196
vn 0.4962 0.2865 -0.8196
vn 0.4051 0.4051 -0.8196
vn 0.2865 0.4962 -0.8196
vn 0.1483 0.5534 -0.8196
vn -0.0000 0.5729 -0.8196
vn -0.1483 0.5534 -0.8196
vn -0.2865 0.4962 -0.8196
vn -0.4051 0.4051 -0.8196
vn -0.4962 0.2865 -0.8196
vn -0.5534 0.1483 -0.8196
vn -0.5729 0.0000 -0.8196
vn -0.5534 -0.1483 -0.8196
vn -0.4962 -0.2865 -0.8196
vn -0.4051 -0.4051 -0.8196
vn -0.2865 -0.4962 -0.8196
vn -0.1483 -0.5534 -0.8196
vn -0.0000 -0.5729 -0.8196
vn 0.1483 -0.5534 -0.8196
vn 0.2865 -0.4962 -0.8196
vn 0.4051 -0.4051 -0.8196
vn 0.4962 -0.2865 -0.8196
vn 0.5534 -0.1483 -0.8196
vn 0.8986 0.4363 -0.0471
vn 0.9668 0.2551 0.0164
vn 0.9685 0.2478 -0.0245
vn 0.9988 -0.0162 0.0455
vn 0.9822 0.1863 0.0245
vn 0.8047 0.5936 0.0042
vn 0.5601 0.8271 -0.0471
vn 0.7097 0.7043 0.0164
vn 0.7148 0.6989 -0.0245
vn 0.8731 0.4854 0.0455
vn 0.7575 0.6524 0.0245
vn 0.4001 0.9165 0.0042
vn 0.0715 0.9963 -0.0471
vn 0.2625 0.9648 0.0164
vn 0.2696 0.9627 -0.0245
vn 0.5134 0.8569 0.0455
vn 0.3298 0.9437 0.0245
vn -0.1117 0.9937 0.0042
vn -0.4363 0.8986 -0.0471
vn -0.2551 0.9668 0.0164
vn -0.2478 0.9685 -0.0245
vn 0.0162 0.9988 0.0455
vn -0.1863 0.9822 0.0245
vn -0.5936 0.8047 0.0042
vn -0.8271 0.5601 -0.0471
vn -0.7043 0.7097 0.0164
vn -0.6989 0.7148 -0.0245
vn -0.4854 0.8731 0.0455
vn -0.6524 0.7575 0.0245
vn -0.9165 0.4001 0.0042
vn -0.9963 0.0715 -0.0471
vn -0.9648 0.2625 0.0164
vn -0.9627 0.2696 -0.0245
vn -0.8569 0.5134 0.0455
vn -0.9437 0.3298 0.0245
vn -0.9937 -0.1117 0.0042
vn -0.8986 -0.4363 -0.0471
vn -0.9668 -0.2551 0.0164
vn -0.9685 -0.2478 -0.0245
vn -0.9988 0.0162 0.0455
vn -0.9822 -0.1863 0.0245
vn -0.8047 -0.5936 0.0042
vn -0.5601 -0.8271 -0.0471
vn -0.7097 -0.7043 0.0164
vn -0.7148 -0.6989 -0.0245
vn -0.8731 -0.4854 0.0455
vn -0.7575 -0.6524 0.0245
vn -0.4001 -0.9165 0.0042
vn -0.0715 -0.9963 -0.0471
vn -0.2625 -0.9648 0.0164
vn -0.2696 -0.9627 -0.0245
vn -0.5134 -0.8569 0.0455
vn -0.3298 -0.9437 0.0245
vn 0.1117 -0.9937 0.0042
vn 0.4363 -0.8986 -0.0471
vn 0.2551 -0.9668 0.0164
vn 0.2478 -0.9685 -0.0245
vn -0.0162 -0.9988 0.0455
vn 0.1863 -0.9822 0.0245
vn 0.5936 -0.8047 0.0042
vn 0.8271 -0.5601 -0.0471
vn 0.7043 -0.7097 0.0164
vn 0.6989 -0.7148 -0.0245
vn 0.4854 -0.8731 0.0455
vn 0.6524 -0.7575 0.0245
vn 0.9165 -0.4001 0.0042
vn 0.9963 -0.0715 -0.0471
vn 0.9648 -0.2625 0.0164
vn 0.9627 -0.2696 -0.0245
vn 0.8569 -0.5134 0.0455
vn 0.9437 -0.3298 0.0245
vn 0.9937 0.1117 0.0042
vn 0.9846 0.1742 -0.0155
vn 0.9439 0.3302 -0.0078
vn 0.7656 0.6432 -0.0155
vn 0.6523 0.7579 -0.0078
vn 0.3414 0.9398 -0.0155
vn 0.1860 0.9825 -0.0078
vn -0.1742 0.9846 -0.0155
vn -0.3302 0.9439 -0.0078
vn -0.6432 0.7656 -0.0155
vn -0.7579 0.6523 -0.0078
vn -0.9398 0.3414 -0.0155
vn -0.9825 0.1860 -0.0078
vn -0.9846 -0.1742 -0.0155
vn -0.9439 -0.3302 -0.0078
vn -0.7656 -0.6432 -0.0155
vn -0.6523 -0.7579 -0.0078
vn -0.3414 -0.9398 -0.0155
vn -0.1860 -0.9825 -0.0078
vn 0.1742 -0.9846 -0.0155
vn 0.3302 -0.9439 -0.0078
vn 0.6432 -0.7656 -0.0155
vn 0.7579 -0.6523 -0.0078
vn 0.9398 -0.3414 -0.0155
vn 0.9825 -0.1860 -0.0078
vn 0.9291 0.3657 -0.0551
vn 0.9162 0.4002 -0.0187
vn 0.8316 0.5526 0.0551
vn 0.8525 0.5223 0.0187
vn 0.6218 0.7813 -0.0551
vn 0.5934 0.8047 -0.0187
vn 0.4439 0.8944 0.0551
vn 0.4771 0.8786 0.0187
vn 0.1478 0.9875 -0.0552
vn 0.1115 0.9936 -0.0187
vn -0.0628 0.9965 0.0551
vn -0.0261 0.9995 0.0187
vn -0.3657 0.9291 -0.0552
vn -0.4002 0.9162 -0.0187
vn -0.5526 0.8316 0.0552
vn -0.5223 0.8525 0.0187
vn -0.7813 0.6218 -0.0551
vn -0.8047 0.5934 -0.0187
vn -0.8944 0.4439 0.0552
vn -0.8786 0.4771 0.0187
vn -0.9875 0.1478 -0.0551
vn -0.9936 0.1115 -0.0187
vn -0.9965 -0.0628 0.0551
vn -0.9995 -0.0261 0.0187
vn -0.9291 -0.3657 -0.0551
vn -0.9162 -0.4002 -0.0187
vn -0.8316 -0.5526 0.0551
vn -0.8525 -0.5223 0.0187
vn -0.6218 -0.7813 -0.0551
vn -0.5934 -0.8047 -0.0187
vn -0.4439 -0.8944 0.0551
vn -0.4771 -0.8786 0.0187
vn -0.1478 -0.9875 -0.0552
vn -0.1115 -0.9936 -0.0187
vn 0.0628 -0.9965 0.0551
vn 0.0261 -0.9995 0.0187
vn 0.3657 -0.9291 -0.0551
vn 0.4002 -0.9162 -0.0187
vn 0.5526 -0.8316 0.0551
vn 0.5223 -0.8525 0.0187
vn 0.7813 -0.6218 -0.0551
vn 0.8047 -0.5934 -0.0187
vn 0.8944 -0.4439 0.0551
vn 0.8786 -0.4771 0.0187
vn 0.9875 -0.1478 -0.0551
vn 0.9936 -0.1115 -0.0187
vn 0.9965 0.0628 0.0551
vn 0.9995 0.0261 0.0187
vn 0.1665 -0.4020 0.9004
vn 0.2070 -0.4071 0.8896
vn 0.2479 -0.5424 0.8027
vn 0.2501 -0.5093 0.8235
vn 0.2347 -0.3671 0.9001
vn 0.2706 -0.6533 -0.7071
vn 0.3583 -0.6133 -0.7039
vn -0.2344 0.3666 -0.9004
vn -0.2154 0.4027 -0.8896
vn -0.3030 0.5137 -0.8027
vn -0.2745 0.4965 -0.8235
vn -0.1667 0.4025 -0.9001
vn -0.3809 0.5958 0.7071
vn -0.2979 0.6448 0.7039
vn 0.3452 -0.2649 0.9004
vn 0.3828 -0.2490 0.8896
vn 0.4859 -0.3458 0.8027
vn 0.4712 -0.3160 0.8235
vn 0.3868 -0.2006 0.9001
vn 0.6169 -0.3520 -0.7039
vn 0.5610 -0.4305 -0.7071
vn -0.3863 0.2003 -0.9004
vn -0.3879 0.2410 -0.8896
vn -0.5192 0.2934 -0.8027
vn -0.4860 0.2927 -0.8235
vn -0.3457 0.2652 -0.9001
vn -0.5804 0.4094 0.7039
vn -0.6277 0.3255 0.7071
vn 0.4314 -0.0568 0.9004
vn 0.4560 -0.0243 0.8896
vn 0.5937 -0.0565 0.8027
vn 0.5661 -0.0381 0.8235
vn 0.4353 0.0197 0.9001
vn 0.7011 -0.0923 -0.7071
vn 0.7101 -0.0004 -0.7041
vn -0.4347 -0.0197 -0.9004
vn -0.4564 0.0148 -0.8896
vn -0.5963 -0.0055 -0.8027
vn -0.5673 0.0105 -0.8235
vn -0.4320 0.0569 -0.9001
vn -0.7074 0.0644 0.7039
vn -0.7064 -0.0320 0.7071
vn 0.4020 0.1665 0.9004
vn 0.4071 0.2070 0.8896
vn 0.5424 0.2479 0.8027
vn 0.5093 0.2501 0.8235
vn 0.3671 0.2347 0.9001
vn 0.6133 0.3583 -0.7039
vn 0.6533 0.2706 -0.7071
vn -0.3666 -0.2344 -0.9004
vn -0.4027 -0.2154 -0.8896
vn -0.5137 -0.3030 -0.8027
vn -0.4965 -0.2745 -0.8235
vn -0.4025 -0.1668 -0.9001
vn -0.6448 -0.2979 0.7039
vn -0.5958 -0.3809 0.7071
vn 0.2649 0.3452 0.9004
vn 0.2490 0.3828 0.8896
vn 0.3458 0.4859 0.8027
vn 0.3160 0.4712 0.8235
vn 0.2006 0.3868 0.9001
vn 0.4305 0.5610 -0.7071
vn 0.3520 0.6169 -0.7039
vn 0.3554 0.6148 -0.7041
vn -0.2003 -0.3863 -0.9004
vn -0.2410 -0.3879 -0.8896
vn -0.2934 -0.5192 -0.8027
vn -0.2927 -0.4860 -0.8235
vn -0.2652 -0.3457 -0.9001
vn -0.3255 -0.6277 0.7071
vn -0.4094 -0.5804 0.7039
vn 0.0568 0.4314 0.9004
vn 0.0565 0.5937 0.8027
vn 0.0243 0.4560 0.8896
vn 0.0381 0.5661 0.8235
vn -0.0197 0.4353 0.9001
vn 0.0004 0.7101 -0.7041
vn 0.0923 0.7011 -0.7071
vn -0.0036 0.7103 -0.7039
vn 0.0197 -0.4347 -0.9004
vn 0.0055 -0.5963 -0.8027
vn -0.0148 -0.4564 -0.8896
vn -0.0105 -0.5673 -0.8235
vn -0.0568 -0.4320 -0.9001
vn 0.0320 -0.7064 0.7071
vn -0.0644 -0.7074 0.7039
vn -0.0603 -0.7075 0.7041
vn -0.1665 0.4020 0.9004
vn -0.2479 0.5424 0.8027
vn -0.2070 0.4071 0.8896
vn -0.2501 0.5093 0.8235
vn -0.2347 0.3671 0.9001
vn -0.2706 0.6533 -0.7071
vn -0.3583 0.6133 -0.7039
vn -0.3547 0.6152 -0.7041
vn 0.3030 -0.5137 -0.8027
vn 0.2344 -0.3666 -0.9004
vn 0.2154 -0.4027 -0.8896
vn 0.2745 -0.4965 -0.8235
vn 0.1668 -0.4025 -0.9001
vn 0.2979 -0.6448 0.7039
vn 0.3809 -0.5958 0.7071
vn -0.4859 0.3458 0.8027
vn -0.3452 0.2649 0.9004
vn -0.3828 0.2490 0.8896
vn -0.4712 0.3160 0.8235
vn -0.3868 0.2005 0.9001
vn -0.6148 0.3554 -0.7041
vn -0.5610 0.4305 -0.7071
vn -0.6170 0.3520 -0.7039
vn 0.5192 -0.2934 -0.8027
vn 0.3863 -0.2003 -0.9004
vn 0.3878 -0.2410 -0.8896
vn 0.4860 -0.2927 -0.8235
vn 0.3456 -0.2653 -0.9001
vn 0.6277 -0.3255 0.7071
vn 0.5804 -0.4094 0.7039
vn 0.5826 -0.4060 0.7041
vn -0.5937 0.0565 0.8027
vn -0.4314 0.0568 0.9004
vn -0.4560 0.0243 0.8896
vn -0.5661 0.0381 0.8235
vn -0.4353 -0.0197 0.9001
vn -0.7103 -0.0036 -0.7039
vn -0.7011 0.0923 -0.7071
vn 0.5963 0.0055 -0.8027
vn 0.4347 0.0197 -0.9004
vn 0.4564 -0.0148 -0.8896
vn 0.5673 -0.0105 -0.8235
vn 0.4320 -0.0569 -0.9001
vn 0.7074 -0.0644 0.7039
vn 0.7064 0.0320 0.7071
vn -0.5424 -0.2479 0.8027
vn -0.4020 -0.1665 0.9004
vn -0.4071 -0.2070 0.8896
vn -0.5093 -0.2501 0.8235
vn -0.3671 -0.2347 0.9001
vn -0.6152 -0.3547 -0.7041
vn -0.6533 -0.2706 -0.7071
vn -0.6133 -0.3583 -0.7039
vn 0.3666 0.2344 -0.9004
vn 0.5137 0.3030 -0.8027
vn 0.4027 0.2154 -0.8896
vn 0.4965 0.2745 -0.8235
vn 0.4025 0.1667 -0.9001
vn 0.5958 0.3809 0.7071
vn 0.6448 0.2979 0.7039
vn -0.2649 -0.3452 0.9004
vn -0.3458 -0.4859 0.8027
vn -0.2490 -0.3828 0.8896
vn -0.3160 -0.4712 0.8235
vn -0.2006 -0.3868 0.9001
vn -0.4305 -0.5610 -0.7071
vn -0.3520 -0.6169 -0.7039
vn 0.2003 0.3863 -0.9004
vn 0.2934 0.5192 -0.8027
vn 0.2410 0.3879 -0.8896
vn 0.2927 0.4860 -0.8235
vn 0.2652 0.3457 -0.9001
vn 0.3255 0.6277 0.7071
vn 0.4094 0.5804 0.7039
vn -0.0568 -0.4314 0.9004
vn -0.0243 -0.4560 0.8896
vn -0.0565 -0.5937 0.8027
vn -0.0381 -0.5661 0.8235
vn 0.0197 -0.4353 0.9001
vn 0.0036 -0.7103 -0.7039
vn -0.0923 -0.7011 -0.7071
vn -0.0197 0.4347 -0.9004
vn -0.0055 0.5963 -0.8027
vn 0.0148 0.4564 -0.8896
vn 0.0105 0.5673 -0.8235
vn 0.0569 0.4320 -0.9001
vn 0.0603 0.7075 0.7041
vn -0.0320 0.7064 0.7071
vn 0.0644 0.7074 0.7039
vn 0.9462 0.3052 -0.1081
vn 0.9494 0.2951 -0.1072
vn 0.7917 0.6013 0.1081
vn 0.7853 0.6098 0.1072
vn 0.6668 0.7374 -0.1081
vn 0.6747 0.7302 -0.1072
vn 0.3850 0.9166 0.1081
vn 0.3752 0.9207 0.1072
vn 0.2088 0.9720 -0.1081
vn 0.2192 0.9698 -0.1072
vn -0.1249 0.9863 0.1081
vn -0.1354 0.9850 0.1072
vn -0.3052 0.9462 -0.1081
vn -0.2951 0.9494 -0.1072
vn -0.6013 0.7917 0.1081
vn -0.6098 0.7853 0.1072
vn -0.7374 0.6668 -0.1081
vn -0.7302 0.6747 -0.1072
vn -0.9166 0.3850 0.1081
vn -0.9207 0.3752 0.1072
vn -0.9720 0.2088 -0.1081
vn -0.9698 0.2192 -0.1072
vn -0.9863 -0.1249 0.1081
vn -0.9850 -0.1354 0.1072
vn -0.9462 -0.3052 -0.1081
vn -0.9494 -0.2951 -0.1072
vn -0.7917 -0.6013 0.1081
vn -0.7853 -0.6098 0.1072
vn -0.6668 -0.7374 -0.1081
vn -0.6747 -0.7302 -0.1072
vn -0.3850 -0.9166 0.1081
vn -0.3752 -0.9207 0.1072
vn -0.2088 -0.9720 -0.1081
vn -0.2192 -0.9698 -0.1072
vn 0.1249 -0.9863 0.1081
vn 0.1354 -0.9850 0.1072
vn 0.3052 -0.9462 -0.1081
vn 0.2951 -0.9494 -0.1072
vn 0.6013 -0.7917 0.1081
vn 0.6098 -0.7853 0.1072
vn 0.7374 -0.6668 -0.1081
vn 0.7302 -0.6747 -0.1072
vn 0.9166 -0.3850 0.1081
vn 0.9207 -0.3752 0.1072
vn 0.9720 -0.2088 -0.1081
vn 0.9698 -0.2192 -0.1072
vn 0.9863 0.1249 0.1081
vn 0.9850 0.1354 0.1072
vn 0.8480 -0.1797 -0.4986
vn 0.8486 -0.1762 -0.4989
vn 0.4394 -0.5694 -0.6948
vn 0.3379 0.7983 0.4986
vn -0.2155 0.6862 0.6948
vn 0.8250 0.2662 -0.4985
vn 0.6653 -0.2734 -0.6947
vn -0.1065 0.8602 0.4986
vn -0.1123 0.8597 0.4983
vn -0.5297 0.4865 0.6947
vn 0.5814 0.6431 -0.4985
vn 0.5769 0.6468 -0.4989
vn 0.7130 0.0956 -0.6946
vn -0.5224 0.6917 0.4986
vn -0.5194 0.6938 0.4989
vn -0.7020 0.1565 0.6948
vn 0.1819 0.8476 -0.4985
vn 0.1762 0.8486 -0.4989
vn 0.1855 0.8470 -0.4983
vn 0.5696 0.4393 -0.6946
vn -0.7983 0.3379 0.4986
vn -0.7967 0.3411 0.4989
vn -0.6862 -0.2155 0.6948
vn -0.2683 0.8242 -0.4986
vn -0.2662 0.8250 -0.4985
vn -0.2629 0.8262 -0.4983
vn 0.2737 0.6653 -0.6946
vn -0.8600 -0.1088 0.4985
vn -0.4864 -0.5300 0.6946
vn -0.6431 0.5814 -0.4985
vn -0.0956 0.7130 -0.6946
vn -0.6904 -0.5242 0.4985
vn -0.1563 -0.7022 0.6946
vn -0.8480 0.1797 -0.4986
vn -0.4394 0.5694 -0.6948
vn -0.3358 -0.7992 0.4985
vn 0.2155 -0.6862 0.6948
vn -0.8242 -0.2683 -0.4986
vn -0.6653 0.2734 -0.6947
vn 0.1088 -0.8601 0.4985
vn 0.1123 -0.8597 0.4982
vn 0.5297 -0.4866 0.6947
vn -0.5796 -0.6445 -0.4986
vn -0.7128 -0.0959 -0.6948
vn 0.5242 -0.6904 0.4985
vn 0.5271 -0.6884 0.4983
vn 0.7020 -0.1565 0.6948
vn -0.1797 -0.8480 -0.4986
vn -0.1855 -0.8470 -0.4983
vn -0.5694 -0.4394 -0.6948
vn 0.7992 -0.3358 0.4985
vn 0.8007 -0.3326 0.4983
vn 0.6862 0.2155 0.6948
vn 0.2683 -0.8242 -0.4986
vn 0.2629 -0.8262 -0.4983
vn -0.2734 -0.6653 -0.6948
vn 0.8602 0.1065 0.4986
vn 0.8597 0.1123 0.4983
vn 0.4865 0.5297 0.6948
vn 0.6445 -0.5796 -0.4986
vn 0.6468 -0.5769 -0.4989
vn 0.6431 -0.5814 -0.4985
vn 0.6408 -0.5841 -0.4983
vn 0.0959 -0.7128 -0.6948
vn 0.6917 0.5224 0.4986
vn 0.1565 0.7020 0.6948
vn 1.0000 -0.0046 -0.0043
vn 0.8683 0.4960 -0.0043
vn 0.7048 0.7094 -0.0065
vn 0.5040 0.8637 -0.0043
vn 0.0046 1.0000 -0.0043
vn -0.4960 0.8683 -0.0043
vn -0.8637 0.5040 -0.0043
vn -0.9667 0.2557 -0.0065
vn -1.0000 0.0046 -0.0043
vn -0.9651 -0.2620 -0.0065
vn -0.7048 -0.7094 -0.0065
vn -0.2557 -0.9667 -0.0065
vn -0.0046 -1.0000 -0.0043
vn 0.7094 -0.7048 -0.0065
vn 0.9667 -0.2557 -0.0065
vn 0.9053 0.4247 0.0011
vn 0.9846 0.1746 0.0012
vn 0.7655 0.6435 0.0012
vn 0.5717 0.8205 0.0011
vn 0.3412 0.9400 0.0012
vn 0.0849 0.9964 0.0011
vn -0.1746 0.9846 0.0012
vn -0.4247 0.9053 0.0011
vn -0.6435 0.7655 0.0012
vn -0.8205 0.5717 0.0011
vn -0.9400 0.3412 0.0012
vn -0.9964 0.0849 0.0011
vn -0.9846 -0.1746 0.0012
vn -0.9056 -0.4241 0.0000
vn -0.7655 -0.6435 0.0012
vn -0.5717 -0.8205 0.0011
vn -0.3412 -0.9400 0.0012
vn -0.0849 -0.9964 0.0011
vn 0.1746 -0.9846 0.0012
vn 0.4247 -0.9053 0.0011
vn 0.6435 -0.7655 0.0012
vn 0.8205 -0.5717 0.0011
vn 0.9400 -0.3412 0.0012
vn 0.9964 -0.0849 0.0011
vn -0.9845 -0.1752 0.0000
vn -0.7650 -0.6440 0.0000
vn -0.5723 -0.8201 -0.0000
vn 0.9402 -0.3405 0.0000
vn 0.9963 -0.0855 0.0000
vn 0.9871 0.1599 -0.0000
vn 0.9703 0.2417 -0.0000
vn 0.8577 0.5142 -0.0000
vn 0.7842 0.6206 0.0000
vn 0.0855 0.9963 0.0000
vn -0.7701 0.6380 -0.0000
vn -0.9869 0.1615 -0.0000
vn -0.9991 0.0426 -0.0000
vn -0.0021 -1.0000 0.0000
vn 0.9623 0.2718 0.0000
vn 0.8250 0.5651 0.0000
vn 0.6975 0.7166 -0.0000
vn 0.4319 0.9019 -0.0000
vn 0.2458 0.9693 -0.0000
vn -0.0769 0.9970 -0.0000
vn -0.2718 0.9623 -0.0000
vn -0.5651 0.8250 0.0000
vn -0.7166 0.6975 0.0000
vn -0.9019 0.4319 0.0000
vn -0.9693 0.2458 -0.0000
vn -0.9970 -0.0769 0.0000
vn -0.9623 -0.2718 -0.0000
vn -0.8250 -0.5651 -0.0000
vn -0.6975 -0.7166 0.0000
vn -0.4319 -0.9019 0.0000
vn -0.2458 -0.9693 0.0000
vn 0.0769 -0.9970 0.0000
vn 0.2718 -0.9623 0.0000
vn 0.5651 -0.8250 -0.0000
vn 0.7166 -0.6975 -0.0000
vn 0.9019 -0.4319 -0.0000
vn 0.9693 -0.2458 0.0000
vn 0.9970 0.0769 -0.0000
vn 0.7660 -0.6428 0.0000
vn -0.7660 0.6428 -0.0000
vn -0.6428 -0.7660 0.0000
vn 0.6428 0.7660 -0.0000
vn 0.1951 -0.0000 0.9808
vn 0.0971 -0.0000 0.9953
vn -0.1951 -0.0000 0.9808
vn 0.9808 -0.0000 0.1951
vn 0.9808 0.0000 -0.1951
vn 0.1951 0.0000 -0.9808
vn -0.1951 0.0000 -0.9808
vn 0.0971 0.0000 -0.9953
vn 0.5556 -0.0000 0.8315
vn 0.8315 -0.0000 0.5556
vn 0.8315 0.0000 -0.5556
vn -0.8315 -0.0000 0.5556
vn -0.5556 -0.0000 0.8315
vn -0.5556 0.0000 -0.8315
vn -0.8315 0.0000 -0.5556
vn -0.9808 0.0000 -0.1951
vn -0.9808 -0.0000 0.1951
vn -0.1951 -0.9808 0.0000
vn -0.1951 0.9808 0.0000
vn -0.8315 -0.5556 0.0000
vn -0.5556 -0.8315 0.0000
vn -0.8315 0.5556 0.0000
vn -0.5556 0.8315 0.0000
vn -0.9239 -0.3827 0.0000
vn -0.9239 0.3827 0.0000
vn -0.3858 -0.0000 0.9226
vn -0.0047 0.0000 -1.0000
vn -0.3849 0.0000 -0.9230
vn -0.9239 0.0000 -0.3827
vn -0.9239 -0.0000 0.3827
vn 0.7071 -0.0000 0.7071
vn 0.0000 -0.1951 0.9808
vn 0.0000 0.1951 0.9808
vn 0.0000 0.9808 0.1951
vn 0.0000 0.9808 -0.1951
vn 0.0000 0.1951 -0.9808
vn 0.0000 -0.1951 -0.9808
vn 0.0000 -0.8315 -0.5556
vn 0.0000 -0.8315 0.5556
vn 0.0000 -0.5556 0.8315
vn 0.0000 0.5556 0.8315
vn 0.0000 0.8315 0.5556
vn 0.0000 0.8315 -0.5556
vn 0.0000 -0.9239 0.3827
vn 0.0000 -0.9239 -0.3827
vn 0.0000 -0.7071 0.7071
vn 0.0000 0.7071 -0.7071
vn 0.0000 0.7071 0.7071
vn 0.0000 -0.3826 -0.9239
vn 0.0000 0.9239 -0.3827
vn -0.0000 0.3827 0.9239
vn 0.0000 -0.3827 0.9239
vn 0.0000 0.3826 -0.9239
vn 0.0000 0.9239 0.3827
vn 0.0000 0.1305 0.9914
vn 0.0000 0.6088 0.7934
vn 0.0000 0.7934 0.6088
vn 0.0000 0.9890 0.1479
vn 0.0000 -0.9890 0.1479
vn 0.0000 -0.7934 0.6088
vn 0.0000 -0.6088 0.7934
vn 0.0000 -0.1305 0.9914
vn 0.0000 0.6088 -0.7934
vn 0.0000 0.7934 -0.6088
vn 0.0000 0.9873 -0.1590
vn 0.0000 -0.9873 -0.1590
vn 0.0000 -0.7934 -0.6088
vn 0.0000 -0.6088 -0.7934
vn 0.8660 0.0000 -0.5000
vn 0.5000 0.0000 -0.8660
vn -0.5000 0.0000 -0.8660
vn -0.8660 0.0000 -0.5000
vn -0.8660 -0.0000 0.5000
vn -0.5000 -0.0000 0.8660
vn 0.5000 -0.0000 0.8660
vn 0.8660 -0.0000 0.5000
vn 0.2361 -0.9717 -0.0000
vn -0.2361 -0.9717 -0.0000
# 763 vertex normals

vt 0.4163 0.1977 0.0000
vt 0.3863 0.1977 0.0000
vt 0.3863 0.0020 0.0000
vt 0.4163 0.0020 0.0000
vt 0.3584 0.1977 0.0000
vt 0.3584 0.0020 0.0000
vt 0.3344 0.1977 0.0000
vt 0.3344 0.0020 0.0000
vt 0.3104 0.1977 0.0000
vt 0.3104 0.0020 0.0000
vt 0.2825 0.1977 0.0000
vt 0.2825 0.0020 0.0000
vt 0.2525 0.1977 0.0000
vt 0.2525 0.0020 0.0000
vt 0.2226 0.1977 0.0000
vt 0.2226 0.0020 0.0000
vt 0.1946 0.1977 0.0000
vt 0.1946 0.0020 0.0000
vt 0.1707 0.1977 0.0000
vt 0.1707 0.0020 0.0000
vt 0.1467 0.1977 0.0000
vt 0.1467 0.0020 0.0000
vt 0.1187 0.1977 0.0000
vt 0.1187 0.0020 0.0000
vt 0.0888 0.1977 0.0000
vt 0.0888 0.0020 0.0000
vt 0.0588 0.1977 0.0000
vt 0.0588 0.0020 0.0000
vt 0.0309 0.1977 0.0000
vt 0.0309 0.0020 0.0000
vt 0.0069 0.1977 0.0000
vt 0.0069 0.0020 0.0000
vt 0.6619 0.1977 0.0000
vt 0.6379 0.1977 0.0000
vt 0.6379 0.0020 0.0000
vt 0.6619 0.0020 0.0000
vt 0.6100 0.1977 0.0000
vt 0.6100 0.0020 0.0000
vt 0.5800 0.1977 0.0000
vt 0.5800 0.0020 0.0000
vt 0.5500 0.1977 0.0000
vt 0.5500 0.0020 0.0000
vt 0.5221 0.1977 0.0000
vt 0.5221 0.0020 0.0000
vt 0.4981 0.1977 0.0000
vt 0.4981 0.0020 0.0000
vt 0.4742 0.1977 0.0000
vt 0.4742 0.0020 0.0000
vt 0.4462 0.1977 0.0000
vt 0.4462 0.0020 0.0000
vt 0.2352 0.5326 0.0000
vt 0.2561 0.5113 0.0000
vt 0.2594 0.5154 0.0000
vt 0.2394 0.5357 0.0000
vt 0.2818 0.4962 0.0000
vt 0.2839 0.5010 0.0000
vt 0.3106 0.4882 0.0000
vt 0.3113 0.4934 0.0000
vt 0.3404 0.4879 0.0000
vt 0.3398 0.4931 0.0000
vt 0.3693 0.4954 0.0000
vt 0.3673 0.5002 0.0000
vt 0.3953 0.5101 0.0000
vt 0.3921 0.5143 0.0000
vt 0.4165 0.5310 0.0000
vt 0.4124 0.5342 0.0000
vt 0.4317 0.5567 0.0000
vt 0.4269 0.5587 0.0000
vt 0.4397 0.5854 0.0000
vt 0.4345 0.5862 0.0000
vt 0.4399 0.6153 0.0000
vt 0.4347 0.6146 0.0000
vt 0.4324 0.6442 0.0000
vt 0.4276 0.6422 0.0000
vt 0.4178 0.6701 0.0000
vt 0.4136 0.6670 0.0000
vt 0.3968 0.6914 0.0000
vt 0.3936 0.6873 0.0000
vt 0.3711 0.7065 0.0000
vt 0.3691 0.7017 0.0000
vt 0.3424 0.7145 0.0000
vt 0.3417 0.7093 0.0000
vt 0.3126 0.7148 0.0000
vt 0.3132 0.7096 0.0000
vt 0.2837 0.7073 0.0000
vt 0.2856 0.7025 0.0000
vt 0.2577 0.6926 0.0000
vt 0.2609 0.6884 0.0000
vt 0.2364 0.6717 0.0000
vt 0.2406 0.6685 0.0000
vt 0.2213 0.6460 0.0000
vt 0.2261 0.6440 0.0000
vt 0.2133 0.6173 0.0000
vt 0.2185 0.6165 0.0000
vt 0.2131 0.5874 0.0000
vt 0.2183 0.5881 0.0000
vt 0.2205 0.5585 0.0000
vt 0.2254 0.5605 0.0000
vt 0.8863 0.2589 0.0000
vt 0.8783 0.2877 0.0000
vt 0.8735 0.2857 0.0000
vt 0.8811 0.2582 0.0000
vt 0.8632 0.3134 0.0000
vt 0.8591 0.3102 0.0000
vt 0.8419 0.3343 0.0000
vt 0.8388 0.3301 0.0000
vt 0.8160 0.3490 0.0000
vt 0.8140 0.3442 0.0000
vt 0.7871 0.3565 0.0000
vt 0.7864 0.3513 0.0000
vt 0.7572 0.3562 0.0000
vt 0.7580 0.3510 0.0000
vt 0.7285 0.3482 0.0000
vt 0.7305 0.3434 0.0000
vt 0.7028 0.3331 0.0000
vt 0.7060 0.3290 0.0000
vt 0.6819 0.3118 0.0000
vt 0.6861 0.3087 0.0000
vt 0.6672 0.2859 0.0000
vt 0.6720 0.2839 0.0000
vt 0.6597 0.2570 0.0000
vt 0.6649 0.2563 0.0000
vt 0.6600 0.2271 0.0000
vt 0.6652 0.2279 0.0000
vt 0.6679 0.1984 0.0000
vt 0.6728 0.2004 0.0000
vt 0.6831 0.1727 0.0000
vt 0.6872 0.1759 0.0000
vt 0.7044 0.1518 0.0000
vt 0.7075 0.1560 0.0000
vt 0.7303 0.1371 0.0000
vt 0.7323 0.1419 0.0000
vt 0.7592 0.1296 0.0000
vt 0.7599 0.1348 0.0000
vt 0.7890 0.1299 0.0000
vt 0.7883 0.1351 0.0000
vt 0.8178 0.1379 0.0000
vt 0.8158 0.1427 0.0000
vt 0.8435 0.1530 0.0000
vt 0.8403 0.1571 0.0000
vt 0.8644 0.1743 0.0000
vt 0.8602 0.1774 0.0000
vt 0.8791 0.2002 0.0000
vt 0.8743 0.2022 0.0000
vt 0.8866 0.2291 0.0000
vt 0.8814 0.2298 0.0000
vt 0.0020 0.4089 0.0000
vt 0.0020 0.3823 0.0000
vt 0.1976 0.3823 0.0000
vt 0.1976 0.4089 0.0000
vt 0.0020 0.3594 0.0000
vt 0.1976 0.3594 0.0000
vt 0.0020 0.3365 0.0000
vt 0.1976 0.3365 0.0000
vt 0.0020 0.3099 0.0000
vt 0.1976 0.3099 0.0000
vt 0.0020 0.2813 0.0000
vt 0.1976 0.2813 0.0000
vt 0.0020 0.2527 0.0000
vt 0.1976 0.2527 0.0000
vt 0.0020 0.2261 0.0000
vt 0.1976 0.2261 0.0000
vt 0.0020 0.2032 0.0000
vt 0.1976 0.2032 0.0000
vt 0.0020 0.8279 0.0000
vt 0.0020 0.8050 0.0000
vt 0.1976 0.8050 0.0000
vt 0.1976 0.8279 0.0000
vt 0.0020 0.7784 0.0000
vt 0.1976 0.7784 0.0000
vt 0.0020 0.7498 0.0000
vt 0.1976 0.7498 0.0000
vt 0.0020 0.7212 0.0000
vt 0.1976 0.7212 0.0000
vt 0.0020 0.6946 0.0000
vt 0.1976 0.6946 0.0000
vt 0.0020 0.6717 0.0000
vt 0.1976 0.6717 0.0000
vt 0.0020 0.6489 0.0000
vt 0.1976 0.6489 0.0000
vt 0.0020 0.6222 0.0000
vt 0.1976 0.6222 0.0000
vt 0.0020 0.5936 0.0000
vt 0.1976 0.5936 0.0000
vt 0.0020 0.5651 0.0000
vt 0.1976 0.5651 0.0000
vt 0.0020 0.5384 0.0000
vt 0.1976 0.5384 0.0000
vt 0.0020 0.5156 0.0000
vt 0.1976 0.5156 0.0000
vt 0.0020 0.4927 0.0000
vt 0.1976 0.4927 0.0000
vt 0.0020 0.4661 0.0000
vt 0.1976 0.4661 0.0000
vt 0.0020 0.4375 0.0000
vt 0.1976 0.4375 0.0000
vt 0.3205 0.6312 0.0000
vt 0.3123 0.6130 0.0000
vt 0.3183 0.6131 0.0000
vt 0.3098 0.6311 0.0000
vt 0.3241 0.6116 0.0000
vt 0.3309 0.6285 0.0000
vt 0.3293 0.6086 0.0000
vt 0.3402 0.6232 0.0000
vt 0.3335 0.6044 0.0000
vt 0.3479 0.6157 0.0000
vt 0.3365 0.5993 0.0000
vt 0.3533 0.6064 0.0000
vt 0.3562 0.5961 0.0000
vt 0.3381 0.5935 0.0000
vt 0.3563 0.5853 0.0000
vt 0.3382 0.5876 0.0000
vt 0.3536 0.5750 0.0000
vt 0.3367 0.5818 0.0000
vt 0.3483 0.5656 0.0000
vt 0.3338 0.5766 0.0000
vt 0.3408 0.5580 0.0000
vt 0.3296 0.5723 0.0000
vt 0.3244 0.5693 0.0000
vt 0.3316 0.5525 0.0000
vt 0.3212 0.5497 0.0000
vt 0.3187 0.5677 0.0000
vt 0.3127 0.5677 0.0000
vt 0.3105 0.5496 0.0000
vt 0.3001 0.5522 0.0000
vt 0.3069 0.5692 0.0000
vt 0.3017 0.5721 0.0000
vt 0.2908 0.5575 0.0000
vt 0.2975 0.5763 0.0000
vt 0.2831 0.5650 0.0000
vt 0.2777 0.5743 0.0000
vt 0.2944 0.5814 0.0000
vt 0.2928 0.5872 0.0000
vt 0.2748 0.5846 0.0000
vt 0.2747 0.5954 0.0000
vt 0.2928 0.5931 0.0000
vt 0.2943 0.5989 0.0000
vt 0.2774 0.6058 0.0000
vt 0.2827 0.6151 0.0000
vt 0.2972 0.6041 0.0000
vt 0.2902 0.6227 0.0000
vt 0.3014 0.6084 0.0000
vt 0.2994 0.6282 0.0000
vt 0.3066 0.6114 0.0000
vt 0.3175 0.6068 0.0000
vt 0.3132 0.6068 0.0000
vt 0.3217 0.6057 0.0000
vt 0.3255 0.6036 0.0000
vt 0.3286 0.6006 0.0000
vt 0.3308 0.5968 0.0000
vt 0.3319 0.5927 0.0000
vt 0.3320 0.5883 0.0000
vt 0.3309 0.5841 0.0000
vt 0.3287 0.5804 0.0000
vt 0.3257 0.5773 0.0000
vt 0.3220 0.5751 0.0000
vt 0.3178 0.5739 0.0000
vt 0.3135 0.5739 0.0000
vt 0.3093 0.5750 0.0000
vt 0.3055 0.5771 0.0000
vt 0.3024 0.5801 0.0000
vt 0.3002 0.5839 0.0000
vt 0.2990 0.5880 0.0000
vt 0.2990 0.5924 0.0000
vt 0.3001 0.5966 0.0000
vt 0.3022 0.6003 0.0000
vt 0.3053 0.6034 0.0000
vt 0.3090 0.6056 0.0000
vt 0.3141 0.6002 0.0000
vt 0.3167 0.6002 0.0000
vt 0.3192 0.5996 0.0000
vt 0.3215 0.5983 0.0000
vt 0.3233 0.5965 0.0000
vt 0.3247 0.5942 0.0000
vt 0.3253 0.5917 0.0000
vt 0.3254 0.5891 0.0000
vt 0.3247 0.5866 0.0000
vt 0.3234 0.5844 0.0000
vt 0.3216 0.5825 0.0000
vt 0.3194 0.5812 0.0000
vt 0.3169 0.5805 0.0000
vt 0.3143 0.5805 0.0000
vt 0.3118 0.5811 0.0000
vt 0.3095 0.5824 0.0000
vt 0.3076 0.5842 0.0000
vt 0.3063 0.5865 0.0000
vt 0.3056 0.5890 0.0000
vt 0.3056 0.5916 0.0000
vt 0.3063 0.5941 0.0000
vt 0.3075 0.5963 0.0000
vt 0.3094 0.5982 0.0000
vt 0.3116 0.5995 0.0000
vt 0.3151 0.5934 0.0000
vt 0.3159 0.5934 0.0000
vt 0.3166 0.5932 0.0000
vt 0.3173 0.5928 0.0000
vt 0.3179 0.5923 0.0000
vt 0.3183 0.5916 0.0000
vt 0.3185 0.5908 0.0000
vt 0.3185 0.5900 0.0000
vt 0.3183 0.5892 0.0000
vt 0.3179 0.5885 0.0000
vt 0.3174 0.5879 0.0000
vt 0.3167 0.5875 0.0000
vt 0.3159 0.5873 0.0000
vt 0.3151 0.5873 0.0000
vt 0.3143 0.5875 0.0000
vt 0.3136 0.5879 0.0000
vt 0.3131 0.5885 0.0000
vt 0.3127 0.5892 0.0000
vt 0.3124 0.5899 0.0000
vt 0.3124 0.5907 0.0000
vt 0.3126 0.5915 0.0000
vt 0.3130 0.5922 0.0000
vt 0.3136 0.5928 0.0000
vt 0.3143 0.5932 0.0000
vt 0.3209 0.6347 0.0000
vt 0.3093 0.6346 0.0000
vt 0.3322 0.6318 0.0000
vt 0.3424 0.6260 0.0000
vt 0.3507 0.6179 0.0000
vt 0.3566 0.6078 0.0000
vt 0.3597 0.5966 0.0000
vt 0.3598 0.5849 0.0000
vt 0.3569 0.5736 0.0000
vt 0.3512 0.5635 0.0000
vt 0.3430 0.5551 0.0000
vt 0.3329 0.5492 0.0000
vt 0.3217 0.5461 0.0000
vt 0.3100 0.5460 0.0000
vt 0.2988 0.5489 0.0000
vt 0.2886 0.5547 0.0000
vt 0.2803 0.5628 0.0000
vt 0.2744 0.5729 0.0000
vt 0.2712 0.5841 0.0000
vt 0.2711 0.5958 0.0000
vt 0.2741 0.6071 0.0000
vt 0.2798 0.6172 0.0000
vt 0.2880 0.6256 0.0000
vt 0.2980 0.6315 0.0000
vt 0.3216 0.6401 0.0000
vt 0.3085 0.6402 0.0000
vt 0.3343 0.6370 0.0000
vt 0.3456 0.6304 0.0000
vt 0.3551 0.6213 0.0000
vt 0.3616 0.6099 0.0000
vt 0.3653 0.5974 0.0000
vt 0.3652 0.5843 0.0000
vt 0.3621 0.5715 0.0000
vt 0.3555 0.5602 0.0000
vt 0.3465 0.5507 0.0000
vt 0.3351 0.5442 0.0000
vt 0.3225 0.5405 0.0000
vt 0.3094 0.5406 0.0000
vt 0.2966 0.5437 0.0000
vt 0.2853 0.5503 0.0000
vt 0.2758 0.5594 0.0000
vt 0.2694 0.5708 0.0000
vt 0.2657 0.5834 0.0000
vt 0.2658 0.5965 0.0000
vt 0.2688 0.6092 0.0000
vt 0.2755 0.6205 0.0000
vt 0.2845 0.6300 0.0000
vt 0.2959 0.6365 0.0000
vt 0.5032 0.8415 0.0000
vt 0.5032 0.8509 0.0000
vt 0.5000 0.8540 0.0000
vt 0.4858 0.8628 0.0000
vt 0.4890 0.8498 0.0000
vt 0.5032 0.8332 0.0000
vt 0.9450 0.2533 0.0000
vt 0.9449 0.2606 0.0000
vt 0.9417 0.2630 0.0000
vt 0.9275 0.2680 0.0000
vt 0.9307 0.2601 0.0000
vt 0.9450 0.2446 0.0000
vt 0.9450 0.2290 0.0000
vt 0.9450 0.2386 0.0000
vt 0.9418 0.2417 0.0000
vt 0.9276 0.2497 0.0000
vt 0.9308 0.2376 0.0000
vt 0.9450 0.2191 0.0000
vt 0.9451 0.2034 0.0000
vt 0.9451 0.2129 0.0000
vt 0.9419 0.2159 0.0000
vt 0.9276 0.2246 0.0000
vt 0.9309 0.2117 0.0000
vt 0.9451 0.1951 0.0000
vt 0.9744 0.2533 0.0000
vt 0.9744 0.2606 0.0000
vt 0.9712 0.2630 0.0000
vt 0.9569 0.2680 0.0000
vt 0.9602 0.2600 0.0000
vt 0.9745 0.2446 0.0000
vt 0.9746 0.2290 0.0000
vt 0.9745 0.2386 0.0000
vt 0.9713 0.2417 0.0000
vt 0.9570 0.2496 0.0000
vt 0.9603 0.2376 0.0000
vt 0.9746 0.2191 0.0000
vt 0.9747 0.2034 0.0000
vt 0.9746 0.2129 0.0000
vt 0.9714 0.2159 0.0000
vt 0.9572 0.2246 0.0000
vt 0.9604 0.2116 0.0000
vt 0.9747 0.1951 0.0000
vt 0.7437 0.8816 0.0000
vt 0.7437 0.8889 0.0000
vt 0.7405 0.8912 0.0000
vt 0.7262 0.8962 0.0000
vt 0.7295 0.8882 0.0000
vt 0.7438 0.8728 0.0000
vt 0.7439 0.8572 0.0000
vt 0.7439 0.8669 0.0000
vt 0.7406 0.8700 0.0000
vt 0.7264 0.8778 0.0000
vt 0.7297 0.8658 0.0000
vt 0.7440 0.8474 0.0000
vt 0.7441 0.8317 0.0000
vt 0.7441 0.8411 0.0000
vt 0.7408 0.8441 0.0000
vt 0.7266 0.8528 0.0000
vt 0.7299 0.8399 0.0000
vt 0.7442 0.8234 0.0000
vt 0.5032 0.8914 0.0000
vt 0.5032 0.8987 0.0000
vt 0.5000 0.9011 0.0000
vt 0.4858 0.9061 0.0000
vt 0.4890 0.8982 0.0000
vt 0.5032 0.8827 0.0000
vt 0.5032 0.8670 0.0000
vt 0.5032 0.8767 0.0000
vt 0.5000 0.8798 0.0000
vt 0.4858 0.8878 0.0000
vt 0.4890 0.8757 0.0000
vt 0.5032 0.8572 0.0000
vt 0.4858 0.8530 0.0000
vt 0.4858 0.8468 0.0000
vt 0.4858 0.8377 0.0000
vt 0.5000 0.8305 0.0000
vt 0.4858 0.8299 0.0000
vt 0.4890 0.8274 0.0000
vt 0.5032 0.8217 0.0000
vt 0.9275 0.2575 0.0000
vt 0.9276 0.2405 0.0000
vt 0.9276 0.2344 0.0000
vt 0.9277 0.2148 0.0000
vt 0.9277 0.2087 0.0000
vt 0.9277 0.1996 0.0000
vt 0.9419 0.1924 0.0000
vt 0.9277 0.1918 0.0000
vt 0.9309 0.1892 0.0000
vt 0.9451 0.1836 0.0000
vt 0.9570 0.2575 0.0000
vt 0.9571 0.2405 0.0000
vt 0.9571 0.2344 0.0000
vt 0.9572 0.2148 0.0000
vt 0.9573 0.2087 0.0000
vt 0.9573 0.1995 0.0000
vt 0.9716 0.1924 0.0000
vt 0.9574 0.1917 0.0000
vt 0.9606 0.1892 0.0000
vt 0.9748 0.1836 0.0000
vt 0.7263 0.8857 0.0000
vt 0.7264 0.8687 0.0000
vt 0.7265 0.8626 0.0000
vt 0.7267 0.8430 0.0000
vt 0.7267 0.8369 0.0000
vt 0.7268 0.8278 0.0000
vt 0.7410 0.8207 0.0000
vt 0.7268 0.8199 0.0000
vt 0.7301 0.8174 0.0000
vt 0.7443 0.8119 0.0000
vt 0.4858 0.8956 0.0000
vt 0.4858 0.8787 0.0000
vt 0.4858 0.8726 0.0000
vt 0.5032 0.8284 0.0000
vt 0.7138 0.3499 0.0000
vt 0.7137 0.3456 0.0000
vt 0.7180 0.3456 0.0000
vt 0.9451 0.1903 0.0000
vt 0.9461 0.4918 0.0000
vt 0.9504 0.4917 0.0000
vt 0.9504 0.4960 0.0000
vt 0.9748 0.1903 0.0000
vt 0.8218 0.1339 0.0000
vt 0.8217 0.1297 0.0000
vt 0.8260 0.1296 0.0000
vt 0.7443 0.8185 0.0000
vt 0.0338 0.9080 0.0000
vt 0.0339 0.9122 0.0000
vt 0.0296 0.9123 0.0000
vt 0.0096 0.8922 0.0000
vt 0.0140 0.8919 0.0000
vt 0.0191 0.9083 0.0000
vt 0.0148 0.9087 0.0000
vt 0.2186 0.6634 0.0000
vt 0.2229 0.6628 0.0000
vt 0.2277 0.6793 0.0000
vt 0.2233 0.6797 0.0000
vt 0.6453 0.6511 0.0000
vt 0.6454 0.6554 0.0000
vt 0.6289 0.6615 0.0000
vt 0.6288 0.6572 0.0000
vt 0.6549 0.2893 0.0000
vt 0.6552 0.2937 0.0000
vt 0.6388 0.2989 0.0000
vt 0.6384 0.2946 0.0000
vt 0.6800 0.0645 0.0000
vt 0.6843 0.0640 0.0000
vt 0.6891 0.0805 0.0000
vt 0.6847 0.0809 0.0000
vt 0.6453 0.7984 0.0000
vt 0.6454 0.8026 0.0000
vt 0.6289 0.8087 0.0000
vt 0.6288 0.8045 0.0000
vt 0.8489 0.1363 0.0000
vt 0.8533 0.1360 0.0000
vt 0.8584 0.1524 0.0000
vt 0.8541 0.1528 0.0000
vt 0.6924 0.1450 0.0000
vt 0.6929 0.1493 0.0000
vt 0.6765 0.1541 0.0000
vt 0.6761 0.1497 0.0000
vt 0.4097 0.8965 0.0000
vt 0.4098 0.9008 0.0000
vt 0.3933 0.9069 0.0000
vt 0.3932 0.9026 0.0000
vt 0.5179 0.4782 0.0000
vt 0.5135 0.4785 0.0000
vt 0.5083 0.4621 0.0000
vt 0.5126 0.4617 0.0000
vt 0.4248 0.5210 0.0000
vt 0.4290 0.5205 0.0000
vt 0.4339 0.5370 0.0000
vt 0.4295 0.5373 0.0000
vt 0.3852 0.7100 0.0000
vt 0.3853 0.7143 0.0000
vt 0.3688 0.7204 0.0000
vt 0.3687 0.7161 0.0000
vt 0.7801 0.6521 0.0000
vt 0.7783 0.6491 0.0000
vt 0.7829 0.6531 0.0000
vt 0.7867 0.6522 0.0000
vt 0.8359 0.6308 0.0000
vt 0.8299 0.6137 0.0000
vt 0.7742 0.6277 0.0000
vt 0.7730 0.6336 0.0000
vt 0.7726 0.6302 0.0000
vt 0.7777 0.6261 0.0000
vt 0.7035 0.9557 0.0000
vt 0.6992 0.9557 0.0000
vt 0.6992 0.9039 0.0000
vt 0.7035 0.9039 0.0000
vt 0.9062 0.7838 0.0000
vt 0.9027 0.7845 0.0000
vt 0.9081 0.7814 0.0000
vt 0.9085 0.7776 0.0000
vt 0.9041 0.7235 0.0000
vt 0.8858 0.7237 0.0000
vt 0.8809 0.7815 0.0000
vt 0.8862 0.7846 0.0000
vt 0.8828 0.7838 0.0000
vt 0.8806 0.7776 0.0000
vt 0.8292 0.6106 0.0000
vt 0.7770 0.6231 0.0000
vt 0.8094 0.7291 0.0000
vt 0.8128 0.7284 0.0000
vt 0.8074 0.7314 0.0000
vt 0.8070 0.7353 0.0000
vt 0.8103 0.7894 0.0000
vt 0.8286 0.7896 0.0000
vt 0.8346 0.7319 0.0000
vt 0.8348 0.7358 0.0000
vt 0.8328 0.7296 0.0000
vt 0.8294 0.7287 0.0000
vt 0.7329 0.9039 0.0000
vt 0.7287 0.9557 0.0000
vt 0.7287 0.9039 0.0000
vt 0.7329 0.9557 0.0000
vt 0.7930 0.6057 0.0000
vt 0.7996 0.6064 0.0000
vt 0.7957 0.6070 0.0000
vt 0.7914 0.6025 0.0000
vt 0.8510 0.5891 0.0000
vt 0.8464 0.5714 0.0000
vt 0.7891 0.5806 0.0000
vt 0.7928 0.5794 0.0000
vt 0.7873 0.5830 0.0000
vt 0.7874 0.5865 0.0000
vt 0.8360 0.9333 0.0000
vt 0.8318 0.9852 0.0000
vt 0.8318 0.9333 0.0000
vt 0.8360 0.9852 0.0000
vt 0.9852 0.8045 0.0000
vt 0.9860 0.8079 0.0000
vt 0.9830 0.8025 0.0000
vt 0.9791 0.8021 0.0000
vt 0.9250 0.8054 0.0000
vt 0.9248 0.8237 0.0000
vt 0.9825 0.8297 0.0000
vt 0.9857 0.8244 0.0000
vt 0.9848 0.8278 0.0000
vt 0.9786 0.8299 0.0000
vt 0.6695 0.1339 0.0000
vt 0.6695 0.1296 0.0000
vt 0.7213 0.1296 0.0000
vt 0.7213 0.1339 0.0000
vt 0.8029 0.7254 0.0000
vt 0.7994 0.7261 0.0000
vt 0.8049 0.7231 0.0000
vt 0.8054 0.7193 0.0000
vt 0.8029 0.6651 0.0000
vt 0.7846 0.6646 0.0000
vt 0.7777 0.7222 0.0000
vt 0.7829 0.7255 0.0000
vt 0.7795 0.7246 0.0000
vt 0.7775 0.7184 0.0000
vt 0.8892 0.9689 0.0000
vt 0.9410 0.9732 0.0000
vt 0.8892 0.9732 0.0000
vt 0.9410 0.9689 0.0000
vt 0.8438 0.7343 0.0000
vt 0.8475 0.7335 0.0000
vt 0.8418 0.7365 0.0000
vt 0.8413 0.7402 0.0000
vt 0.8453 0.7919 0.0000
vt 0.8672 0.7916 0.0000
vt 0.8707 0.7362 0.0000
vt 0.8711 0.7399 0.0000
vt 0.8686 0.7340 0.0000
vt 0.8650 0.7333 0.0000
vt 0.7432 0.9472 0.0000
vt 0.7474 0.8953 0.0000
vt 0.7474 0.9472 0.0000
vt 0.7432 0.8953 0.0000
vt 0.9614 0.8716 0.0000
vt 0.9648 0.8708 0.0000
vt 0.9595 0.8739 0.0000
vt 0.9591 0.8778 0.0000
vt 0.9635 0.9318 0.0000
vt 0.9818 0.9317 0.0000
vt 0.9867 0.8738 0.0000
vt 0.9870 0.8777 0.0000
vt 0.9848 0.8715 0.0000
vt 0.9814 0.8708 0.0000
vt 0.7714 0.8659 0.0000
vt 0.8232 0.8701 0.0000
vt 0.7714 0.8701 0.0000
vt 0.8232 0.8659 0.0000
vt 0.9480 0.8684 0.0000
vt 0.9488 0.8720 0.0000
vt 0.9458 0.8663 0.0000
vt 0.9421 0.8659 0.0000
vt 0.8904 0.8698 0.0000
vt 0.8907 0.8917 0.0000
vt 0.9461 0.8952 0.0000
vt 0.9424 0.8957 0.0000
vt 0.9483 0.8932 0.0000
vt 0.9490 0.8895 0.0000
vt 0.8507 0.9852 0.0000
vt 0.8465 0.9852 0.0000
vt 0.8465 0.9333 0.0000
vt 0.8507 0.9333 0.0000
vt 0.8721 0.5623 0.0000
vt 0.8752 0.5608 0.0000
vt 0.8708 0.5650 0.0000
vt 0.8713 0.5689 0.0000
vt 0.8886 0.6203 0.0000
vt 0.9064 0.6157 0.0000
vt 0.8971 0.5584 0.0000
vt 0.8912 0.5567 0.0000
vt 0.8947 0.5566 0.0000
vt 0.8984 0.5621 0.0000
vt 0.9459 0.9788 0.0000
vt 0.9459 0.9830 0.0000
vt 0.8941 0.9830 0.0000
vt 0.8941 0.9788 0.0000
vt 0.8831 0.7981 0.0000
vt 0.8806 0.8040 0.0000
vt 0.8810 0.8003 0.0000
vt 0.8845 0.8557 0.0000
vt 0.8867 0.7973 0.0000
vt 0.9065 0.8554 0.0000
vt 0.9042 0.7972 0.0000
vt 0.9079 0.7979 0.0000
vt 0.9104 0.8037 0.0000
vt 0.9099 0.8001 0.0000
vt 0.4514 0.9585 0.0000
vt 0.3996 0.9542 0.0000
vt 0.4514 0.9542 0.0000
vt 0.3996 0.9585 0.0000
vt 0.1646 0.9894 0.0000
vt 0.1707 0.9919 0.0000
vt 0.1669 0.9914 0.0000
vt 0.2249 0.9894 0.0000
vt 0.1640 0.9859 0.0000
vt 0.2254 0.9711 0.0000
vt 0.1678 0.9642 0.0000
vt 0.1645 0.9694 0.0000
vt 0.1654 0.9660 0.0000
vt 0.1716 0.9640 0.0000
vt 0.6888 0.9655 0.0000
vt 0.6845 0.9655 0.0000
vt 0.6845 0.9137 0.0000
vt 0.6888 0.9137 0.0000
vt 0.8829 0.4546 0.0000
vt 0.8763 0.4545 0.0000
vt 0.8801 0.4536 0.0000
vt 0.8266 0.4761 0.0000
vt 0.8848 0.4576 0.0000
vt 0.8327 0.4934 0.0000
vt 0.8890 0.4792 0.0000
vt 0.8901 0.4732 0.0000
vt 0.8905 0.4767 0.0000
vt 0.8854 0.4808 0.0000
vt 0.9459 0.9886 0.0000
vt 0.9459 0.9928 0.0000
vt 0.8941 0.9928 0.0000
vt 0.8941 0.9886 0.0000
vt 0.7868 0.8729 0.0000
vt 0.7824 0.8189 0.0000
vt 0.7828 0.8150 0.0000
vt 0.7881 0.8119 0.0000
vt 0.7847 0.8127 0.0000
vt 0.8051 0.8728 0.0000
vt 0.8047 0.8119 0.0000
vt 0.8081 0.8126 0.0000
vt 0.8100 0.8149 0.0000
vt 0.8103 0.8188 0.0000
vt 0.9784 0.9431 0.0000
vt 0.9741 0.9950 0.0000
vt 0.9741 0.9431 0.0000
vt 0.9784 0.9950 0.0000
vt 0.9250 0.8397 0.0000
vt 0.9791 0.8364 0.0000
vt 0.9830 0.8369 0.0000
vt 0.9852 0.8388 0.0000
vt 0.9860 0.8423 0.0000
vt 0.9248 0.8581 0.0000
vt 0.9857 0.8588 0.0000
vt 0.9848 0.8622 0.0000
vt 0.9825 0.8640 0.0000
vt 0.9786 0.8643 0.0000
vt 0.7579 0.9177 0.0000
vt 0.7621 0.8659 0.0000
vt 0.7621 0.9177 0.0000
vt 0.7579 0.8659 0.0000
vt 0.8738 0.5910 0.0000
vt 0.8911 0.6424 0.0000
vt 0.8917 0.6462 0.0000
vt 0.8872 0.6505 0.0000
vt 0.8904 0.6489 0.0000
vt 0.8561 0.5956 0.0000
vt 0.8712 0.6546 0.0000
vt 0.8677 0.6546 0.0000
vt 0.8653 0.6529 0.0000
vt 0.8641 0.6492 0.0000
vt 0.9636 0.9950 0.0000
vt 0.9594 0.9950 0.0000
vt 0.9594 0.9431 0.0000
vt 0.9636 0.9431 0.0000
vt 0.8364 0.6452 0.0000
vt 0.8397 0.6993 0.0000
vt 0.8393 0.7032 0.0000
vt 0.8373 0.7055 0.0000
vt 0.8339 0.7062 0.0000
vt 0.8181 0.6450 0.0000
vt 0.8174 0.7059 0.0000
vt 0.8140 0.7051 0.0000
vt 0.8121 0.7027 0.0000
vt 0.8119 0.6989 0.0000
vt 0.8195 0.9879 0.0000
vt 0.7677 0.9837 0.0000
vt 0.8195 0.9837 0.0000
vt 0.7677 0.9879 0.0000
vt 0.8029 0.7388 0.0000
vt 0.8054 0.7929 0.0000
vt 0.8049 0.7968 0.0000
vt 0.7994 0.7997 0.0000
vt 0.8029 0.7990 0.0000
vt 0.7846 0.7383 0.0000
vt 0.7829 0.7991 0.0000
vt 0.7795 0.7982 0.0000
vt 0.7777 0.7959 0.0000
vt 0.7775 0.7920 0.0000
vt 0.3296 0.9591 0.0000
vt 0.3815 0.9634 0.0000
vt 0.3296 0.9634 0.0000
vt 0.3815 0.9591 0.0000
vt 0.8315 0.5104 0.0000
vt 0.8812 0.4888 0.0000
vt 0.8850 0.4879 0.0000
vt 0.8878 0.4890 0.0000
vt 0.8897 0.4920 0.0000
vt 0.8376 0.5277 0.0000
vt 0.8951 0.5076 0.0000
vt 0.8954 0.5111 0.0000
vt 0.8939 0.5136 0.0000
vt 0.8903 0.5152 0.0000
vt 0.7182 0.9039 0.0000
vt 0.7140 0.9557 0.0000
vt 0.7140 0.9039 0.0000
vt 0.7182 0.9557 0.0000
vt 0.9062 0.7150 0.0000
vt 0.9085 0.7089 0.0000
vt 0.9081 0.7127 0.0000
vt 0.9041 0.6548 0.0000
vt 0.9027 0.7158 0.0000
vt 0.8858 0.6549 0.0000
vt 0.8862 0.7158 0.0000
vt 0.8828 0.7151 0.0000
vt 0.8809 0.7128 0.0000
vt 0.8806 0.7089 0.0000
vt 0.8757 0.9297 0.0000
vt 0.8799 0.9297 0.0000
vt 0.8799 0.9815 0.0000
vt 0.8757 0.9815 0.0000
vt 0.8487 0.6655 0.0000
vt 0.8462 0.6715 0.0000
vt 0.8467 0.6678 0.0000
vt 0.8502 0.7232 0.0000
vt 0.8524 0.6648 0.0000
vt 0.8721 0.7229 0.0000
vt 0.8756 0.6675 0.0000
vt 0.8760 0.6712 0.0000
vt 0.8735 0.6653 0.0000
vt 0.8699 0.6646 0.0000
vt 0.3815 0.9689 0.0000
vt 0.3815 0.9732 0.0000
vt 0.3296 0.9732 0.0000
vt 0.3296 0.9689 0.0000
vt 0.8372 0.5615 0.0000
vt 0.8438 0.5622 0.0000
vt 0.8399 0.5628 0.0000
vt 0.8951 0.5449 0.0000
vt 0.8356 0.5584 0.0000
vt 0.8906 0.5272 0.0000
vt 0.8333 0.5365 0.0000
vt 0.8316 0.5423 0.0000
vt 0.8315 0.5388 0.0000
vt 0.8370 0.5352 0.0000
vt 0.6740 0.9705 0.0000
vt 0.6698 0.9705 0.0000
vt 0.6698 0.9186 0.0000
vt 0.6740 0.9186 0.0000
vt 0.2530 0.9699 0.0000
vt 0.2523 0.9664 0.0000
vt 0.2553 0.9718 0.0000
vt 0.2592 0.9723 0.0000
vt 0.3133 0.9690 0.0000
vt 0.3135 0.9506 0.0000
vt 0.2558 0.9447 0.0000
vt 0.2526 0.9499 0.0000
vt 0.2534 0.9465 0.0000
vt 0.2596 0.9444 0.0000
vt 0.4465 0.9683 0.0000
vt 0.3947 0.9640 0.0000
vt 0.4465 0.9640 0.0000
vt 0.3947 0.9683 0.0000
vt 0.7734 0.8579 0.0000
vt 0.7759 0.8518 0.0000
vt 0.7754 0.8557 0.0000
vt 0.7735 0.7977 0.0000
vt 0.7700 0.8586 0.0000
vt 0.7551 0.7972 0.0000
vt 0.7483 0.8548 0.0000
vt 0.7481 0.8509 0.0000
vt 0.7500 0.8571 0.0000
vt 0.7534 0.8580 0.0000
vt 0.8655 0.9333 0.0000
vt 0.8612 0.9852 0.0000
vt 0.8612 0.9333 0.0000
vt 0.8655 0.9852 0.0000
vt 0.0127 0.8882 0.0000
vt 0.0082 0.8885 0.0000
vt 0.0156 0.9119 0.0000
vt 0.0199 0.9115 0.0000
vt 0.2222 0.6597 0.0000
vt 0.2180 0.6603 0.0000
vt 0.2246 0.6834 0.0000
vt 0.2290 0.6830 0.0000
vt 0.6488 0.6542 0.0000
vt 0.6488 0.6499 0.0000
vt 0.6254 0.6585 0.0000
vt 0.6254 0.6627 0.0000
vt 0.6589 0.2924 0.0000
vt 0.6586 0.2880 0.0000
vt 0.6352 0.2954 0.0000
vt 0.6356 0.2996 0.0000
vt 0.6836 0.0609 0.0000
vt 0.6794 0.0614 0.0000
vt 0.6860 0.0846 0.0000
vt 0.6904 0.0842 0.0000
vt 0.6488 0.8014 0.0000
vt 0.6488 0.7972 0.0000
vt 0.6254 0.8057 0.0000
vt 0.6254 0.8100 0.0000
vt 0.8520 0.1323 0.0000
vt 0.8476 0.1326 0.0000
vt 0.8549 0.1560 0.0000
vt 0.8592 0.1556 0.0000
vt 0.6961 0.1486 0.0000
vt 0.6955 0.1443 0.0000
vt 0.6724 0.1510 0.0000
vt 0.6728 0.1554 0.0000
vt 0.4132 0.8996 0.0000
vt 0.4132 0.8953 0.0000
vt 0.3898 0.9039 0.0000
vt 0.3898 0.9082 0.0000
vt 0.5148 0.4822 0.0000
vt 0.5192 0.4819 0.0000
vt 0.5118 0.4585 0.0000
vt 0.5076 0.4589 0.0000
vt 0.4284 0.5174 0.0000
vt 0.4241 0.5179 0.0000
vt 0.4307 0.5411 0.0000
vt 0.4352 0.5407 0.0000
vt 0.3887 0.7131 0.0000
vt 0.3886 0.7088 0.0000
vt 0.3652 0.7174 0.0000
vt 0.3653 0.7216 0.0000
vt 0.0113 0.8855 0.0000
vt 0.0069 0.8858 0.0000
vt 0.6990 0.9002 0.0000
vt 0.7032 0.9002 0.0000
vt 0.7250 0.4332 0.0000
vt 0.7235 0.4302 0.0000
vt 0.7272 0.4290 0.0000
vt 0.7288 0.4320 0.0000
vt 0.3983 0.7429 0.0000
vt 0.3947 0.7424 0.0000
vt 0.3954 0.7383 0.0000
vt 0.3991 0.7387 0.0000
vt 0.4917 0.4585 0.0000
vt 0.4932 0.4614 0.0000
vt 0.4895 0.4625 0.0000
vt 0.4879 0.4595 0.0000
vt 0.7284 0.9002 0.0000
vt 0.7327 0.9002 0.0000
vt 0.2260 0.6863 0.0000
vt 0.2305 0.6859 0.0000
vt 0.8315 0.9297 0.0000
vt 0.8358 0.9297 0.0000
vt 0.7167 0.7465 0.0000
vt 0.7194 0.7453 0.0000
vt 0.7202 0.7495 0.0000
vt 0.7175 0.7507 0.0000
vt 0.3902 0.4977 0.0000
vt 0.3946 0.4981 0.0000
vt 0.3941 0.5017 0.0000
vt 0.3898 0.5013 0.0000
vt 0.7202 0.7568 0.0000
vt 0.7175 0.7580 0.0000
vt 0.7167 0.7538 0.0000
vt 0.7195 0.7526 0.0000
vt 0.8855 0.9735 0.0000
vt 0.8855 0.9692 0.0000
vt 0.6616 0.2911 0.0000
vt 0.6613 0.2867 0.0000
vt 0.7477 0.9508 0.0000
vt 0.7434 0.9508 0.0000
vt 0.2244 0.7621 0.0000
vt 0.2229 0.7591 0.0000
vt 0.2266 0.7579 0.0000
vt 0.2281 0.7609 0.0000
vt 0.7677 0.8704 0.0000
vt 0.7677 0.8661 0.0000
vt 0.8991 0.0364 0.0000
vt 0.9006 0.0393 0.0000
vt 0.8969 0.0404 0.0000
vt 0.8953 0.0374 0.0000
vt 0.8462 0.9297 0.0000
vt 0.8505 0.9297 0.0000
vt 0.6874 0.0874 0.0000
vt 0.6919 0.0871 0.0000
vt 0.8904 0.9833 0.0000
vt 0.8904 0.9790 0.0000
vt 0.7167 0.7348 0.0000
vt 0.7194 0.7336 0.0000
vt 0.7202 0.7377 0.0000
vt 0.7175 0.7390 0.0000
vt 0.6896 0.3947 0.0000
vt 0.6940 0.3950 0.0000
vt 0.6935 0.3986 0.0000
vt 0.6892 0.3982 0.0000
vt 0.8018 0.4082 0.0000
vt 0.8030 0.4109 0.0000
vt 0.7988 0.4117 0.0000
vt 0.7976 0.4090 0.0000
vt 0.6843 0.9101 0.0000
vt 0.6885 0.9100 0.0000
vt 0.8507 0.1296 0.0000
vt 0.8462 0.1299 0.0000
vt 0.8904 0.9931 0.0000
vt 0.8904 0.9888 0.0000
vt 0.5434 0.5461 0.0000
vt 0.5419 0.5431 0.0000
vt 0.5456 0.5419 0.0000
vt 0.5472 0.5449 0.0000
vt 0.9739 0.9395 0.0000
vt 0.9781 0.9395 0.0000
vt 0.5901 0.2463 0.0000
vt 0.5871 0.2478 0.0000
vt 0.5861 0.2441 0.0000
vt 0.5891 0.2425 0.0000
vt 0.7624 0.9214 0.0000
vt 0.7581 0.9214 0.0000
vt 0.6695 0.1524 0.0000
vt 0.6699 0.1568 0.0000
vt 0.9591 0.9395 0.0000
vt 0.9634 0.9395 0.0000
vt 0.6737 0.1689 0.0000
vt 0.6750 0.1716 0.0000
vt 0.6708 0.1724 0.0000
vt 0.6695 0.1697 0.0000
vt 0.7289 0.4388 0.0000
vt 0.7333 0.4392 0.0000
vt 0.7328 0.4428 0.0000
vt 0.7284 0.4424 0.0000
vt 0.8018 0.5063 0.0000
vt 0.8030 0.5091 0.0000
vt 0.7988 0.5099 0.0000
vt 0.7976 0.5071 0.0000
vt 0.3260 0.9636 0.0000
vt 0.3259 0.9594 0.0000
vt 0.5161 0.4849 0.0000
vt 0.5205 0.4846 0.0000
vt 0.7137 0.9002 0.0000
vt 0.7180 0.9002 0.0000
vt 0.2244 0.7523 0.0000
vt 0.2229 0.7493 0.0000
vt 0.2266 0.7481 0.0000
vt 0.2281 0.7511 0.0000
vt 0.8802 0.9852 0.0000
vt 0.8759 0.9852 0.0000
vt 0.4377 0.6499 0.0000
vt 0.4393 0.6529 0.0000
vt 0.4355 0.6539 0.0000
vt 0.4339 0.6509 0.0000
vt 0.3260 0.9735 0.0000
vt 0.3259 0.9692 0.0000
vt 0.4322 0.5439 0.0000
vt 0.4366 0.5436 0.0000
vt 0.6695 0.9150 0.0000
vt 0.6738 0.9150 0.0000
vt 0.8799 0.1836 0.0000
vt 0.8811 0.1863 0.0000
vt 0.8769 0.1871 0.0000
vt 0.8757 0.1844 0.0000
vt 0.4982 0.4683 0.0000
vt 0.5026 0.4687 0.0000
vt 0.5021 0.4722 0.0000
vt 0.4977 0.4719 0.0000
vt 0.4541 0.8769 0.0000
vt 0.4568 0.8756 0.0000
vt 0.4577 0.8798 0.0000
vt 0.4549 0.8811 0.0000
vt 0.8610 0.9297 0.0000
vt 0.8652 0.9297 0.0000
vt 0.4781 0.8628 0.0000
vt 0.4781 0.8499 0.0000
vt 0.4781 0.8377 0.0000
vt 0.4781 0.8275 0.0000
vt 0.9199 0.2599 0.0000
vt 0.9199 0.2497 0.0000
vt 0.9199 0.2375 0.0000
vt 0.9200 0.2246 0.0000
vt 0.9200 0.2117 0.0000
vt 0.9200 0.1996 0.0000
vt 0.9200 0.1893 0.0000
vt 0.9493 0.2598 0.0000
vt 0.9494 0.2496 0.0000
vt 0.9494 0.2375 0.0000
vt 0.9495 0.2245 0.0000
vt 0.9496 0.2116 0.0000
vt 0.9496 0.1995 0.0000
vt 0.9497 0.1893 0.0000
vt 0.7186 0.8880 0.0000
vt 0.7187 0.8778 0.0000
vt 0.7188 0.8657 0.0000
vt 0.7189 0.8527 0.0000
vt 0.7190 0.8398 0.0000
vt 0.7191 0.8277 0.0000
vt 0.7192 0.8175 0.0000
vt 0.4781 0.8980 0.0000
vt 0.4781 0.8878 0.0000
vt 0.4781 0.8757 0.0000
vt 0.7211 0.3527 0.0000
vt 0.9433 0.4991 0.0000
vt 0.8291 0.1368 0.0000
vt 0.0265 0.9051 0.0000
vt 0.2032 0.4298 0.0000
vt 0.2032 0.4208 0.0000
vt 0.3387 0.4208 0.0000
vt 0.3387 0.4327 0.0000
vt 0.2032 0.4129 0.0000
vt 0.3387 0.4106 0.0000
vt 0.2032 0.4083 0.0000
vt 0.2033 0.4014 0.0000
vt 0.3387 0.4018 0.0000
vt 0.2033 0.3931 0.0000
vt 0.3387 0.3906 0.0000
vt 0.2033 0.3875 0.0000
vt 0.2033 0.3783 0.0000
vt 0.3388 0.3787 0.0000
vt 0.2033 0.3689 0.0000
vt 0.3388 0.3664 0.0000
vt 0.2034 0.3630 0.0000
vt 0.2034 0.3541 0.0000
vt 0.3388 0.3545 0.0000
vt 0.2034 0.3462 0.0000
vt 0.3389 0.3443 0.0000
vt 0.2034 0.3416 0.0000
vt 0.2035 0.3347 0.0000
vt 0.3389 0.3354 0.0000
vt 0.2035 0.3264 0.0000
vt 0.3390 0.3243 0.0000
vt 0.2035 0.3207 0.0000
vt 0.2036 0.3116 0.0000
vt 0.3390 0.3123 0.0000
vt 0.2036 0.3022 0.0000
vt 0.3391 0.3000 0.0000
vt 0.2037 0.2963 0.0000
vt 0.2037 0.2874 0.0000
vt 0.3392 0.2881 0.0000
vt 0.2038 0.2795 0.0000
vt 0.3392 0.2779 0.0000
vt 0.2038 0.2749 0.0000
vt 0.2038 0.2680 0.0000
vt 0.3393 0.2691 0.0000
vt 0.2039 0.2596 0.0000
vt 0.3394 0.2579 0.0000
vt 0.2040 0.2540 0.0000
vt 0.2040 0.2448 0.0000
vt 0.3395 0.2459 0.0000
vt 0.2041 0.2355 0.0000
vt 0.3396 0.2336 0.0000
vt 0.2042 0.2296 0.0000
vt 0.2042 0.2206 0.0000
vt 0.3397 0.2217 0.0000
vt 0.2043 0.2127 0.0000
vt 0.3397 0.2115 0.0000
vt 0.2032 0.4751 0.0000
vt 0.2032 0.4681 0.0000
vt 0.3387 0.4681 0.0000
vt 0.3387 0.4770 0.0000
vt 0.2032 0.4598 0.0000
vt 0.3387 0.4570 0.0000
vt 0.2032 0.4542 0.0000
vt 0.2032 0.4450 0.0000
vt 0.3387 0.4450 0.0000
vt 0.2032 0.4357 0.0000
vt 0.2043 0.2081 0.0000
vt 0.6242 0.8909 0.0000
vt 0.6181 0.8803 0.0000
vt 0.6230 0.8784 0.0000
vt 0.6285 0.8878 0.0000
vt 0.6156 0.8682 0.0000
vt 0.6208 0.8677 0.0000
vt 0.6155 0.8559 0.0000
vt 0.6208 0.8568 0.0000
vt 0.6194 0.8443 0.0000
vt 0.6242 0.8464 0.0000
vt 0.6255 0.8336 0.0000
vt 0.6296 0.8370 0.0000
vt 0.6347 0.8255 0.0000
vt 0.6378 0.8297 0.0000
vt 0.6453 0.8193 0.0000
vt 0.6472 0.8242 0.0000
vt 0.6573 0.8168 0.0000
vt 0.6579 0.8220 0.0000
vt 0.6696 0.8168 0.0000
vt 0.6688 0.8220 0.0000
vt 0.6813 0.8207 0.0000
vt 0.6791 0.8254 0.0000
vt 0.6919 0.8268 0.0000
vt 0.6886 0.8309 0.0000
vt 0.7001 0.8359 0.0000
vt 0.6958 0.8390 0.0000
vt 0.7063 0.8466 0.0000
vt 0.7012 0.8476 0.0000
vt 0.7010 0.8496 0.0000
vt 0.7087 0.8586 0.0000
vt 0.7035 0.8591 0.0000
vt 0.7088 0.8709 0.0000
vt 0.7036 0.8700 0.0000
vt 0.7049 0.8825 0.0000
vt 0.7001 0.8804 0.0000
vt 0.6988 0.8932 0.0000
vt 0.6947 0.8899 0.0000
vt 0.6896 0.9013 0.0000
vt 0.6866 0.8971 0.0000
vt 0.6790 0.9075 0.0000
vt 0.6771 0.9026 0.0000
vt 0.6670 0.9100 0.0000
vt 0.6664 0.9048 0.0000
vt 0.6547 0.9100 0.0000
vt 0.6555 0.9048 0.0000
vt 0.6431 0.9061 0.0000
vt 0.6488 0.9038 0.0000
vt 0.6324 0.9000 0.0000
vt 0.6357 0.8960 0.0000
vt 0.6470 0.9038 0.0000
vt 0.4914 0.3112 0.0000
vt 0.4914 0.3217 0.0000
vt 0.3456 0.3217 0.0000
vt 0.3456 0.3112 0.0000
vt 0.4914 0.3308 0.0000
vt 0.3456 0.3308 0.0000
vt 0.4914 0.3387 0.0000
vt 0.3456 0.3387 0.0000
vt 0.4914 0.3486 0.0000
vt 0.3456 0.3486 0.0000
vt 0.4914 0.3592 0.0000
vt 0.3456 0.3592 0.0000
vt 0.4914 0.3701 0.0000
vt 0.3456 0.3701 0.0000
vt 0.4914 0.3807 0.0000
vt 0.3456 0.3807 0.0000
vt 0.4914 0.3897 0.0000
vt 0.3456 0.3897 0.0000
vt 0.4914 0.3976 0.0000
vt 0.3456 0.3976 0.0000
vt 0.4914 0.4075 0.0000
vt 0.3456 0.4075 0.0000
vt 0.4914 0.4181 0.0000
vt 0.3456 0.4181 0.0000
vt 0.4914 0.4290 0.0000
vt 0.3456 0.4290 0.0000
vt 0.4914 0.4389 0.0000
vt 0.3456 0.4389 0.0000
vt 0.6194 0.7355 0.0000
vt 0.6194 0.7440 0.0000
vt 0.4732 0.7440 0.0000
vt 0.4732 0.7355 0.0000
vt 0.6194 0.7519 0.0000
vt 0.4732 0.7519 0.0000
vt 0.6194 0.7618 0.0000
vt 0.4732 0.7618 0.0000
vt 0.6194 0.7725 0.0000
vt 0.4732 0.7725 0.0000
vt 0.6194 0.7835 0.0000
vt 0.4732 0.7835 0.0000
vt 0.6194 0.7940 0.0000
vt 0.4732 0.7940 0.0000
vt 0.6194 0.8031 0.0000
vt 0.4732 0.8031 0.0000
vt 0.6194 0.8110 0.0000
vt 0.4732 0.8110 0.0000
vt 0.6194 0.8166 0.0000
vt 0.4732 0.8166 0.0000
vt 0.4914 0.2867 0.0000
vt 0.4914 0.3003 0.0000
vt 0.3456 0.3003 0.0000
vt 0.3456 0.2867 0.0000
vt 0.9129 0.5194 0.0000
vt 0.9074 0.5099 0.0000
vt 0.9372 0.4985 0.0000
vt 0.9385 0.5008 0.0000
vt 0.9052 0.4993 0.0000
vt 0.9367 0.4960 0.0000
vt 0.9051 0.4884 0.0000
vt 0.9367 0.4934 0.0000
vt 0.9086 0.4780 0.0000
vt 0.9375 0.4909 0.0000
vt 0.9140 0.4685 0.0000
vt 0.9388 0.4887 0.0000
vt 0.9222 0.4613 0.0000
vt 0.9407 0.4870 0.0000
vt 0.9316 0.4558 0.0000
vt 0.9430 0.4857 0.0000
vt 0.9423 0.4536 0.0000
vt 0.9455 0.4851 0.0000
vt 0.9532 0.4536 0.0000
vt 0.9481 0.4851 0.0000
vt 0.9635 0.4570 0.0000
vt 0.9506 0.4859 0.0000
vt 0.9730 0.4624 0.0000
vt 0.9528 0.4872 0.0000
vt 0.9802 0.4706 0.0000
vt 0.9546 0.4892 0.0000
vt 0.9856 0.4792 0.0000
vt 0.9853 0.4811 0.0000
vt 0.9559 0.4914 0.0000
vt 0.9879 0.4907 0.0000
vt 0.9564 0.4940 0.0000
vt 0.9880 0.5016 0.0000
vt 0.9564 0.4966 0.0000
vt 0.9845 0.5120 0.0000
vt 0.9556 0.4990 0.0000
vt 0.9791 0.5214 0.0000
vt 0.9543 0.5013 0.0000
vt 0.9709 0.5287 0.0000
vt 0.9524 0.5030 0.0000
vt 0.9615 0.5342 0.0000
vt 0.9501 0.5043 0.0000
vt 0.9508 0.5363 0.0000
vt 0.9476 0.5048 0.0000
vt 0.9399 0.5364 0.0000
vt 0.9450 0.5048 0.0000
vt 0.9332 0.5353 0.0000
vt 0.9425 0.5040 0.0000
vt 0.9314 0.5353 0.0000
vt 0.9201 0.5275 0.0000
vt 0.9403 0.5027 0.0000
vt 0.4732 0.6597 0.0000
vt 0.6194 0.6597 0.0000
vt 0.8701 0.3414 0.0000
vt 0.8713 0.3398 0.0000
vt 0.8713 0.4179 0.0000
vt 0.8699 0.4166 0.0000
vt 0.3456 0.2081 0.0000
vt 0.4914 0.2081 0.0000
vt 0.6034 0.8499 0.0000
vt 0.6034 0.8524 0.0000
vt 0.5076 0.8524 0.0000
vt 0.5076 0.8499 0.0000
vt 0.6034 0.8546 0.0000
vt 0.5076 0.8546 0.0000
vt 0.6034 0.8564 0.0000
vt 0.5076 0.8564 0.0000
vt 0.6034 0.8588 0.0000
vt 0.5076 0.8588 0.0000
vt 0.6034 0.8613 0.0000
vt 0.5076 0.8613 0.0000
vt 0.6034 0.8639 0.0000
vt 0.5076 0.8639 0.0000
vt 0.6034 0.8664 0.0000
vt 0.5076 0.8664 0.0000
vt 0.6034 0.8685 0.0000
vt 0.5076 0.8685 0.0000
vt 0.6034 0.8704 0.0000
vt 0.5076 0.8704 0.0000
vt 0.6034 0.8728 0.0000
vt 0.5076 0.8728 0.0000
vt 0.6034 0.8753 0.0000
vt 0.5076 0.8753 0.0000
vt 0.6034 0.8779 0.0000
vt 0.5076 0.8779 0.0000
vt 0.6034 0.8804 0.0000
vt 0.5076 0.8804 0.0000
vt 0.6034 0.8825 0.0000
vt 0.5076 0.8825 0.0000
vt 0.6034 0.8266 0.0000
vt 0.6034 0.8285 0.0000
vt 0.5076 0.8285 0.0000
vt 0.5076 0.8266 0.0000
vt 0.6034 0.8308 0.0000
vt 0.5076 0.8308 0.0000
vt 0.6034 0.8333 0.0000
vt 0.5076 0.8333 0.0000
vt 0.6034 0.8359 0.0000
vt 0.5076 0.8359 0.0000
vt 0.6034 0.8384 0.0000
vt 0.5076 0.8384 0.0000
vt 0.6034 0.8406 0.0000
vt 0.5076 0.8406 0.0000
vt 0.6034 0.8424 0.0000
vt 0.5076 0.8424 0.0000
vt 0.6034 0.8448 0.0000
vt 0.5076 0.8448 0.0000
vt 0.6034 0.8473 0.0000
vt 0.5076 0.8473 0.0000
vt 0.5952 0.9436 0.0000
vt 0.5939 0.9458 0.0000
vt 0.5914 0.9438 0.0000
vt 0.5923 0.9423 0.0000
vt 0.5919 0.9475 0.0000
vt 0.5901 0.9450 0.0000
vt 0.5897 0.9489 0.0000
vt 0.5885 0.9459 0.0000
vt 0.5871 0.9494 0.0000
vt 0.5868 0.9462 0.0000
vt 0.5846 0.9494 0.0000
vt 0.5851 0.9462 0.0000
vt 0.5821 0.9486 0.0000
vt 0.5834 0.9457 0.0000
vt 0.5798 0.9473 0.0000
vt 0.5819 0.9448 0.0000
vt 0.5781 0.9453 0.0000
vt 0.5807 0.9435 0.0000
vt 0.5768 0.9431 0.0000
vt 0.5798 0.9419 0.0000
vt 0.5763 0.9405 0.0000
vt 0.5795 0.9402 0.0000
vt 0.5763 0.9380 0.0000
vt 0.5794 0.9385 0.0000
vt 0.5771 0.9355 0.0000
vt 0.5800 0.9368 0.0000
vt 0.5784 0.9332 0.0000
vt 0.5809 0.9353 0.0000
vt 0.5803 0.9315 0.0000
vt 0.5822 0.9341 0.0000
vt 0.5826 0.9302 0.0000
vt 0.5837 0.9332 0.0000
vt 0.5851 0.9297 0.0000
vt 0.5854 0.9329 0.0000
vt 0.5877 0.9297 0.0000
vt 0.5872 0.9328 0.0000
vt 0.5902 0.9305 0.0000
vt 0.5889 0.9334 0.0000
vt 0.5924 0.9318 0.0000
vt 0.5904 0.9343 0.0000
vt 0.5941 0.9337 0.0000
vt 0.5916 0.9356 0.0000
vt 0.5955 0.9360 0.0000
vt 0.5925 0.9371 0.0000
vt 0.5960 0.9385 0.0000
vt 0.5928 0.9388 0.0000
vt 0.5960 0.9411 0.0000
vt 0.5928 0.9406 0.0000
vt 0.9521 0.5931 0.0000
vt 0.9504 0.5931 0.0000
vt 0.9504 0.5618 0.0000
vt 0.9521 0.5618 0.0000
vt 0.9490 0.5931 0.0000
vt 0.9490 0.5618 0.0000
vt 0.9477 0.5931 0.0000
vt 0.9477 0.5618 0.0000
vt 0.9461 0.5931 0.0000
vt 0.9461 0.5618 0.0000
vt 0.9444 0.5931 0.0000
vt 0.9444 0.5618 0.0000
vt 0.9426 0.5931 0.0000
vt 0.9426 0.5618 0.0000
vt 0.9409 0.5931 0.0000
vt 0.9409 0.5618 0.0000
vt 0.9395 0.5931 0.0000
vt 0.9395 0.5618 0.0000
vt 0.9382 0.5931 0.0000
vt 0.9382 0.5618 0.0000
vt 0.9366 0.5931 0.0000
vt 0.9366 0.5618 0.0000
vt 0.9349 0.5931 0.0000
vt 0.9349 0.5618 0.0000
vt 0.9331 0.5931 0.0000
vt 0.9331 0.5618 0.0000
vt 0.9314 0.5931 0.0000
vt 0.9314 0.5618 0.0000
vt 0.9299 0.5931 0.0000
vt 0.9299 0.5618 0.0000
vt 0.9680 0.5931 0.0000
vt 0.9667 0.5931 0.0000
vt 0.9667 0.5618 0.0000
vt 0.9680 0.5618 0.0000
vt 0.9651 0.5931 0.0000
vt 0.9651 0.5618 0.0000
vt 0.9634 0.5931 0.0000
vt 0.9634 0.5618 0.0000
vt 0.9616 0.5931 0.0000
vt 0.9616 0.5618 0.0000
vt 0.9599 0.5931 0.0000
vt 0.9599 0.5618 0.0000
vt 0.9585 0.5931 0.0000
vt 0.9585 0.5618 0.0000
vt 0.9572 0.5931 0.0000
vt 0.9572 0.5618 0.0000
vt 0.9556 0.5931 0.0000
vt 0.9556 0.5618 0.0000
vt 0.9539 0.5931 0.0000
vt 0.9539 0.5618 0.0000
vt 0.3977 0.7280 0.0000
vt 0.3968 0.7296 0.0000
vt 0.3944 0.7276 0.0000
vt 0.3948 0.7268 0.0000
vt 0.3955 0.7307 0.0000
vt 0.3937 0.7282 0.0000
vt 0.3940 0.7316 0.0000
vt 0.3928 0.7287 0.0000
vt 0.3922 0.7320 0.0000
vt 0.3919 0.7289 0.0000
vt 0.3905 0.7320 0.0000
vt 0.3910 0.7289 0.0000
vt 0.3888 0.7314 0.0000
vt 0.3901 0.7286 0.0000
vt 0.3873 0.7306 0.0000
vt 0.3892 0.7281 0.0000
vt 0.3861 0.7292 0.0000
vt 0.3886 0.7274 0.0000
vt 0.3852 0.7277 0.0000
vt 0.3881 0.7266 0.0000
vt 0.3849 0.7260 0.0000
vt 0.3879 0.7257 0.0000
vt 0.3848 0.7242 0.0000
vt 0.3879 0.7247 0.0000
vt 0.3854 0.7226 0.0000
vt 0.3882 0.7238 0.0000
vt 0.3863 0.7210 0.0000
vt 0.3887 0.7230 0.0000
vt 0.3876 0.7199 0.0000
vt 0.3894 0.7224 0.0000
vt 0.3891 0.7190 0.0000
vt 0.3902 0.7219 0.0000
vt 0.3908 0.7186 0.0000
vt 0.3912 0.7217 0.0000
vt 0.3926 0.7186 0.0000
vt 0.3921 0.7217 0.0000
vt 0.3943 0.7192 0.0000
vt 0.3930 0.7220 0.0000
vt 0.3958 0.7200 0.0000
vt 0.3938 0.7225 0.0000
vt 0.3970 0.7214 0.0000
vt 0.3945 0.7232 0.0000
vt 0.3979 0.7229 0.0000
vt 0.3949 0.7240 0.0000
vt 0.3982 0.7246 0.0000
vt 0.3951 0.7249 0.0000
vt 0.3982 0.7264 0.0000
vt 0.3951 0.7259 0.0000
vt 0.4209 0.7659 0.0000
vt 0.4200 0.7659 0.0000
vt 0.4200 0.7628 0.0000
vt 0.4209 0.7628 0.0000
vt 0.4192 0.7659 0.0000
vt 0.4192 0.7628 0.0000
vt 0.4146 0.7610 0.0000
vt 0.4139 0.7610 0.0000
vt 0.4139 0.7579 0.0000
vt 0.4146 0.7579 0.0000
vt 0.4130 0.7610 0.0000
vt 0.4130 0.7579 0.0000
vt 0.4121 0.7610 0.0000
vt 0.4121 0.7579 0.0000
vt 0.4111 0.7610 0.0000
vt 0.4111 0.7579 0.0000
vt 0.4102 0.7610 0.0000
vt 0.4102 0.7579 0.0000
vt 0.4094 0.7610 0.0000
vt 0.4094 0.7579 0.0000
vt 0.2281 0.8690 0.0000
vt 0.2274 0.8690 0.0000
vt 0.2274 0.8659 0.0000
vt 0.2281 0.8659 0.0000
vt 0.2265 0.8690 0.0000
vt 0.2265 0.8659 0.0000
vt 0.2256 0.8690 0.0000
vt 0.2256 0.8659 0.0000
vt 0.2246 0.8690 0.0000
vt 0.2246 0.8659 0.0000
vt 0.2237 0.8690 0.0000
vt 0.2237 0.8659 0.0000
vt 0.2229 0.8690 0.0000
vt 0.2229 0.8659 0.0000
vt 0.2477 0.8935 0.0000
vt 0.2470 0.8935 0.0000
vt 0.2470 0.8904 0.0000
vt 0.2477 0.8904 0.0000
vt 0.2462 0.8935 0.0000
vt 0.2462 0.8904 0.0000
vt 0.2452 0.8935 0.0000
vt 0.2452 0.8904 0.0000
vt 0.2442 0.8935 0.0000
vt 0.2442 0.8904 0.0000
vt 0.2433 0.8935 0.0000
vt 0.2433 0.8904 0.0000
vt 0.2425 0.8935 0.0000
vt 0.2425 0.8904 0.0000
vt 0.4244 0.7659 0.0000
vt 0.4237 0.7659 0.0000
vt 0.4237 0.7628 0.0000
vt 0.4244 0.7628 0.0000
vt 0.4229 0.7659 0.0000
vt 0.4229 0.7628 0.0000
vt 0.4219 0.7659 0.0000
vt 0.4219 0.7628 0.0000
vt 0.5391 0.4359 0.0000
vt 0.5383 0.4354 0.0000
vt 0.5406 0.4326 0.0000
vt 0.5377 0.4347 0.0000
vt 0.5372 0.4339 0.0000
vt 0.5370 0.4330 0.0000
vt 0.5370 0.4320 0.0000
vt 0.5373 0.4311 0.0000
vt 0.5378 0.4303 0.0000
vt 0.5385 0.4297 0.0000
vt 0.5393 0.4292 0.0000
vt 0.5402 0.4290 0.0000
vt 0.5412 0.4290 0.0000
vt 0.5421 0.4293 0.0000
vt 0.5429 0.4298 0.0000
vt 0.5435 0.4305 0.0000
vt 0.5440 0.4313 0.0000
vt 0.5442 0.4322 0.0000
vt 0.5442 0.4332 0.0000
vt 0.5439 0.4341 0.0000
vt 0.5434 0.4349 0.0000
vt 0.5427 0.4355 0.0000
vt 0.5419 0.4360 0.0000
vt 0.5410 0.4362 0.0000
vt 0.5400 0.4362 0.0000
vt 0.9935 0.4634 0.0000
vt 0.9980 0.4634 0.0000
vt 0.9980 0.5275 0.0000
vt 0.9935 0.5275 0.0000
vt 0.9199 0.6641 0.0000
vt 0.9199 0.6254 0.0000
vt 0.9840 0.6254 0.0000
vt 0.9840 0.6641 0.0000
vt 0.9980 0.4392 0.0000
vt 0.9935 0.4392 0.0000
vt 0.9935 0.3750 0.0000
vt 0.9980 0.3750 0.0000
vt 0.9840 0.7137 0.0000
vt 0.9840 0.7524 0.0000
vt 0.9199 0.7524 0.0000
vt 0.9199 0.7137 0.0000
vt 0.0805 0.9980 0.0000
vt 0.0805 0.9935 0.0000
vt 0.1447 0.9935 0.0000
vt 0.1447 0.9980 0.0000
vt 0.9199 0.7966 0.0000
vt 0.9199 0.7579 0.0000
vt 0.9840 0.7579 0.0000
vt 0.9840 0.7966 0.0000
vt 0.9297 0.1489 0.0000
vt 0.9297 0.1443 0.0000
vt 0.9938 0.1443 0.0000
vt 0.9938 0.1489 0.0000
vt 0.9840 0.6695 0.0000
vt 0.9840 0.7082 0.0000
vt 0.9199 0.7082 0.0000
vt 0.9199 0.6695 0.0000
vt 0.3947 0.9368 0.0000
vt 0.4589 0.9391 0.0000
vt 0.3948 0.9413 0.0000
vt 0.4588 0.9346 0.0000
vt 0.8168 0.8021 0.0000
vt 0.8621 0.8021 0.0000
vt 0.8621 0.8596 0.0000
vt 0.8168 0.8596 0.0000
vt 0.4585 0.8418 0.0000
vt 0.4630 0.8413 0.0000
vt 0.4697 0.9051 0.0000
vt 0.4652 0.9056 0.0000
vt 0.9479 0.9002 0.0000
vt 0.9479 0.9455 0.0000
vt 0.8904 0.9455 0.0000
vt 0.8904 0.9002 0.0000
vt 0.6013 0.9244 0.0000
vt 0.5370 0.9221 0.0000
vt 0.6011 0.9199 0.0000
vt 0.5372 0.9266 0.0000
vt 0.8315 0.8659 0.0000
vt 0.8768 0.8659 0.0000
vt 0.8768 0.9234 0.0000
vt 0.8315 0.9234 0.0000
vt 0.2867 0.7137 0.0000
vt 0.2871 0.7182 0.0000
vt 0.2233 0.7249 0.0000
vt 0.2229 0.7204 0.0000
vt 0.8179 0.9381 0.0000
vt 0.7726 0.9381 0.0000
vt 0.7726 0.8806 0.0000
vt 0.8179 0.8806 0.0000
vt 0.2451 0.5115 0.0000
vt 0.2384 0.5115 0.0000
vt 0.2451 0.5034 0.0000
vt 0.5586 0.2131 0.0000
vt 0.5858 0.2131 0.0000
vt 0.5858 0.2198 0.0000
vt 0.5586 0.2198 0.0000
vt 0.8797 0.1763 0.0000
vt 0.8715 0.1763 0.0000
vt 0.8797 0.1697 0.0000
vt 0.5566 0.2131 0.0000
vt 0.5578 0.2131 0.0000
vt 0.5578 0.2198 0.0000
vt 0.5566 0.2198 0.0000
vt 0.5865 0.2131 0.0000
vt 0.5877 0.2131 0.0000
vt 0.5877 0.2198 0.0000
vt 0.5865 0.2198 0.0000
vt 0.2451 0.5123 0.0000
vt 0.2384 0.5123 0.0000
vt 0.8804 0.1763 0.0000
vt 0.8804 0.1697 0.0000
vt 0.0212 0.9774 0.0000
vt 0.0501 0.9748 0.0000
vt 0.0523 0.9774 0.0000
vt 0.0234 0.9748 0.0000
vt 0.0215 0.9734 0.0000
vt 0.0226 0.9745 0.0000
vt 0.0509 0.9745 0.0000
vt 0.0520 0.9734 0.0000
vt 0.0523 0.9726 0.0000
vt 0.0212 0.9726 0.0000
vt 0.2180 0.5034 0.0000
vt 0.2180 0.5115 0.0000
vt 0.8715 0.1493 0.0000
vt 0.8845 0.1493 0.0000
vt 0.6329 0.6402 0.0000
vt 0.6329 0.6413 0.0000
vt 0.6057 0.6413 0.0000
vt 0.6057 0.6402 0.0000
vt 0.6329 0.6106 0.0000
vt 0.6329 0.6118 0.0000
vt 0.6057 0.6118 0.0000
vt 0.6057 0.6106 0.0000
vt 0.2451 0.5027 0.0000
vt 0.2180 0.5027 0.0000
vt 0.6329 0.6125 0.0000
vt 0.6057 0.6125 0.0000
vt 0.6329 0.6394 0.0000
vt 0.6057 0.6394 0.0000
vt 0.8708 0.1763 0.0000
vt 0.8708 0.1493 0.0000
vt 0.8845 0.1697 0.0000
vt 0.2384 0.5163 0.0000
vt 0.2180 0.5163 0.0000
vt 0.5428 0.5673 0.0000
vt 0.5647 0.5673 0.0000
vt 0.5647 0.5785 0.0000
vt 0.5428 0.5785 0.0000
vt 0.4045 0.5013 0.0000
vt 0.4045 0.4977 0.0000
vt 0.4331 0.4977 0.0000
vt 0.4330 0.5093 0.0000
vt 0.4321 0.5103 0.0000
vt 0.4055 0.5103 0.0000
vt 0.4045 0.5093 0.0000
vt 0.6229 0.6356 0.0000
vt 0.6229 0.6164 0.0000
vt 0.6086 0.6356 0.0000
vt 0.6086 0.6164 0.0000
vt 0.4398 0.4536 0.0000
vt 0.4398 0.4729 0.0000
vt 0.4262 0.4729 0.0000
vt 0.4262 0.4536 0.0000
vt 0.2305 0.7403 0.0000
vt 0.2329 0.7426 0.0000
vt 0.2322 0.7423 0.0000
vt 0.2308 0.7410 0.0000
vt 0.2329 0.7284 0.0000
vt 0.2464 0.7284 0.0000
vt 0.2464 0.7426 0.0000
vt 0.2322 0.7287 0.0000
vt 0.2305 0.7308 0.0000
vt 0.2308 0.7300 0.0000
vt 0.2229 0.8997 0.0000
vt 0.2229 0.8806 0.0000
vt 0.2364 0.8806 0.0000
vt 0.2364 0.8997 0.0000
vt 0.7116 0.4065 0.0000
vt 0.7139 0.4089 0.0000
vt 0.7132 0.4086 0.0000
vt 0.7119 0.4073 0.0000
vt 0.7116 0.3970 0.0000
vt 0.7274 0.3947 0.0000
vt 0.7274 0.4089 0.0000
vt 0.7132 0.3950 0.0000
vt 0.7119 0.3963 0.0000
vt 0.7139 0.3947 0.0000
vt 0.4241 0.4536 0.0000
vt 0.4254 0.4536 0.0000
vt 0.4254 0.4729 0.0000
vt 0.4241 0.4729 0.0000
vt 0.9299 0.5964 0.0000
vt 0.9299 0.5950 0.0000
vt 0.9494 0.5950 0.0000
vt 0.9494 0.5964 0.0000
vt 0.0404 0.9566 0.0000
vt 0.0404 0.9573 0.0000
vt 0.0212 0.9573 0.0000
vt 0.0212 0.9566 0.0000
vt 0.9299 0.5971 0.0000
vt 0.9494 0.5971 0.0000
vt 0.2371 0.8997 0.0000
vt 0.2371 0.8806 0.0000
vt 0.7135 0.7476 0.0000
vt 0.7148 0.7556 0.0000
vt 0.7135 0.7556 0.0000
vt 0.7148 0.7475 0.0000
vt 0.7148 0.7604 0.0000
vt 0.7135 0.7591 0.0000
vt 0.6837 0.7604 0.0000
vt 0.6849 0.7591 0.0000
vt 0.6837 0.7475 0.0000
vt 0.6850 0.7476 0.0000
vt 0.6840 0.7467 0.0000
vt 0.6851 0.7456 0.0000
vt 0.6860 0.7466 0.0000
vt 0.6859 0.7453 0.0000
vt 0.7126 0.7453 0.0000
vt 0.7125 0.7466 0.0000
vt 0.7133 0.7456 0.0000
vt 0.7145 0.7467 0.0000
vt 0.7108 0.0921 0.0000
vt 0.7026 0.0921 0.0000
vt 0.7026 0.0904 0.0000
vt 0.7108 0.0904 0.0000
vt 0.6990 0.0921 0.0000
vt 0.6990 0.0904 0.0000
vt 0.0498 0.9547 0.0000
vt 0.0212 0.9547 0.0000
vt 0.0212 0.9530 0.0000
vt 0.0498 0.9530 0.0000
vt 0.2492 0.6909 0.0000
vt 0.2376 0.6909 0.0000
vt 0.2376 0.6892 0.0000
vt 0.2492 0.6892 0.0000
vt 0.0212 0.9334 0.0000
vt 0.0222 0.9334 0.0000
vt 0.0222 0.9351 0.0000
vt 0.0212 0.9351 0.0000
vt 0.0491 0.9334 0.0000
vt 0.0491 0.9351 0.0000
vt 0.7118 0.0921 0.0000
vt 0.7118 0.0904 0.0000
vt 0.7148 0.7434 0.0000
vt 0.6837 0.7434 0.0000
vt 0.6875 0.7395 0.0000
vt 0.7110 0.7395 0.0000
vt 0.6837 0.7229 0.0000
vt 0.6875 0.7268 0.0000
vt 0.7148 0.7229 0.0000
vt 0.7110 0.7268 0.0000
vt 0.7722 0.4082 0.0000
vt 0.7957 0.4082 0.0000
vt 0.7957 0.4129 0.0000
vt 0.7722 0.4129 0.0000
vt 0.6892 0.3505 0.0000
vt 0.7021 0.3505 0.0000
vt 0.7021 0.3552 0.0000
vt 0.6892 0.3552 0.0000
vt 0.7722 0.5063 0.0000
vt 0.7957 0.5063 0.0000
vt 0.7957 0.5110 0.0000
vt 0.7722 0.5110 0.0000
vt 0.6401 0.6106 0.0000
vt 0.6530 0.6106 0.0000
vt 0.6530 0.6154 0.0000
vt 0.6401 0.6154 0.0000
vt 0.5419 0.5665 0.0000
vt 0.5656 0.5665 0.0000
vt 0.7012 0.3561 0.0000
vt 0.6900 0.3561 0.0000
vt 0.5656 0.5793 0.0000
vt 0.5419 0.5793 0.0000
vt 0.6409 0.6162 0.0000
vt 0.6521 0.6162 0.0000
vt 0.9525 0.0939 0.0000
vt 0.9525 0.0747 0.0000
vt 0.9601 0.0747 0.0000
vt 0.9601 0.0939 0.0000
vt 0.2229 0.7403 0.0000
vt 0.2229 0.7308 0.0000
vt 0.7842 0.4642 0.0000
vt 0.7842 0.4833 0.0000
vt 0.7765 0.4833 0.0000
vt 0.7765 0.4642 0.0000
vt 0.7039 0.4065 0.0000
vt 0.7039 0.3970 0.0000
vt 0.5779 0.2278 0.0000
vt 0.5885 0.2278 0.0000
vt 0.5885 0.2362 0.0000
vt 0.5779 0.2362 0.0000
vt 0.6484 0.3014 0.0000
vt 0.6689 0.3014 0.0000
vt 0.6689 0.3099 0.0000
vt 0.6484 0.3099 0.0000
vt 0.4379 0.8756 0.0000
vt 0.4488 0.8756 0.0000
vt 0.4488 0.8842 0.0000
vt 0.4379 0.8842 0.0000
vt 0.6544 0.9227 0.0000
vt 0.6348 0.9273 0.0000
vt 0.6343 0.9227 0.0000
vt 0.6539 0.9273 0.0000
vt 0.6348 0.9368 0.0000
vt 0.6303 0.9373 0.0000
vt 0.6303 0.9268 0.0000
vt 0.6539 0.9368 0.0000
vt 0.6544 0.9413 0.0000
vt 0.6343 0.9413 0.0000
vt 0.6584 0.9373 0.0000
vt 0.6584 0.9268 0.0000
vt 0.6560 0.9234 0.0000
vt 0.6578 0.9251 0.0000
vt 0.6309 0.9251 0.0000
vt 0.6327 0.9234 0.0000
vt 0.6327 0.9406 0.0000
vt 0.6309 0.9389 0.0000
vt 0.6578 0.9389 0.0000
vt 0.6560 0.9406 0.0000
vt 0.4504 0.8756 0.0000
vt 0.4522 0.8756 0.0000
vt 0.4522 0.8842 0.0000
vt 0.4504 0.8842 0.0000
vt 0.7184 0.7229 0.0000
vt 0.7202 0.7229 0.0000
vt 0.7202 0.7317 0.0000
vt 0.7184 0.7317 0.0000
vt 0.6450 0.3014 0.0000
vt 0.6467 0.3014 0.0000
vt 0.6467 0.3099 0.0000
vt 0.6450 0.3099 0.0000
vt 0.4345 0.8756 0.0000
vt 0.4363 0.8756 0.0000
vt 0.4363 0.8842 0.0000
vt 0.4345 0.8842 0.0000
vt 0.7167 0.7229 0.0000
vt 0.7167 0.7317 0.0000
vt 0.5902 0.2278 0.0000
vt 0.5902 0.2362 0.0000
vt 0.6705 0.3014 0.0000
vt 0.6705 0.3099 0.0000
vt 0.6418 0.2496 0.0000
vt 0.6435 0.2496 0.0000
vt 0.6435 0.2581 0.0000
vt 0.6418 0.2581 0.0000
vt 0.5763 0.2278 0.0000
vt 0.5763 0.2362 0.0000
vt 0.4717 0.9513 0.0000
vt 0.4674 0.9395 0.0000
vt 0.4875 0.9395 0.0000
vt 0.4674 0.9473 0.0000
vt 0.4634 0.9618 0.0000
vt 0.4634 0.9513 0.0000
vt 0.4694 0.9536 0.0000
vt 0.4694 0.9596 0.0000
vt 0.4875 0.9659 0.0000
vt 0.4674 0.9659 0.0000
vt 0.4717 0.9619 0.0000
vt 0.4832 0.9619 0.0000
vt 0.4855 0.9536 0.0000
vt 0.4916 0.9618 0.0000
vt 0.4855 0.9596 0.0000
vt 0.4916 0.9513 0.0000
vt 0.4892 0.9480 0.0000
vt 0.4909 0.9497 0.0000
vt 0.4851 0.9527 0.0000
vt 0.4841 0.9517 0.0000
vt 0.4875 0.9473 0.0000
vt 0.4698 0.9527 0.0000
vt 0.4658 0.9480 0.0000
vt 0.4641 0.9497 0.0000
vt 0.4658 0.9652 0.0000
vt 0.4641 0.9635 0.0000
vt 0.4698 0.9605 0.0000
vt 0.4708 0.9615 0.0000
vt 0.4851 0.9605 0.0000
vt 0.4892 0.9652 0.0000
vt 0.4909 0.9635 0.0000
vt 0.4832 0.9513 0.0000
vt 0.4708 0.9517 0.0000
vt 0.4841 0.9615 0.0000
vt 0.6935 0.7290 0.0000
vt 0.7051 0.7290 0.0000
vt 0.7051 0.7302 0.0000
vt 0.6935 0.7302 0.0000
vt 0.0232 0.9370 0.0000
vt 0.0296 0.9370 0.0000
vt 0.0296 0.9383 0.0000
vt 0.0232 0.9383 0.0000
vt 0.7051 0.7334 0.0000
vt 0.6935 0.7334 0.0000
vt 0.6935 0.7321 0.0000
vt 0.7051 0.7321 0.0000
vt 0.0443 0.9566 0.0000
vt 0.0507 0.9566 0.0000
vt 0.0507 0.9579 0.0000
vt 0.0443 0.9579 0.0000
vt 0.0423 0.9566 0.0000
vt 0.0433 0.9566 0.0000
vt 0.0433 0.9579 0.0000
vt 0.0423 0.9579 0.0000
vt 0.0306 0.9370 0.0000
vt 0.0316 0.9370 0.0000
vt 0.0316 0.9383 0.0000
vt 0.0306 0.9383 0.0000
vt 0.0212 0.9370 0.0000
vt 0.0222 0.9370 0.0000
vt 0.0222 0.9383 0.0000
vt 0.0212 0.9383 0.0000
vt 0.0516 0.9566 0.0000
vt 0.0527 0.9566 0.0000
vt 0.0527 0.9579 0.0000
vt 0.0516 0.9579 0.0000
vt 0.7060 0.7290 0.0000
vt 0.7060 0.7302 0.0000
vt 0.6926 0.7334 0.0000
vt 0.6926 0.7321 0.0000
vt 0.6926 0.7290 0.0000
vt 0.6926 0.7302 0.0000
vt 0.7060 0.7334 0.0000
vt 0.7060 0.7321 0.0000
vt 0.7618 0.6646 0.0000
vt 0.7637 0.6660 0.0000
vt 0.7641 0.6669 0.0000
vt 0.7618 0.6752 0.0000
vt 0.7641 0.6729 0.0000
vt 0.7637 0.6738 0.0000
vt 0.7628 0.6748 0.0000
vt 0.7485 0.6738 0.0000
vt 0.7504 0.6752 0.0000
vt 0.7494 0.6748 0.0000
vt 0.7481 0.6729 0.0000
vt 0.7504 0.6646 0.0000
vt 0.7481 0.6669 0.0000
vt 0.7485 0.6660 0.0000
vt 0.7494 0.6650 0.0000
vt 0.7628 0.6650 0.0000
vt 0.7999 0.2809 0.0000
vt 0.7999 0.2892 0.0000
vt 0.7921 0.2892 0.0000
vt 0.7921 0.2809 0.0000
vt 0.2180 0.5356 0.0000
vt 0.2180 0.5272 0.0000
vt 0.2258 0.5272 0.0000
vt 0.2258 0.5356 0.0000
vt 0.6343 0.9150 0.0000
vt 0.6544 0.9150 0.0000
vt 0.7305 0.1198 0.0000
vt 0.7628 0.1198 0.0000
vt 0.7628 0.1241 0.0000
vt 0.7305 0.1241 0.0000
vt 0.7003 0.1198 0.0000
vt 0.7003 0.1241 0.0000
vt 0.6744 0.1198 0.0000
vt 0.6744 0.1241 0.0000
vt 0.7549 0.2571 0.0000
vt 0.7549 0.2831 0.0000
vt 0.7506 0.2831 0.0000
vt 0.7506 0.2571 0.0000
vt 0.7549 0.2269 0.0000
vt 0.7506 0.2269 0.0000
vt 0.7506 0.1983 0.0000
vt 0.7549 0.1983 0.0000
vt 0.7611 0.2545 0.0000
vt 0.7611 0.2831 0.0000
vt 0.7568 0.2831 0.0000
vt 0.7568 0.2545 0.0000
vt 0.7611 0.2242 0.0000
vt 0.7568 0.2242 0.0000
vt 0.7568 0.1983 0.0000
vt 0.7611 0.1983 0.0000
vt 0.8254 0.1198 0.0000
vt 0.8512 0.1198 0.0000
vt 0.8512 0.1241 0.0000
vt 0.8254 0.1241 0.0000
vt 0.7952 0.1198 0.0000
vt 0.7952 0.1241 0.0000
vt 0.2032 0.7165 0.0000
vt 0.2032 0.4879 0.0000
vt 0.2071 0.4879 0.0000
vt 0.2071 0.7165 0.0000
vt 0.5346 0.5861 0.0000
vt 0.5240 0.6117 0.0000
vt 0.5072 0.6337 0.0000
vt 0.4437 0.6637 0.0000
vt 0.4852 0.6505 0.0000
vt 0.4596 0.6611 0.0000
vt 0.4852 0.4667 0.0000
vt 0.4438 0.4536 0.0000
vt 0.4596 0.4561 0.0000
vt 0.5072 0.4836 0.0000
vt 0.5240 0.5056 0.0000
vt 0.5346 0.5312 0.0000
vt 0.5383 0.5586 0.0000
vt 0.0020 0.8364 0.0000
vt 0.0320 0.8998 0.0000
vt 0.0152 0.8779 0.0000
vt 0.0046 0.8523 0.0000
vt 0.0540 0.9167 0.0000
vt 0.1990 0.8779 0.0000
vt 0.2121 0.8364 0.0000
vt 0.2096 0.8523 0.0000
vt 0.1821 0.8998 0.0000
vt 0.1601 0.9167 0.0000
vt 0.1345 0.9273 0.0000
vt 0.1071 0.9309 0.0000
vt 0.0796 0.9273 0.0000
vt 0.6046 0.2929 0.0000
vt 0.6085 0.3224 0.0000
vt 0.6003 0.3224 0.0000
vt 0.5967 0.2950 0.0000
vt 0.6046 0.3520 0.0000
vt 0.5967 0.3499 0.0000
vt 0.5932 0.3796 0.0000
vt 0.5861 0.3755 0.0000
vt 0.5750 0.4032 0.0000
vt 0.5693 0.3975 0.0000
vt 0.5513 0.4214 0.0000
vt 0.5473 0.4143 0.0000
vt 0.5238 0.4328 0.0000
vt 0.5217 0.4249 0.0000
vt 0.4977 0.4367 0.0000
vt 0.5058 0.4275 0.0000
vt 0.4977 0.2081 0.0000
vt 0.5058 0.2174 0.0000
vt 0.5238 0.2120 0.0000
vt 0.5217 0.2199 0.0000
vt 0.5513 0.2235 0.0000
vt 0.5473 0.2305 0.0000
vt 0.5750 0.2416 0.0000
vt 0.5693 0.2474 0.0000
vt 0.5932 0.2653 0.0000
vt 0.5861 0.2694 0.0000
vt 0.7838 0.1046 0.0000
vt 0.7542 0.1089 0.0000
vt 0.7563 0.1010 0.0000
vt 0.7838 0.1127 0.0000
vt 0.7267 0.0974 0.0000
vt 0.7308 0.0904 0.0000
vt 0.7030 0.0793 0.0000
vt 0.7088 0.0735 0.0000
vt 0.6848 0.0556 0.0000
vt 0.6919 0.0515 0.0000
vt 0.6734 0.0280 0.0000
vt 0.6813 0.0259 0.0000
vt 0.6695 0.0020 0.0000
vt 0.6787 0.0101 0.0000
vt 0.8981 0.0020 0.0000
vt 0.8889 0.0101 0.0000
vt 0.8942 0.0280 0.0000
vt 0.8863 0.0259 0.0000
vt 0.8828 0.0556 0.0000
vt 0.8757 0.0515 0.0000
vt 0.8646 0.0793 0.0000
vt 0.8589 0.0735 0.0000
vt 0.8410 0.0974 0.0000
vt 0.8369 0.0904 0.0000
vt 0.8134 0.1089 0.0000
vt 0.8113 0.1010 0.0000
vt 0.2189 0.7810 0.0000
vt 0.2189 0.8113 0.0000
vt 0.2180 0.8113 0.0000
vt 0.2180 0.7810 0.0000
vt 0.2189 0.8416 0.0000
vt 0.2180 0.8416 0.0000
vt 0.2189 0.8699 0.0000
vt 0.2180 0.8699 0.0000
vt 0.2189 0.8941 0.0000
vt 0.2180 0.8941 0.0000
vt 0.3603 0.4879 0.0000
vt 0.3850 0.4879 0.0000
vt 0.3850 0.4889 0.0000
vt 0.3603 0.4889 0.0000
vt 0.4137 0.4879 0.0000
vt 0.4137 0.4889 0.0000
vt 0.4315 0.4879 0.0000
vt 0.4315 0.4889 0.0000
vt 0.4281 0.4830 0.0000
vt 0.2180 0.4839 0.0000
vt 0.2180 0.4830 0.0000
vt 0.4281 0.4839 0.0000
vt 0.7407 0.1060 0.0000
vt 0.7229 0.1060 0.0000
vt 0.7229 0.1051 0.0000
vt 0.7407 0.1051 0.0000
vt 0.6942 0.1060 0.0000
vt 0.6942 0.1051 0.0000
vt 0.6695 0.1060 0.0000
vt 0.6695 0.1051 0.0000
vt 0.2189 0.7284 0.0000
vt 0.2189 0.7527 0.0000
vt 0.2180 0.7527 0.0000
vt 0.2180 0.7284 0.0000
vt 0.4290 0.7573 0.0000
vt 0.4290 0.7270 0.0000
vt 0.4300 0.7270 0.0000
vt 0.4300 0.7573 0.0000
vt 0.4290 0.6987 0.0000
vt 0.4300 0.6987 0.0000
vt 0.4290 0.6744 0.0000
vt 0.4300 0.6744 0.0000
vt 0.3505 0.2032 0.0000
vt 0.3751 0.2032 0.0000
vt 0.3751 0.2042 0.0000
vt 0.3505 0.2042 0.0000
vt 0.4039 0.2032 0.0000
vt 0.4039 0.2042 0.0000
vt 0.4216 0.2032 0.0000
vt 0.4216 0.2042 0.0000
vt 0.9158 0.2121 0.0000
vt 0.9150 0.0020 0.0000
vt 0.9158 0.0020 0.0000
vt 0.9150 0.2121 0.0000
vt 0.6867 0.3220 0.0000
vt 0.6689 0.3220 0.0000
vt 0.6689 0.3210 0.0000
vt 0.6867 0.3210 0.0000
vt 0.6402 0.3220 0.0000
vt 0.6402 0.3210 0.0000
vt 0.6155 0.3220 0.0000
vt 0.6155 0.3210 0.0000
vt 0.4290 0.8401 0.0000
vt 0.4290 0.8159 0.0000
vt 0.4300 0.8159 0.0000
vt 0.4300 0.8401 0.0000
vt 0.4290 0.7876 0.0000
vt 0.4300 0.7876 0.0000
vt 0.6403 0.6794 0.0000
vt 0.6403 0.6854 0.0000
vt 0.6303 0.6854 0.0000
vt 0.6303 0.6794 0.0000
vt 0.5714 0.5763 0.0000
vt 0.5814 0.5763 0.0000
vt 0.5814 0.5823 0.0000
vt 0.5714 0.5823 0.0000
vt 0.5512 0.9414 0.0000
vt 0.5512 0.9389 0.0000
vt 0.5607 0.9389 0.0000
vt 0.5607 0.9414 0.0000
vt 0.7284 0.5480 0.0000
vt 0.7284 0.5419 0.0000
vt 0.7392 0.5419 0.0000
vt 0.7392 0.5480 0.0000
vt 0.4489 0.8570 0.0000
vt 0.4388 0.8570 0.0000
vt 0.4388 0.8462 0.0000
vt 0.4489 0.8462 0.0000
vt 0.6509 0.6303 0.0000
vt 0.6509 0.6363 0.0000
vt 0.6401 0.6363 0.0000
vt 0.6401 0.6303 0.0000
vt 0.4388 0.8610 0.0000
vt 0.4489 0.8610 0.0000
vt 0.4451 0.8616 0.0000
vt 0.4427 0.8616 0.0000
vt 0.4489 0.8718 0.0000
vt 0.4451 0.8711 0.0000
vt 0.4388 0.8718 0.0000
vt 0.4427 0.8711 0.0000
vt 0.6191 0.6246 0.0000
vt 0.6191 0.6271 0.0000
vt 0.6182 0.6271 0.0000
vt 0.6182 0.6246 0.0000
vt 0.5512 0.9433 0.0000
vt 0.5607 0.9433 0.0000
vt 0.5607 0.9441 0.0000
vt 0.5512 0.9441 0.0000
vt 0.0551 0.9726 0.0000
vt 0.0551 0.9751 0.0000
vt 0.0542 0.9751 0.0000
vt 0.0542 0.9726 0.0000
vt 0.5512 0.9460 0.0000
vt 0.5607 0.9460 0.0000
vt 0.5607 0.9469 0.0000
vt 0.5512 0.9469 0.0000
vt 0.5841 0.9396 0.0000
vt 0.5853 0.9408 0.0000
vt 0.5845 0.9404 0.0000
vt 0.5853 0.9375 0.0000
vt 0.5841 0.9387 0.0000
vt 0.5845 0.9379 0.0000
vt 0.5869 0.9379 0.0000
vt 0.5862 0.9375 0.0000
vt 0.5874 0.9387 0.0000
vt 0.5874 0.9396 0.0000
vt 0.5870 0.9403 0.0000
vt 0.5862 0.9408 0.0000
vt 0.3768 0.6492 0.0000
vt 0.3768 0.6501 0.0000
vt 0.3639 0.6501 0.0000
vt 0.3639 0.6492 0.0000
vt 0.6701 0.6380 0.0000
vt 0.6701 0.6374 0.0000
vt 0.6831 0.6374 0.0000
vt 0.6831 0.6380 0.0000
vt 0.6701 0.6365 0.0000
vt 0.6831 0.6365 0.0000
vt 0.6701 0.6356 0.0000
vt 0.6831 0.6356 0.0000
vt 0.6701 0.6350 0.0000
vt 0.6831 0.6350 0.0000
vt 0.6926 0.7370 0.0000
vt 0.6926 0.7361 0.0000
vt 0.7055 0.7361 0.0000
vt 0.7055 0.7370 0.0000
vt 0.6926 0.7353 0.0000
vt 0.7055 0.7353 0.0000
vt 0.3769 0.6421 0.0000
vt 0.3769 0.6427 0.0000
vt 0.3639 0.6427 0.0000
vt 0.3639 0.6421 0.0000
vt 0.3769 0.6436 0.0000
vt 0.3639 0.6436 0.0000
vt 0.3769 0.6445 0.0000
vt 0.3639 0.6445 0.0000
vt 0.3769 0.6451 0.0000
vt 0.3639 0.6451 0.0000
vt 0.3768 0.6484 0.0000
vt 0.3639 0.6484 0.0000
vt 0.2572 0.7297 0.0000
vt 0.2577 0.7289 0.0000
vt 0.2584 0.7285 0.0000
vt 0.2593 0.7284 0.0000
vt 0.2601 0.7289 0.0000
vt 0.2606 0.7296 0.0000
vt 0.2606 0.7305 0.0000
vt 0.2602 0.7313 0.0000
vt 0.2585 0.7318 0.0000
vt 0.2594 0.7318 0.0000
vt 0.2572 0.7306 0.0000
vt 0.2577 0.7314 0.0000
vt 0.5861 0.5833 0.0000
vt 0.5874 0.5846 0.0000
vt 0.5866 0.5841 0.0000
vt 0.5873 0.5812 0.0000
vt 0.5861 0.5824 0.0000
vt 0.5865 0.5817 0.0000
vt 0.5895 0.5833 0.0000
vt 0.5882 0.5812 0.0000
vt 0.5890 0.5816 0.0000
vt 0.5894 0.5824 0.0000
vt 0.5883 0.5845 0.0000
vt 0.5890 0.5841 0.0000
vt 0.7316 0.4182 0.0000
vt 0.7316 0.4191 0.0000
vt 0.7186 0.4191 0.0000
vt 0.7186 0.4182 0.0000
vt 0.7316 0.4197 0.0000
vt 0.7186 0.4197 0.0000
vt 0.7316 0.4206 0.0000
vt 0.7186 0.4206 0.0000
vt 0.7316 0.4215 0.0000
vt 0.7186 0.4215 0.0000
vt 0.7316 0.4221 0.0000
vt 0.7186 0.4221 0.0000
vt 0.7316 0.4230 0.0000
vt 0.7186 0.4230 0.0000
vt 0.7316 0.4239 0.0000
vt 0.7186 0.4239 0.0000
vt 0.7316 0.4143 0.0000
vt 0.7316 0.4149 0.0000
vt 0.7186 0.4149 0.0000
vt 0.7186 0.4143 0.0000
vt 0.7316 0.4158 0.0000
vt 0.7186 0.4158 0.0000
vt 0.7316 0.4167 0.0000
vt 0.7186 0.4167 0.0000
vt 0.7316 0.4173 0.0000
vt 0.7186 0.4173 0.0000
vt 0.7506 0.2863 0.0000
vt 0.7511 0.2855 0.0000
vt 0.7518 0.2850 0.0000
vt 0.7527 0.2850 0.0000
vt 0.7535 0.2854 0.0000
vt 0.7540 0.2862 0.0000
vt 0.7540 0.2871 0.0000
vt 0.7536 0.2879 0.0000
vt 0.7519 0.2884 0.0000
vt 0.7528 0.2884 0.0000
vt 0.7511 0.2879 0.0000
vt 0.7507 0.2872 0.0000
vt 0.4437 0.6974 0.0000
vt 0.4437 0.6744 0.0000
vt 0.4467 0.6744 0.0000
vt 0.4467 0.6974 0.0000
vt 0.2865 0.7278 0.0000
vt 0.2641 0.7404 0.0000
vt 0.2624 0.7383 0.0000
vt 0.2855 0.7252 0.0000
vt 0.2159 0.9542 0.0000
vt 0.2382 0.9542 0.0000
vt 0.2382 0.9572 0.0000
vt 0.2159 0.9572 0.0000
vt 0.5769 0.4126 0.0000
vt 0.5980 0.3971 0.0000
vt 0.5990 0.3996 0.0000
vt 0.5752 0.4105 0.0000
vt 0.4437 0.7242 0.0000
vt 0.4467 0.7242 0.0000
vt 0.3114 0.7213 0.0000
vt 0.3111 0.7186 0.0000
vt 0.1898 0.9542 0.0000
vt 0.1898 0.9572 0.0000
vt 0.5588 0.4310 0.0000
vt 0.5566 0.4293 0.0000
vt 0.4437 0.7530 0.0000
vt 0.4467 0.7530 0.0000
vt 0.3375 0.7188 0.0000
vt 0.3371 0.7215 0.0000
vt 0.1618 0.9542 0.0000
vt 0.1618 0.9572 0.0000
vt 0.5436 0.4523 0.0000
vt 0.5462 0.4534 0.0000
vt 0.4437 0.7817 0.0000
vt 0.4467 0.7817 0.0000
vt 0.3619 0.7284 0.0000
vt 0.3630 0.7259 0.0000
vt 0.1339 0.9542 0.0000
vt 0.1339 0.9572 0.0000
vt 0.5397 0.4783 0.0000
vt 0.5370 0.4779 0.0000
vt 0.4437 0.8085 0.0000
vt 0.4467 0.8085 0.0000
vt 0.3858 0.7393 0.0000
vt 0.3841 0.7415 0.0000
vt 0.1078 0.9542 0.0000
vt 0.1078 0.9572 0.0000
vt 0.5372 0.5044 0.0000
vt 0.5399 0.5040 0.0000
vt 0.4437 0.8315 0.0000
vt 0.4467 0.8315 0.0000
vt 0.4043 0.7582 0.0000
vt 0.4021 0.7598 0.0000
vt 0.0854 0.9542 0.0000
vt 0.0854 0.9572 0.0000
vt 0.5443 0.5299 0.0000
vt 0.5468 0.5288 0.0000
vt 0.4536 0.6974 0.0000
vt 0.4536 0.6744 0.0000
vt 0.4565 0.6744 0.0000
vt 0.4565 0.6974 0.0000
vt 0.4173 0.7812 0.0000
vt 0.4148 0.7822 0.0000
vt 0.2453 0.9346 0.0000
vt 0.2677 0.9346 0.0000
vt 0.2677 0.9375 0.0000
vt 0.2453 0.9375 0.0000
vt 0.5577 0.5526 0.0000
vt 0.5599 0.5510 0.0000
vt 0.4536 0.7242 0.0000
vt 0.4565 0.7242 0.0000
vt 0.4239 0.8068 0.0000
vt 0.4212 0.8071 0.0000
vt 0.2193 0.9346 0.0000
vt 0.2193 0.9375 0.0000
vt 0.5766 0.5712 0.0000
vt 0.5782 0.5690 0.0000
vt 0.4536 0.7530 0.0000
vt 0.4565 0.7530 0.0000
vt 0.4210 0.8329 0.0000
vt 0.4237 0.8332 0.0000
vt 0.1913 0.9346 0.0000
vt 0.1913 0.9375 0.0000
vt 0.6006 0.5817 0.0000
vt 0.5996 0.5842 0.0000
vt 0.4536 0.7817 0.0000
vt 0.4565 0.7817 0.0000
vt 0.4141 0.8576 0.0000
vt 0.4166 0.8587 0.0000
vt 0.1633 0.9346 0.0000
vt 0.1633 0.9375 0.0000
vt 0.6255 0.5881 0.0000
vt 0.6252 0.5908 0.0000
vt 0.4536 0.8085 0.0000
vt 0.4565 0.8085 0.0000
vt 0.4032 0.8815 0.0000
vt 0.4011 0.8798 0.0000
vt 0.1373 0.9346 0.0000
vt 0.1373 0.9375 0.0000
vt 0.6516 0.5906 0.0000
vt 0.6513 0.5879 0.0000
vt 0.4536 0.8315 0.0000
vt 0.4565 0.8315 0.0000
vt 0.3844 0.9000 0.0000
vt 0.3827 0.8979 0.0000
vt 0.1149 0.9346 0.0000
vt 0.1149 0.9375 0.0000
vt 0.6771 0.5835 0.0000
vt 0.6760 0.5810 0.0000
vt 0.4634 0.6974 0.0000
vt 0.4634 0.6744 0.0000
vt 0.4663 0.6744 0.0000
vt 0.4663 0.6974 0.0000
vt 0.3613 0.9130 0.0000
vt 0.3603 0.9105 0.0000
vt 0.2846 0.9248 0.0000
vt 0.3070 0.9248 0.0000
vt 0.3070 0.9277 0.0000
vt 0.2846 0.9277 0.0000
vt 0.6999 0.5701 0.0000
vt 0.6982 0.5679 0.0000
vt 0.4634 0.7242 0.0000
vt 0.4663 0.7242 0.0000
vt 0.3357 0.9197 0.0000
vt 0.3354 0.9170 0.0000
vt 0.2585 0.9248 0.0000
vt 0.2585 0.9277 0.0000
vt 0.7184 0.5512 0.0000
vt 0.7162 0.5496 0.0000
vt 0.4634 0.7530 0.0000
vt 0.4663 0.7530 0.0000
vt 0.3093 0.9194 0.0000
vt 0.3097 0.9167 0.0000
vt 0.2306 0.9248 0.0000
vt 0.2306 0.9277 0.0000
vt 0.7314 0.5282 0.0000
vt 0.7289 0.5272 0.0000
vt 0.4634 0.7817 0.0000
vt 0.4663 0.7817 0.0000
vt 0.2838 0.9124 0.0000
vt 0.2849 0.9099 0.0000
vt 0.2026 0.9248 0.0000
vt 0.2026 0.9277 0.0000
vt 0.7381 0.5026 0.0000
vt 0.7354 0.5023 0.0000
vt 0.4634 0.8085 0.0000
vt 0.4663 0.8085 0.0000
vt 0.2610 0.8990 0.0000
vt 0.2627 0.8968 0.0000
vt 0.1765 0.9248 0.0000
vt 0.1765 0.9277 0.0000
vt 0.7378 0.4762 0.0000
vt 0.7351 0.4766 0.0000
vt 0.4634 0.8315 0.0000
vt 0.4663 0.8315 0.0000
vt 0.2425 0.8801 0.0000
vt 0.2447 0.8785 0.0000
vt 0.1542 0.9248 0.0000
vt 0.1542 0.9277 0.0000
vt 0.7308 0.4507 0.0000
vt 0.7283 0.4518 0.0000
vt 0.4339 0.6974 0.0000
vt 0.4339 0.6744 0.0000
vt 0.4369 0.6744 0.0000
vt 0.4369 0.6974 0.0000
vt 0.2295 0.8571 0.0000
vt 0.2320 0.8561 0.0000
vt 0.2159 0.9444 0.0000
vt 0.2382 0.9444 0.0000
vt 0.2382 0.9474 0.0000
vt 0.2159 0.9474 0.0000
vt 0.7173 0.4279 0.0000
vt 0.7152 0.4296 0.0000
vt 0.4339 0.7242 0.0000
vt 0.4369 0.7242 0.0000
vt 0.2229 0.8315 0.0000
vt 0.2256 0.8312 0.0000
vt 0.1898 0.9444 0.0000
vt 0.1898 0.9474 0.0000
vt 0.6985 0.4094 0.0000
vt 0.6968 0.4116 0.0000
vt 0.4339 0.7530 0.0000
vt 0.4369 0.7530 0.0000
vt 0.2231 0.8050 0.0000
vt 0.2258 0.8054 0.0000
vt 0.1618 0.9444 0.0000
vt 0.1618 0.9474 0.0000
vt 0.6755 0.3964 0.0000
vt 0.6745 0.3989 0.0000
vt 0.4339 0.7817 0.0000
vt 0.4369 0.7817 0.0000
vt 0.2327 0.7806 0.0000
vt 0.2302 0.7796 0.0000
vt 0.1339 0.9444 0.0000
vt 0.1339 0.9474 0.0000
vt 0.6495 0.3925 0.0000
vt 0.6499 0.3898 0.0000
vt 0.4339 0.8085 0.0000
vt 0.4369 0.8085 0.0000
vt 0.2457 0.7585 0.0000
vt 0.2436 0.7568 0.0000
vt 0.1078 0.9444 0.0000
vt 0.1078 0.9474 0.0000
vt 0.6238 0.3927 0.0000
vt 0.6234 0.3900 0.0000
vt 0.4339 0.8315 0.0000
vt 0.4369 0.8315 0.0000
vt 0.0854 0.9444 0.0000
vt 0.0854 0.9474 0.0000
vt 0.2839 0.7711 0.0000
vt 0.2675 0.7711 0.0000
vt 0.2675 0.7681 0.0000
vt 0.2839 0.7681 0.0000
vt 0.8437 0.4043 0.0000
vt 0.8526 0.4201 0.0000
vt 0.8505 0.4218 0.0000
vt 0.8411 0.4053 0.0000
vt 0.5865 0.4502 0.0000
vt 0.5865 0.4344 0.0000
vt 0.5895 0.4344 0.0000
vt 0.5895 0.4502 0.0000
vt 0.7450 0.6865 0.0000
vt 0.7600 0.6978 0.0000
vt 0.7578 0.6995 0.0000
vt 0.7467 0.6843 0.0000
vt 0.3030 0.7711 0.0000
vt 0.3030 0.7681 0.0000
vt 0.8364 0.3870 0.0000
vt 0.8391 0.3867 0.0000
vt 0.5865 0.4685 0.0000
vt 0.5895 0.4685 0.0000
vt 0.7304 0.6747 0.0000
vt 0.7294 0.6773 0.0000
vt 0.3235 0.7711 0.0000
vt 0.3235 0.7681 0.0000
vt 0.8366 0.3681 0.0000
vt 0.8393 0.3685 0.0000
vt 0.5865 0.4882 0.0000
vt 0.5895 0.4882 0.0000
vt 0.7122 0.6697 0.0000
vt 0.7118 0.6724 0.0000
vt 0.3440 0.7711 0.0000
vt 0.3440 0.7681 0.0000
vt 0.8441 0.3510 0.0000
vt 0.8416 0.3499 0.0000
vt 0.5865 0.5079 0.0000
vt 0.5895 0.5079 0.0000
vt 0.6936 0.6722 0.0000
vt 0.6933 0.6695 0.0000
vt 0.3630 0.7711 0.0000
vt 0.3630 0.7681 0.0000
vt 0.8534 0.3353 0.0000
vt 0.8512 0.3336 0.0000
vt 0.5865 0.5263 0.0000
vt 0.5895 0.5263 0.0000
vt 0.6760 0.6768 0.0000
vt 0.6750 0.6743 0.0000
vt 0.3794 0.7711 0.0000
vt 0.3794 0.7681 0.0000
vt 0.8647 0.3204 0.0000
vt 0.8663 0.3225 0.0000
vt 0.5865 0.5421 0.0000
vt 0.5895 0.5421 0.0000
vt 0.6586 0.6836 0.0000
vt 0.6602 0.6858 0.0000
vt 0.2839 0.7808 0.0000
vt 0.2675 0.7808 0.0000
vt 0.2675 0.7778 0.0000
vt 0.2839 0.7778 0.0000
vt 0.8812 0.3110 0.0000
vt 0.8822 0.3136 0.0000
vt 0.5817 0.4502 0.0000
vt 0.5817 0.4344 0.0000
vt 0.5846 0.4344 0.0000
vt 0.5846 0.4502 0.0000
vt 0.6451 0.6968 0.0000
vt 0.6472 0.6985 0.0000
vt 0.3030 0.7808 0.0000
vt 0.3030 0.7778 0.0000
vt 0.8995 0.3063 0.0000
vt 0.8998 0.3090 0.0000
vt 0.5817 0.4685 0.0000
vt 0.5846 0.4685 0.0000
vt 0.6355 0.7131 0.0000
vt 0.6380 0.7142 0.0000
vt 0.3235 0.7808 0.0000
vt 0.3235 0.7778 0.0000
vt 0.9180 0.3092 0.0000
vt 0.9184 0.3065 0.0000
vt 0.5817 0.4882 0.0000
vt 0.5846 0.4882 0.0000
vt 0.6331 0.7317 0.0000
vt 0.6304 0.7313 0.0000
vt 0.3440 0.7808 0.0000
vt 0.3440 0.7778 0.0000
vt 0.9366 0.3115 0.0000
vt 0.9355 0.3140 0.0000
vt 0.5817 0.5079 0.0000
vt 0.5846 0.5079 0.0000
vt 0.6303 0.7502 0.0000
vt 0.6330 0.7499 0.0000
vt 0.3630 0.7808 0.0000
vt 0.3630 0.7778 0.0000
vt 0.9529 0.3211 0.0000
vt 0.9512 0.3233 0.0000
vt 0.5817 0.5263 0.0000
vt 0.5846 0.5263 0.0000
vt 0.6350 0.7685 0.0000
vt 0.6375 0.7675 0.0000
vt 0.3794 0.7808 0.0000
vt 0.3794 0.7778 0.0000
vt 0.9639 0.3362 0.0000
vt 0.9661 0.3346 0.0000
vt 0.5817 0.5421 0.0000
vt 0.5846 0.5421 0.0000
vt 0.6465 0.7833 0.0000
vt 0.6443 0.7850 0.0000
vt 0.2839 0.7759 0.0000
vt 0.2675 0.7759 0.0000
vt 0.2675 0.7730 0.0000
vt 0.2839 0.7730 0.0000
vt 0.9754 0.3511 0.0000
vt 0.9729 0.3521 0.0000
vt 0.5914 0.4502 0.0000
vt 0.5914 0.4344 0.0000
vt 0.5943 0.4344 0.0000
vt 0.5943 0.4502 0.0000
vt 0.6576 0.7985 0.0000
vt 0.6592 0.7963 0.0000
vt 0.3030 0.7759 0.0000
vt 0.3030 0.7730 0.0000
vt 0.9802 0.3694 0.0000
vt 0.9775 0.3697 0.0000
vt 0.5914 0.4685 0.0000
vt 0.5943 0.4685 0.0000
vt 0.6738 0.8081 0.0000
vt 0.6749 0.8055 0.0000
vt 0.3235 0.7759 0.0000
vt 0.3235 0.7730 0.0000
vt 0.9800 0.3883 0.0000
vt 0.9773 0.3879 0.0000
vt 0.5914 0.4882 0.0000
vt 0.5943 0.4882 0.0000
vt 0.6921 0.8131 0.0000
vt 0.6924 0.8104 0.0000
vt 0.3440 0.7759 0.0000
vt 0.3440 0.7730 0.0000
vt 0.9724 0.4054 0.0000
vt 0.9749 0.4065 0.0000
vt 0.5914 0.5079 0.0000
vt 0.5943 0.5079 0.0000
vt 0.7106 0.8106 0.0000
vt 0.7110 0.8133 0.0000
vt 0.3630 0.7759 0.0000
vt 0.3630 0.7730 0.0000
vt 0.9653 0.4228 0.0000
vt 0.9632 0.4211 0.0000
vt 0.5914 0.5263 0.0000
vt 0.5943 0.5263 0.0000
vt 0.7293 0.8085 0.0000
vt 0.7282 0.8060 0.0000
vt 0.3794 0.7759 0.0000
vt 0.3794 0.7730 0.0000
vt 0.9519 0.4360 0.0000
vt 0.9502 0.4338 0.0000
vt 0.5914 0.5421 0.0000
vt 0.5943 0.5421 0.0000
vt 0.7457 0.7992 0.0000
vt 0.7441 0.7971 0.0000
vt 0.2839 0.7662 0.0000
vt 0.2675 0.7662 0.0000
vt 0.2675 0.7633 0.0000
vt 0.2839 0.7633 0.0000
vt 0.9344 0.4428 0.0000
vt 0.9354 0.4453 0.0000
vt 0.5962 0.4502 0.0000
vt 0.5962 0.4344 0.0000
vt 0.5992 0.4344 0.0000
vt 0.5992 0.4502 0.0000
vt 0.7570 0.7843 0.0000
vt 0.7592 0.7860 0.0000
vt 0.3030 0.7662 0.0000
vt 0.3030 0.7633 0.0000
vt 0.9168 0.4474 0.0000
vt 0.9171 0.4501 0.0000
vt 0.5962 0.4685 0.0000
vt 0.5992 0.4685 0.0000
vt 0.7663 0.7686 0.0000
vt 0.7688 0.7697 0.0000
vt 0.3235 0.7662 0.0000
vt 0.3235 0.7633 0.0000
vt 0.8982 0.4499 0.0000
vt 0.8986 0.4472 0.0000
vt 0.5962 0.4882 0.0000
vt 0.5992 0.4882 0.0000
vt 0.7738 0.7515 0.0000
vt 0.7711 0.7511 0.0000
vt 0.3440 0.7662 0.0000
vt 0.3440 0.7633 0.0000
vt 0.8811 0.4423 0.0000
vt 0.8800 0.4448 0.0000
vt 0.5962 0.5079 0.0000
vt 0.5992 0.5079 0.0000
vt 0.7713 0.7329 0.0000
vt 0.7740 0.7326 0.0000
vt 0.3630 0.7662 0.0000
vt 0.3630 0.7633 0.0000
vt 0.8637 0.4352 0.0000
vt 0.8654 0.4331 0.0000
vt 0.5962 0.5263 0.0000
vt 0.5992 0.5263 0.0000
vt 0.7693 0.7143 0.0000
vt 0.7667 0.7153 0.0000
vt 0.3794 0.7662 0.0000
vt 0.3794 0.7633 0.0000
vt 0.5962 0.5421 0.0000
vt 0.5992 0.5421 0.0000
vt 0.9788 0.1924 0.0000
vt 0.9788 0.1836 0.0000
vt 0.9817 0.1836 0.0000
vt 0.9817 0.1924 0.0000
vt 0.6666 0.7470 0.0000
vt 0.6691 0.7561 0.0000
vt 0.6666 0.7572 0.0000
vt 0.6639 0.7473 0.0000
vt 0.2655 0.4879 0.0000
vt 0.2737 0.4879 0.0000
vt 0.2737 0.4908 0.0000
vt 0.2655 0.4908 0.0000
vt 0.9202 0.6032 0.0000
vt 0.9129 0.5961 0.0000
vt 0.9154 0.5950 0.0000
vt 0.9180 0.6049 0.0000
vt 0.9788 0.2026 0.0000
vt 0.9817 0.2026 0.0000
vt 0.6665 0.7374 0.0000
vt 0.6638 0.7371 0.0000
vt 0.2560 0.4879 0.0000
vt 0.2560 0.4908 0.0000
vt 0.9270 0.6099 0.0000
vt 0.9253 0.6120 0.0000
vt 0.9788 0.2136 0.0000
vt 0.9817 0.2136 0.0000
vt 0.6663 0.7272 0.0000
vt 0.6689 0.7282 0.0000
vt 0.2458 0.4879 0.0000
vt 0.2458 0.4908 0.0000
vt 0.9342 0.6171 0.0000
vt 0.9353 0.6145 0.0000
vt 0.9788 0.2246 0.0000
vt 0.9817 0.2246 0.0000
vt 0.6735 0.7200 0.0000
vt 0.6714 0.7183 0.0000
vt 0.2356 0.4879 0.0000
vt 0.2356 0.4908 0.0000
vt 0.9445 0.6169 0.0000
vt 0.9441 0.6196 0.0000
vt 0.9788 0.2348 0.0000
vt 0.9817 0.2348 0.0000
vt 0.6785 0.7110 0.0000
vt 0.6802 0.7132 0.0000
vt 0.2261 0.4879 0.0000
vt 0.2261 0.4908 0.0000
vt 0.9543 0.6195 0.0000
vt 0.9540 0.6168 0.0000
vt 0.9788 0.2436 0.0000
vt 0.9817 0.2436 0.0000
vt 0.6873 0.7059 0.0000
vt 0.6884 0.7084 0.0000
vt 0.2180 0.4879 0.0000
vt 0.2180 0.4908 0.0000
vt 0.9642 0.6168 0.0000
vt 0.9631 0.6143 0.0000
vt 0.3347 0.9522 0.0000
vt 0.3259 0.9522 0.0000
vt 0.3259 0.9493 0.0000
vt 0.3347 0.9493 0.0000
vt 0.6975 0.7058 0.0000
vt 0.6972 0.7031 0.0000
vt 0.8442 0.6435 0.0000
vt 0.8442 0.6516 0.0000
vt 0.8413 0.6516 0.0000
vt 0.8413 0.6435 0.0000
vt 0.9713 0.6095 0.0000
vt 0.9730 0.6116 0.0000
vt 0.3450 0.9522 0.0000
vt 0.3450 0.9493 0.0000
vt 0.7071 0.7057 0.0000
vt 0.7074 0.7030 0.0000
vt 0.8442 0.6340 0.0000
vt 0.8413 0.6340 0.0000
vt 0.9780 0.6027 0.0000
vt 0.9802 0.6043 0.0000
vt 0.3559 0.9522 0.0000
vt 0.3559 0.9493 0.0000
vt 0.7173 0.7056 0.0000
vt 0.7163 0.7081 0.0000
vt 0.8442 0.6238 0.0000
vt 0.8413 0.6238 0.0000
vt 0.9852 0.5954 0.0000
vt 0.9827 0.5944 0.0000
vt 0.3669 0.9522 0.0000
vt 0.3669 0.9493 0.0000
vt 0.7245 0.7128 0.0000
vt 0.7262 0.7106 0.0000
vt 0.8442 0.6136 0.0000
vt 0.8413 0.6136 0.0000
vt 0.9850 0.5852 0.0000
vt 0.9877 0.5855 0.0000
vt 0.3771 0.9522 0.0000
vt 0.3771 0.9493 0.0000
vt 0.7335 0.7178 0.0000
vt 0.7313 0.7195 0.0000
vt 0.8442 0.6041 0.0000
vt 0.8413 0.6041 0.0000
vt 0.9877 0.5753 0.0000
vt 0.9850 0.5757 0.0000
vt 0.3859 0.9522 0.0000
vt 0.3859 0.9493 0.0000
vt 0.7387 0.7266 0.0000
vt 0.7361 0.7277 0.0000
vt 0.8442 0.5959 0.0000
vt 0.8413 0.5959 0.0000
vt 0.9849 0.5655 0.0000
vt 0.9824 0.5665 0.0000
vt 0.9886 0.1924 0.0000
vt 0.9886 0.1836 0.0000
vt 0.9915 0.1836 0.0000
vt 0.9915 0.1924 0.0000
vt 0.7387 0.7368 0.0000
vt 0.7414 0.7364 0.0000
vt 0.6725 0.0839 0.0000
vt 0.6725 0.0921 0.0000
vt 0.6695 0.0921 0.0000
vt 0.6695 0.0839 0.0000
vt 0.9776 0.5583 0.0000
vt 0.9797 0.5567 0.0000
vt 0.9886 0.2026 0.0000
vt 0.9915 0.2026 0.0000
vt 0.7388 0.7463 0.0000
vt 0.7415 0.7467 0.0000
vt 0.6725 0.0744 0.0000
vt 0.6695 0.0744 0.0000
vt 0.9708 0.5517 0.0000
vt 0.9725 0.5495 0.0000
vt 0.9886 0.2136 0.0000
vt 0.9915 0.2136 0.0000
vt 0.7364 0.7555 0.0000
vt 0.7389 0.7565 0.0000
vt 0.6725 0.0642 0.0000
vt 0.6695 0.0642 0.0000
vt 0.9625 0.5470 0.0000
vt 0.9636 0.5445 0.0000
vt 0.9886 0.2246 0.0000
vt 0.9915 0.2246 0.0000
vt 0.7339 0.7654 0.0000
vt 0.7317 0.7638 0.0000
vt 0.6725 0.0540 0.0000
vt 0.6695 0.0540 0.0000
vt 0.9537 0.5419 0.0000
vt 0.9533 0.5446 0.0000
vt 0.9886 0.2348 0.0000
vt 0.9915 0.2348 0.0000
vt 0.7267 0.7727 0.0000
vt 0.7250 0.7706 0.0000
vt 0.6725 0.0445 0.0000
vt 0.6695 0.0445 0.0000
vt 0.9434 0.5420 0.0000
vt 0.9438 0.5447 0.0000
vt 0.9886 0.2436 0.0000
vt 0.9915 0.2436 0.0000
vt 0.7179 0.7779 0.0000
vt 0.7168 0.7754 0.0000
vt 0.6725 0.0364 0.0000
vt 0.6695 0.0364 0.0000
vt 0.9336 0.5447 0.0000
vt 0.9347 0.5472 0.0000
vt 0.9935 0.5556 0.0000
vt 0.9935 0.5468 0.0000
vt 0.9964 0.5468 0.0000
vt 0.9964 0.5556 0.0000
vt 0.7077 0.7780 0.0000
vt 0.7081 0.7806 0.0000
vt 0.4471 0.9444 0.0000
vt 0.4553 0.9444 0.0000
vt 0.4553 0.9473 0.0000
vt 0.4471 0.9473 0.0000
vt 0.9265 0.5521 0.0000
vt 0.9248 0.5499 0.0000
vt 0.9935 0.5658 0.0000
vt 0.9964 0.5658 0.0000
vt 0.6982 0.7780 0.0000
vt 0.6978 0.7807 0.0000
vt 0.4376 0.9444 0.0000
vt 0.4376 0.9473 0.0000
vt 0.9198 0.5589 0.0000
vt 0.9176 0.5572 0.0000
vt 0.9935 0.5768 0.0000
vt 0.9964 0.5768 0.0000
vt 0.6880 0.7782 0.0000
vt 0.6890 0.7757 0.0000
vt 0.4274 0.9444 0.0000
vt 0.4274 0.9473 0.0000
vt 0.9126 0.5661 0.0000
vt 0.9151 0.5671 0.0000
vt 0.9935 0.5878 0.0000
vt 0.9964 0.5878 0.0000
vt 0.6807 0.7710 0.0000
vt 0.6791 0.7731 0.0000
vt 0.4172 0.9444 0.0000
vt 0.4172 0.9473 0.0000
vt 0.9127 0.5763 0.0000
vt 0.9100 0.5760 0.0000
vt 0.9935 0.5980 0.0000
vt 0.9964 0.5980 0.0000
vt 0.6718 0.7660 0.0000
vt 0.6739 0.7643 0.0000
vt 0.4077 0.9444 0.0000
vt 0.4077 0.9473 0.0000
vt 0.9101 0.5862 0.0000
vt 0.9128 0.5858 0.0000
vt 0.9935 0.6068 0.0000
vt 0.9964 0.6068 0.0000
vt 0.3996 0.9444 0.0000
vt 0.3996 0.9473 0.0000
vt 0.9104 0.3577 0.0000
vt 0.9135 0.3577 0.0000
vt 0.9135 0.3606 0.0000
vt 0.9104 0.3606 0.0000
vt 0.5297 0.9433 0.0000
vt 0.5257 0.9417 0.0000
vt 0.5279 0.9401 0.0000
vt 0.5272 0.9443 0.0000
vt 0.6928 0.7515 0.0000
vt 0.6903 0.7515 0.0000
vt 0.6903 0.7487 0.0000
vt 0.6928 0.7487 0.0000
vt 0.5472 0.9326 0.0000
vt 0.5504 0.9307 0.0000
vt 0.5515 0.9332 0.0000
vt 0.5489 0.9347 0.0000
vt 0.9068 0.3577 0.0000
vt 0.9068 0.3606 0.0000
vt 0.5280 0.9472 0.0000
vt 0.5307 0.9469 0.0000
vt 0.6957 0.7515 0.0000
vt 0.6957 0.7487 0.0000
vt 0.5468 0.9368 0.0000
vt 0.5447 0.9352 0.0000
vt 0.9029 0.3577 0.0000
vt 0.9029 0.3606 0.0000
vt 0.5306 0.9506 0.0000
vt 0.5279 0.9502 0.0000
vt 0.6988 0.7515 0.0000
vt 0.6988 0.7487 0.0000
vt 0.5428 0.9384 0.0000
vt 0.5454 0.9394 0.0000
vt 0.8991 0.3577 0.0000
vt 0.8991 0.3606 0.0000
vt 0.5296 0.9541 0.0000
vt 0.5271 0.9530 0.0000
vt 0.7019 0.7515 0.0000
vt 0.7019 0.7487 0.0000
vt 0.5419 0.9420 0.0000
vt 0.5446 0.9423 0.0000
vt 0.8954 0.3577 0.0000
vt 0.8954 0.3606 0.0000
vt 0.5278 0.9573 0.0000
vt 0.5256 0.9556 0.0000
vt 0.7048 0.7515 0.0000
vt 0.7048 0.7487 0.0000
vt 0.5419 0.9456 0.0000
vt 0.5446 0.9453 0.0000
vt 0.8924 0.3577 0.0000
vt 0.8924 0.3606 0.0000
vt 0.5235 0.9577 0.0000
vt 0.5251 0.9599 0.0000
vt 0.7072 0.7515 0.0000
vt 0.7072 0.7487 0.0000
vt 0.5454 0.9481 0.0000
vt 0.5429 0.9492 0.0000
vt 0.8954 0.3748 0.0000
vt 0.8924 0.3748 0.0000
vt 0.8924 0.3720 0.0000
vt 0.8954 0.3720 0.0000
vt 0.5219 0.9617 0.0000
vt 0.5209 0.9591 0.0000
vt 0.9657 0.5950 0.0000
vt 0.9682 0.5950 0.0000
vt 0.9682 0.5979 0.0000
vt 0.9657 0.5979 0.0000
vt 0.5448 0.9524 0.0000
vt 0.5469 0.9507 0.0000
vt 0.8991 0.3748 0.0000
vt 0.8991 0.3720 0.0000
vt 0.5180 0.9599 0.0000
vt 0.5184 0.9626 0.0000
vt 0.9629 0.5950 0.0000
vt 0.9629 0.5979 0.0000
vt 0.5491 0.9528 0.0000
vt 0.5474 0.9549 0.0000
vt 0.9029 0.3748 0.0000
vt 0.9029 0.3720 0.0000
vt 0.5151 0.9599 0.0000
vt 0.5147 0.9626 0.0000
vt 0.9597 0.5950 0.0000
vt 0.9597 0.5979 0.0000
vt 0.5517 0.9542 0.0000
vt 0.5506 0.9568 0.0000
vt 0.9068 0.3748 0.0000
vt 0.9068 0.3720 0.0000
vt 0.5111 0.9616 0.0000
vt 0.5122 0.9591 0.0000
vt 0.9566 0.5950 0.0000
vt 0.9566 0.5979 0.0000
vt 0.5542 0.9577 0.0000
vt 0.5545 0.9550 0.0000
vt 0.9104 0.3748 0.0000
vt 0.9104 0.3720 0.0000
vt 0.5080 0.9597 0.0000
vt 0.5096 0.9576 0.0000
vt 0.9538 0.5950 0.0000
vt 0.9538 0.5979 0.0000
vt 0.5579 0.9577 0.0000
vt 0.5575 0.9550 0.0000
vt 0.9135 0.3748 0.0000
vt 0.9135 0.3720 0.0000
vt 0.5076 0.9554 0.0000
vt 0.5054 0.9571 0.0000
vt 0.9513 0.5950 0.0000
vt 0.9513 0.5979 0.0000
vt 0.5604 0.9542 0.0000
vt 0.5614 0.9567 0.0000
vt 0.8954 0.3464 0.0000
vt 0.8924 0.3464 0.0000
vt 0.8924 0.3435 0.0000
vt 0.8954 0.3435 0.0000
vt 0.5036 0.9539 0.0000
vt 0.5061 0.9529 0.0000
vt 0.6928 0.7563 0.0000
vt 0.6903 0.7563 0.0000
vt 0.6903 0.7534 0.0000
vt 0.6928 0.7534 0.0000
vt 0.5646 0.9548 0.0000
vt 0.5629 0.9527 0.0000
vt 0.8991 0.3464 0.0000
vt 0.8991 0.3435 0.0000
vt 0.5054 0.9500 0.0000
vt 0.5027 0.9503 0.0000
vt 0.6957 0.7563 0.0000
vt 0.6957 0.7534 0.0000
vt 0.5650 0.9505 0.0000
vt 0.5672 0.9522 0.0000
vt 0.9029 0.3464 0.0000
vt 0.9029 0.3435 0.0000
vt 0.5027 0.9466 0.0000
vt 0.5054 0.9470 0.0000
vt 0.6988 0.7563 0.0000
vt 0.6988 0.7534 0.0000
vt 0.5690 0.9490 0.0000
vt 0.5665 0.9479 0.0000
vt 0.9068 0.3464 0.0000
vt 0.9068 0.3435 0.0000
vt 0.5062 0.9441 0.0000
vt 0.5037 0.9431 0.0000
vt 0.7019 0.7563 0.0000
vt 0.7019 0.7534 0.0000
vt 0.5672 0.9451 0.0000
vt 0.5699 0.9454 0.0000
vt 0.9104 0.3464 0.0000
vt 0.9104 0.3435 0.0000
vt 0.5077 0.9416 0.0000
vt 0.5055 0.9399 0.0000
vt 0.7048 0.7563 0.0000
vt 0.7048 0.7534 0.0000
vt 0.5672 0.9421 0.0000
vt 0.5699 0.9417 0.0000
vt 0.9135 0.3464 0.0000
vt 0.9135 0.3435 0.0000
vt 0.5098 0.9395 0.0000
vt 0.5082 0.9373 0.0000
vt 0.7072 0.7563 0.0000
vt 0.7072 0.7534 0.0000
vt 0.5664 0.9392 0.0000
vt 0.5689 0.9382 0.0000
vt 0.3679 0.4601 0.0000
vt 0.3648 0.4601 0.0000
vt 0.3648 0.4573 0.0000
vt 0.3679 0.4573 0.0000
vt 0.5114 0.9355 0.0000
vt 0.5124 0.9380 0.0000
vt 0.6846 0.6302 0.0000
vt 0.6870 0.6302 0.0000
vt 0.6870 0.6331 0.0000
vt 0.6846 0.6331 0.0000
vt 0.5670 0.9350 0.0000
vt 0.5649 0.9367 0.0000
vt 0.3715 0.4601 0.0000
vt 0.3715 0.4573 0.0000
vt 0.5149 0.9346 0.0000
vt 0.5153 0.9373 0.0000
vt 0.6817 0.6302 0.0000
vt 0.6817 0.6331 0.0000
vt 0.5644 0.9324 0.0000
vt 0.5628 0.9346 0.0000
vt 0.3753 0.4601 0.0000
vt 0.3753 0.4573 0.0000
vt 0.5182 0.9373 0.0000
vt 0.5186 0.9346 0.0000
vt 0.6786 0.6302 0.0000
vt 0.6786 0.6331 0.0000
vt 0.5602 0.9331 0.0000
vt 0.5612 0.9306 0.0000
vt 0.3792 0.4601 0.0000
vt 0.3792 0.4573 0.0000
vt 0.5222 0.9356 0.0000
vt 0.5211 0.9381 0.0000
vt 0.6755 0.6302 0.0000
vt 0.6755 0.6331 0.0000
vt 0.5576 0.9297 0.0000
vt 0.5573 0.9324 0.0000
vt 0.3828 0.4601 0.0000
vt 0.3828 0.4573 0.0000
vt 0.5253 0.9375 0.0000
vt 0.5237 0.9396 0.0000
vt 0.6726 0.6302 0.0000
vt 0.6726 0.6331 0.0000
vt 0.5540 0.9297 0.0000
vt 0.5543 0.9324 0.0000
vt 0.3859 0.4601 0.0000
vt 0.3859 0.4573 0.0000
vt 0.6701 0.6302 0.0000
vt 0.6701 0.6331 0.0000
vt 0.6155 0.2081 0.0000
vt 0.6178 0.3038 0.0000
vt 0.6155 0.3038 0.0000
vt 0.6178 0.2081 0.0000
vt 0.3798 0.5405 0.0000
vt 0.3815 0.6368 0.0000
vt 0.3787 0.6369 0.0000
vt 0.3771 0.5406 0.0000
vt 0.7530 0.4290 0.0000
vt 0.8486 0.4290 0.0000
vt 0.8486 0.4313 0.0000
vt 0.7530 0.4313 0.0000
vt 0.7364 0.0489 0.0000
vt 0.8327 0.0472 0.0000
vt 0.8327 0.0499 0.0000
vt 0.7364 0.0516 0.0000
vt 0.9818 0.2834 0.0000
vt 0.8855 0.2834 0.0000
vt 0.8855 0.2818 0.0000
vt 0.9818 0.2818 0.0000
vt 0.3505 0.9199 0.0000
vt 0.4468 0.9199 0.0000
vt 0.4468 0.9226 0.0000
vt 0.3505 0.9226 0.0000
vt 0.5436 0.2750 0.0000
vt 0.5436 0.3713 0.0000
vt 0.5420 0.3713 0.0000
vt 0.5420 0.2750 0.0000
vt 0.8757 0.2965 0.0000
vt 0.9720 0.2965 0.0000
vt 0.9720 0.2992 0.0000
vt 0.8757 0.2992 0.0000
vt 0.5320 0.3713 0.0000
vt 0.5304 0.2750 0.0000
vt 0.5320 0.2750 0.0000
vt 0.5304 0.3713 0.0000
vt 0.3620 0.6448 0.0000
vt 0.2657 0.6465 0.0000
vt 0.2657 0.6438 0.0000
vt 0.3620 0.6421 0.0000
vt 0.6254 0.3038 0.0000
vt 0.6254 0.2081 0.0000
vt 0.6276 0.2081 0.0000
vt 0.6276 0.3038 0.0000
vt 0.3834 0.5406 0.0000
vt 0.3877 0.6368 0.0000
vt 0.3850 0.6369 0.0000
vt 0.3861 0.5405 0.0000
vt 0.2701 0.9127 0.0000
vt 0.1738 0.9127 0.0000
vt 0.1738 0.9100 0.0000
vt 0.2701 0.9100 0.0000
vt 0.7707 0.6466 0.0000
vt 0.6744 0.6466 0.0000
vt 0.6744 0.6450 0.0000
vt 0.7707 0.6450 0.0000
vt 0.4928 0.6499 0.0000
vt 0.5891 0.6499 0.0000
vt 0.5891 0.6526 0.0000
vt 0.4928 0.6526 0.0000
vt 0.5076 0.2032 0.0000
vt 0.6039 0.2032 0.0000
vt 0.6039 0.2048 0.0000
vt 0.5076 0.2048 0.0000
vt 0.8486 0.4437 0.0000
vt 0.7530 0.4460 0.0000
vt 0.7530 0.4438 0.0000
vt 0.8486 0.4460 0.0000
vt 0.2657 0.6500 0.0000
vt 0.3620 0.6484 0.0000
vt 0.3620 0.6511 0.0000
vt 0.2657 0.6527 0.0000
vt 0.5076 0.8953 0.0000
vt 0.6032 0.8953 0.0000
vt 0.6032 0.8975 0.0000
vt 0.5076 0.8975 0.0000
vt 0.7364 0.0390 0.0000
vt 0.8327 0.0347 0.0000
vt 0.8327 0.0374 0.0000
vt 0.7364 0.0363 0.0000
vt 0.6744 0.6106 0.0000
vt 0.7707 0.6106 0.0000
vt 0.7707 0.6122 0.0000
vt 0.6744 0.6122 0.0000
vt 0.8327 0.0562 0.0000
vt 0.7364 0.0562 0.0000
vt 0.7364 0.0535 0.0000
vt 0.8327 0.0535 0.0000
vt 0.8002 0.5730 0.0000
vt 0.7039 0.5730 0.0000
vt 0.7039 0.5714 0.0000
vt 0.8002 0.5714 0.0000
vt 0.7707 0.6575 0.0000
vt 0.6744 0.6575 0.0000
vt 0.6744 0.6548 0.0000
vt 0.7707 0.6548 0.0000
vt 0.2818 0.9417 0.0000
vt 0.3774 0.9395 0.0000
vt 0.3774 0.9417 0.0000
vt 0.2818 0.9395 0.0000
vt 0.2657 0.6563 0.0000
vt 0.3620 0.6546 0.0000
vt 0.3620 0.6573 0.0000
vt 0.2657 0.6590 0.0000
vt 0.4167 0.9319 0.0000
vt 0.3210 0.9319 0.0000
vt 0.3210 0.9297 0.0000
vt 0.4167 0.9297 0.0000
vt 0.8327 0.0410 0.0000
vt 0.7364 0.0453 0.0000
vt 0.7364 0.0426 0.0000
vt 0.8327 0.0437 0.0000
vt 0.7069 0.3434 0.0000
vt 0.6106 0.3434 0.0000
vt 0.6106 0.3407 0.0000
vt 0.7069 0.3407 0.0000
vt 0.2278 0.2032 0.0000
vt 0.3241 0.2032 0.0000
vt 0.3241 0.2048 0.0000
vt 0.2278 0.2048 0.0000
vt 0.5339 0.3713 0.0000
vt 0.5339 0.2750 0.0000
vt 0.5366 0.2750 0.0000
vt 0.5366 0.3713 0.0000
vt 0.5401 0.2750 0.0000
vt 0.5401 0.3713 0.0000
vt 0.5385 0.3713 0.0000
vt 0.5385 0.2750 0.0000
vt 0.8240 0.3603 0.0000
vt 0.8240 0.3674 0.0000
vt 0.6057 0.3674 0.0000
vt 0.6057 0.3603 0.0000
vt 0.8191 0.3772 0.0000
vt 0.6008 0.3750 0.0000
vt 0.8191 0.3750 0.0000
vt 0.6008 0.3772 0.0000
vt 0.8975 0.2694 0.0000
vt 0.8904 0.2694 0.0000
vt 0.8904 0.0511 0.0000
vt 0.8975 0.0511 0.0000
vt 0.9073 0.2203 0.0000
vt 0.9051 0.2203 0.0000
vt 0.9051 0.0020 0.0000
vt 0.9073 0.0020 0.0000
vt 0.7611 0.6345 0.0000
vt 0.6990 0.6345 0.0000
vt 0.6990 0.6254 0.0000
vt 0.7633 0.6254 0.0000
vt 0.9938 0.0100 0.0000
vt 0.9219 0.0100 0.0000
vt 0.9219 0.0020 0.0000
vt 0.9938 0.0020 0.0000
vt 0.5343 0.9142 0.0000
vt 0.5964 0.9051 0.0000
vt 0.5964 0.9142 0.0000
vt 0.5321 0.9051 0.0000
vt 0.6843 0.5861 0.0000
vt 0.7503 0.5861 0.0000
vt 0.7503 0.5940 0.0000
vt 0.6843 0.5940 0.0000
vt 0.1476 0.9788 0.0000
vt 0.0854 0.9879 0.0000
vt 0.0854 0.9788 0.0000
vt 0.1498 0.9879 0.0000
vt 0.5245 0.4517 0.0000
vt 0.4585 0.4517 0.0000
vt 0.4585 0.4437 0.0000
vt 0.5245 0.4437 0.0000
vt 0.7552 0.5272 0.0000
vt 0.8173 0.5272 0.0000
vt 0.8173 0.5363 0.0000
vt 0.7530 0.5363 0.0000
vt 0.8171 0.5570 0.0000
vt 0.7452 0.5570 0.0000
vt 0.7452 0.5490 0.0000
vt 0.8171 0.5490 0.0000
vt 0.0641 0.9977 0.0000
vt 0.0020 0.9977 0.0000
vt 0.0020 0.9886 0.0000
vt 0.0663 0.9886 0.0000
vt 0.9938 0.0721 0.0000
vt 0.9219 0.0721 0.0000
vt 0.9219 0.0641 0.0000
vt 0.9938 0.0641 0.0000
vt 0.9918 0.1247 0.0000
vt 0.9297 0.1338 0.0000
vt 0.9297 0.1247 0.0000
vt 0.9940 0.1338 0.0000
vt 0.6599 0.6689 0.0000
vt 0.6599 0.6029 0.0000
vt 0.6678 0.6029 0.0000
vt 0.6678 0.6689 0.0000
vt 0.9918 0.0167 0.0000
vt 0.9297 0.0258 0.0000
vt 0.9297 0.0167 0.0000
vt 0.9940 0.0258 0.0000
vt 0.4322 0.8462 0.0000
vt 0.4322 0.9123 0.0000
vt 0.4243 0.9123 0.0000
vt 0.4243 0.8462 0.0000
vt 0.9918 0.0455 0.0000
vt 0.9297 0.0455 0.0000
vt 0.9297 0.0364 0.0000
vt 0.9940 0.0364 0.0000
vt 0.8171 0.4949 0.0000
vt 0.7452 0.4949 0.0000
vt 0.7452 0.4869 0.0000
vt 0.8171 0.4869 0.0000
vt 0.1476 0.9731 0.0000
vt 0.0854 0.9731 0.0000
vt 0.0854 0.9640 0.0000
vt 0.1498 0.9640 0.0000
vt 0.9938 0.1692 0.0000
vt 0.9219 0.1692 0.0000
vt 0.9219 0.1613 0.0000
vt 0.9938 0.1613 0.0000
vt 0.9319 0.1142 0.0000
vt 0.9940 0.1051 0.0000
vt 0.9940 0.1142 0.0000
vt 0.9297 0.1051 0.0000
vt 0.4173 0.6843 0.0000
vt 0.4173 0.7503 0.0000
vt 0.4094 0.7503 0.0000
vt 0.4094 0.6843 0.0000
vt 0.9977 0.3684 0.0000
vt 0.9886 0.3063 0.0000
vt 0.9977 0.3063 0.0000
vt 0.9886 0.3706 0.0000
vt 0.8708 0.1417 0.0000
vt 0.8708 0.0756 0.0000
vt 0.8787 0.0756 0.0000
vt 0.8787 0.1417 0.0000
vt 0.5206 0.9290 0.0000
vt 0.4585 0.9290 0.0000
vt 0.4585 0.9199 0.0000
vt 0.5228 0.9199 0.0000
vt 0.8171 0.3977 0.0000
vt 0.7452 0.3977 0.0000
vt 0.7452 0.3898 0.0000
vt 0.8171 0.3898 0.0000
vt 0.0080 0.9797 0.0000
vt 0.0078 0.9689 0.0000
vt 0.0102 0.9705 0.0000
vt 0.0020 0.9813 0.0000
vt 0.0739 0.9689 0.0000
vt 0.0724 0.9705 0.0000
vt 0.0739 0.9813 0.0000
vt 0.0724 0.9797 0.0000
vt 0.7804 0.2913 0.0000
vt 0.7863 0.3036 0.0000
vt 0.7802 0.3020 0.0000
vt 0.7780 0.2929 0.0000
vt 0.7144 0.3036 0.0000
vt 0.7159 0.3020 0.0000
vt 0.7123 0.3036 0.0000
vt 0.7159 0.2929 0.0000
vt 0.7144 0.2913 0.0000
vt 0.7588 0.5150 0.0000
vt 0.7530 0.5027 0.0000
vt 0.7590 0.5043 0.0000
vt 0.7612 0.5134 0.0000
vt 0.8249 0.5027 0.0000
vt 0.8233 0.5043 0.0000
vt 0.8249 0.5150 0.0000
vt 0.8233 0.5134 0.0000
vt 0.7802 0.1838 0.0000
vt 0.7804 0.1946 0.0000
vt 0.7780 0.1929 0.0000
vt 0.7863 0.1822 0.0000
vt 0.7144 0.1946 0.0000
vt 0.7159 0.1929 0.0000
vt 0.7123 0.1946 0.0000
vt 0.7159 0.1838 0.0000
vt 0.7144 0.1822 0.0000
vt 0.9368 0.3648 0.0000
vt 0.8732 0.3664 0.0000
vt 0.8747 0.3648 0.0000
vt 0.9392 0.3664 0.0000
vt 0.8732 0.3540 0.0000
vt 0.8747 0.3556 0.0000
vt 0.9451 0.3540 0.0000
vt 0.9390 0.3556 0.0000
vt 0.9390 0.3505 0.0000
vt 0.8732 0.3521 0.0000
vt 0.8747 0.3505 0.0000
vt 0.9451 0.3521 0.0000
vt 0.8732 0.3398 0.0000
vt 0.8747 0.3414 0.0000
vt 0.9392 0.3398 0.0000
vt 0.9368 0.3414 0.0000
vt 0.3516 0.4552 0.0000
vt 0.4175 0.4536 0.0000
vt 0.4159 0.4552 0.0000
vt 0.3456 0.4536 0.0000
vt 0.4175 0.4659 0.0000
vt 0.4159 0.4643 0.0000
vt 0.3514 0.4659 0.0000
vt 0.3538 0.4643 0.0000
vt 0.9368 0.3790 0.0000
vt 0.8732 0.3806 0.0000
vt 0.8747 0.3790 0.0000
vt 0.9392 0.3806 0.0000
vt 0.8732 0.3683 0.0000
vt 0.8747 0.3699 0.0000
vt 0.9451 0.3683 0.0000
vt 0.9390 0.3699 0.0000
vt 0.0102 0.9509 0.0000
vt 0.0739 0.9493 0.0000
vt 0.0724 0.9509 0.0000
vt 0.0078 0.9493 0.0000
vt 0.0739 0.9616 0.0000
vt 0.0724 0.9600 0.0000
vt 0.0020 0.9616 0.0000
vt 0.0080 0.9600 0.0000
vt 0.0679 0.9404 0.0000
vt 0.0020 0.9420 0.0000
vt 0.0035 0.9404 0.0000
vt 0.0739 0.9420 0.0000
vt 0.0020 0.9297 0.0000
vt 0.0035 0.9313 0.0000
vt 0.0681 0.9297 0.0000
vt 0.0656 0.9313 0.0000
vt 0.6459 0.2142 0.0000
vt 0.6475 0.2800 0.0000
vt 0.6459 0.2785 0.0000
vt 0.6475 0.2081 0.0000
vt 0.6352 0.2800 0.0000
vt 0.6368 0.2785 0.0000
vt 0.6352 0.2140 0.0000
vt 0.6368 0.2164 0.0000
vt 0.7612 0.4061 0.0000
vt 0.8249 0.4045 0.0000
vt 0.8233 0.4061 0.0000
vt 0.7588 0.4045 0.0000
vt 0.8249 0.4168 0.0000
vt 0.8233 0.4152 0.0000
vt 0.7530 0.4168 0.0000
vt 0.7590 0.4152 0.0000
vt 0.9154 0.3720 0.0000
vt 0.9247 0.3720 0.0000
vt 0.9247 0.3730 0.0000
vt 0.9154 0.3730 0.0000
vt 0.7366 0.6656 0.0000
vt 0.6744 0.6656 0.0000
vt 0.6744 0.6646 0.0000
vt 0.7366 0.6646 0.0000
vt 0.3788 0.6421 0.0000
vt 0.3880 0.6421 0.0000
vt 0.3880 0.6431 0.0000
vt 0.3788 0.6431 0.0000
vt 0.6750 0.3564 0.0000
vt 0.6106 0.3564 0.0000
vt 0.6106 0.3554 0.0000
vt 0.6750 0.3554 0.0000
vt 0.6389 0.2367 0.0000
vt 0.6389 0.2273 0.0000
vt 0.6399 0.2273 0.0000
vt 0.6399 0.2367 0.0000
vt 0.7481 0.3859 0.0000
vt 0.8124 0.3848 0.0000
vt 0.8124 0.3859 0.0000
vt 0.7481 0.3848 0.0000
vt 0.9245 0.3445 0.0000
vt 0.9154 0.3445 0.0000
vt 0.9154 0.3435 0.0000
vt 0.9245 0.3435 0.0000
vt 0.3750 0.4928 0.0000
vt 0.4372 0.4928 0.0000
vt 0.4372 0.4938 0.0000
vt 0.3750 0.4938 0.0000
vt 0.0335 0.9370 0.0000
vt 0.0429 0.9370 0.0000
vt 0.0429 0.9380 0.0000
vt 0.0335 0.9380 0.0000
vt 0.6548 0.2725 0.0000
vt 0.6548 0.2081 0.0000
vt 0.6558 0.2081 0.0000
vt 0.6558 0.2725 0.0000
vt 0.9245 0.3587 0.0000
vt 0.9154 0.3587 0.0000
vt 0.9154 0.3577 0.0000
vt 0.9245 0.3577 0.0000
vt 0.5942 0.8227 0.0000
vt 0.5321 0.8227 0.0000
vt 0.5321 0.8217 0.0000
vt 0.5942 0.8217 0.0000
vt 0.3972 0.4583 0.0000
vt 0.3878 0.4583 0.0000
vt 0.3878 0.4573 0.0000
vt 0.3972 0.4573 0.0000
vt 0.5321 0.8914 0.0000
vt 0.5942 0.8904 0.0000
vt 0.5942 0.8914 0.0000
vt 0.5321 0.8904 0.0000
vt 0.9391 0.6000 0.0000
vt 0.9299 0.6000 0.0000
vt 0.9299 0.5990 0.0000
vt 0.9391 0.5990 0.0000
vt 0.6018 0.2131 0.0000
vt 0.6018 0.2774 0.0000
vt 0.6008 0.2774 0.0000
vt 0.6008 0.2131 0.0000
vt 0.7137 0.8887 0.0000
vt 0.7137 0.8266 0.0000
vt 0.7147 0.8266 0.0000
vt 0.7147 0.8887 0.0000
vt 0.9154 0.3607 0.0000
vt 0.9245 0.3607 0.0000
vt 0.9245 0.3617 0.0000
vt 0.9154 0.3617 0.0000
vt 0.6008 0.6553 0.0000
vt 0.6008 0.5910 0.0000
vt 0.6018 0.5910 0.0000
vt 0.6018 0.6553 0.0000
vt 0.3878 0.4602 0.0000
vt 0.3972 0.4602 0.0000
vt 0.3972 0.4612 0.0000
vt 0.3878 0.4612 0.0000
vt 0.2131 0.7088 0.0000
vt 0.2774 0.7088 0.0000
vt 0.2774 0.7098 0.0000
vt 0.2131 0.7098 0.0000
vt 0.9245 0.3474 0.0000
vt 0.9154 0.3474 0.0000
vt 0.9154 0.3464 0.0000
vt 0.9245 0.3464 0.0000
vt 0.0069 0.9248 0.0000
vt 0.0690 0.9248 0.0000
vt 0.0690 0.9258 0.0000
vt 0.0069 0.9258 0.0000
vt 0.0541 0.9380 0.0000
vt 0.0448 0.9380 0.0000
vt 0.0448 0.9370 0.0000
vt 0.0541 0.9370 0.0000
vt 0.4241 0.7388 0.0000
vt 0.4241 0.6744 0.0000
vt 0.4251 0.6744 0.0000
vt 0.4251 0.7388 0.0000
vt 0.9525 0.0958 0.0000
vt 0.9616 0.0958 0.0000
vt 0.9616 0.0968 0.0000
vt 0.9525 0.0968 0.0000
vt 0.5321 0.5206 0.0000
vt 0.5321 0.4585 0.0000
vt 0.5331 0.4585 0.0000
vt 0.5331 0.5206 0.0000
vt 0.5119 0.9468 0.0000
vt 0.5213 0.9468 0.0000
vt 0.5213 0.9478 0.0000
vt 0.5119 0.9478 0.0000
vt 0.6264 0.6794 0.0000
vt 0.6264 0.7415 0.0000
vt 0.6254 0.7415 0.0000
vt 0.6254 0.6794 0.0000
vt 0.2173 0.2043 0.0000
vt 0.2081 0.2043 0.0000
vt 0.2081 0.2032 0.0000
vt 0.2173 0.2032 0.0000
vt 0.7393 0.3898 0.0000
vt 0.7393 0.4541 0.0000
vt 0.7383 0.4541 0.0000
vt 0.7383 0.3898 0.0000
vt 0.5213 0.9508 0.0000
vt 0.5119 0.9508 0.0000
vt 0.5119 0.9497 0.0000
vt 0.5213 0.9497 0.0000
vt 0.2131 0.6973 0.0000
vt 0.2131 0.6352 0.0000
vt 0.2141 0.6352 0.0000
vt 0.2141 0.6973 0.0000
vt 0.4339 0.2032 0.0000
vt 0.4430 0.2032 0.0000
vt 0.4430 0.2043 0.0000
vt 0.4339 0.2043 0.0000
vt 0.6602 0.3859 0.0000
vt 0.5959 0.3859 0.0000
vt 0.5959 0.3848 0.0000
vt 0.6602 0.3848 0.0000
vt 0.6429 0.2273 0.0000
vt 0.6429 0.2367 0.0000
vt 0.6418 0.2367 0.0000
vt 0.6418 0.2273 0.0000
vt 0.2141 0.4879 0.0000
vt 0.2141 0.5523 0.0000
vt 0.2131 0.5523 0.0000
vt 0.2131 0.4879 0.0000
vt 0.6418 0.2477 0.0000
vt 0.6418 0.2386 0.0000
vt 0.6428 0.2386 0.0000
vt 0.6428 0.2477 0.0000
vt 0.6116 0.8266 0.0000
vt 0.6116 0.8887 0.0000
vt 0.6106 0.8887 0.0000
vt 0.6106 0.8266 0.0000
vt 0.6389 0.2479 0.0000
vt 0.6389 0.2386 0.0000
vt 0.6399 0.2386 0.0000
vt 0.6399 0.2479 0.0000
vt 0.6750 0.3515 0.0000
vt 0.6106 0.3515 0.0000
vt 0.6106 0.3505 0.0000
vt 0.6750 0.3505 0.0000
vt 0.6850 0.6379 0.0000
vt 0.6941 0.6379 0.0000
vt 0.6941 0.6389 0.0000
vt 0.6850 0.6389 0.0000
vt 0.7317 0.3908 0.0000
vt 0.6695 0.3908 0.0000
vt 0.6695 0.3898 0.0000
vt 0.7317 0.3898 0.0000
vt 0.5213 0.9449 0.0000
vt 0.5119 0.9449 0.0000
vt 0.5119 0.9439 0.0000
vt 0.5213 0.9439 0.0000
vt 0.1689 0.9199 0.0000
vt 0.2310 0.9199 0.0000
vt 0.2310 0.9209 0.0000
vt 0.1689 0.9209 0.0000
vt 0.6941 0.6360 0.0000
vt 0.6850 0.6360 0.0000
vt 0.6850 0.6350 0.0000
vt 0.6941 0.6350 0.0000
vt 0.8865 0.0609 0.0000
vt 0.8865 0.1252 0.0000
vt 0.8855 0.1252 0.0000
vt 0.8855 0.0609 0.0000
vt 0.9154 0.3749 0.0000
vt 0.9247 0.3749 0.0000
vt 0.9247 0.3759 0.0000
vt 0.9154 0.3759 0.0000
vt 0.9199 0.0100 0.0000
vt 0.9199 0.0020 0.0000
vt 0.7123 0.2913 0.0000
vt 0.7432 0.5570 0.0000
vt 0.7432 0.5490 0.0000
vt 0.7123 0.1822 0.0000
vt 0.9199 0.0721 0.0000
vt 0.9199 0.0641 0.0000
vt 0.6599 0.6008 0.0000
vt 0.6678 0.6008 0.0000
vt 0.4322 0.9143 0.0000
vt 0.4243 0.9143 0.0000
vt 0.7432 0.4949 0.0000
vt 0.7432 0.4869 0.0000
vt 0.9199 0.1692 0.0000
vt 0.9199 0.1613 0.0000
vt 0.7432 0.3977 0.0000
vt 0.7432 0.3898 0.0000
vt 0.3701 0.9143 0.0000
vt 0.3701 0.9123 0.0000
vt 0.8170 0.9444 0.0000
vt 0.8170 0.9567 0.0000
vt 0.7628 0.9567 0.0000
vt 0.7628 0.9444 0.0000
vt 0.5215 0.9123 0.0000
vt 0.5215 0.9143 0.0000
vt 0.7345 0.2875 0.0000
vt 0.7222 0.2875 0.0000
vt 0.7222 0.1983 0.0000
vt 0.7345 0.1983 0.0000
vt 0.7571 0.6008 0.0000
vt 0.7571 0.6029 0.0000
vt 0.7487 0.2875 0.0000
vt 0.7364 0.2875 0.0000
vt 0.7364 0.1983 0.0000
vt 0.7487 0.1983 0.0000
vt 0.6057 0.6029 0.0000
vt 0.6057 0.6008 0.0000
vt 0.8170 0.9640 0.0000
vt 0.8170 0.9764 0.0000
vt 0.7628 0.9764 0.0000
vt 0.7628 0.9640 0.0000
vt 0.8040 0.2790 0.0000
vt 0.8020 0.2790 0.0000
vt 0.8020 0.1822 0.0000
vt 0.8040 0.1822 0.0000
vt 0.7921 0.1822 0.0000
vt 0.8001 0.1822 0.0000
vt 0.8001 0.2790 0.0000
vt 0.7921 0.2790 0.0000
vt 0.7882 0.1822 0.0000
vt 0.7902 0.1822 0.0000
vt 0.7902 0.2790 0.0000
vt 0.7882 0.2790 0.0000
vt 0.3672 0.5405 0.0000
vt 0.3752 0.5405 0.0000
vt 0.3752 0.6373 0.0000
vt 0.3672 0.6373 0.0000
# 3767 texture coords

o Object125_Object125
g Object125_Object125
usemtl 1
s 1
f 1/1/1 2/2/2 3/3/2 
f 3/3/2 4/4/1 1/1/1 
f 2/2/2 5/5/3 6/6/3 
f 6/6/3 3/3/2 2/2/2 
f 5/5/3 7/7/4 8/8/4 
f 8/8/4 6/6/3 5/5/3 
f 7/7/4 9/9/5 10/10/5 
f 10/10/5 8/8/4 7/7/4 
f 9/9/5 11/11/6 12/12/6 
f 12/12/6 10/10/5 9/9/5 
f 11/11/6 13/13/7 14/14/7 
f 14/14/7 12/12/6 11/11/6 
f 13/13/7 15/15/8 16/16/8 
f 16/16/8 14/14/7 13/13/7 
f 15/15/8 17/17/9 18/18/9 
f 18/18/9 16/16/8 15/15/8 
f 18/18/9 19/19/10 20/20/10 
f 19/19/10 18/18/9 17/17/9 
f 20/20/10 21/21/11 22/22/11 
f 21/21/11 20/20/10 19/19/10 
f 21/21/11 23/23/12 24/24/12 
f 24/24/12 22/22/11 21/21/11 
f 23/23/12 25/25/13 26/26/13 
f 26/26/13 24/24/12 23/23/12 
f 25/25/13 27/27/14 28/28/14 
f 28/28/14 26/26/13 25/25/13 
f 27/27/14 29/29/15 30/30/15 
f 30/30/15 28/28/14 27/27/14 
f 29/29/15 31/31/16 32/32/16 
f 32/32/16 30/30/15 29/29/15 
f 31/33/16 33/34/17 34/35/17 
f 34/35/17 32/36/16 31/33/16 
f 33/34/17 35/37/18 36/38/18 
f 36/38/18 34/35/17 33/34/17 
f 35/37/18 37/39/19 38/40/19 
f 38/40/19 36/38/18 35/37/18 
f 37/39/19 39/41/20 40/42/20 
f 40/42/20 38/40/19 37/39/19 
f 39/41/20 41/43/21 42/44/21 
f 42/44/21 40/42/20 39/41/20 
f 41/43/21 43/45/22 44/46/22 
f 44/46/22 42/44/21 41/43/21 
f 43/45/22 45/47/23 46/48/23 
f 46/48/23 44/46/22 43/45/22 
f 45/47/23 47/49/24 48/50/24 
f 48/50/24 46/48/23 45/47/23 
f 47/49/24 1/1/1 4/4/1 
f 4/4/1 48/50/24 47/49/24 
s 2
f 47/51/25 45/52/25 49/53/25 
f 49/53/25 50/54/25 47/51/25 
f 45/52/25 43/55/25 51/56/25 
f 51/56/25 49/53/25 45/52/25 
f 51/56/25 41/57/25 52/58/25 
f 41/57/25 51/56/25 43/55/25 
f 52/58/25 39/59/25 53/60/25 
f 39/59/25 52/58/25 41/57/25 
f 39/59/25 37/61/25 54/62/25 
f 54/62/25 53/60/25 39/59/25 
f 54/62/25 35/63/25 55/64/25 
f 35/63/25 54/62/25 37/61/25 
f 55/64/25 33/65/25 56/66/25 
f 33/65/25 55/64/25 35/63/25 
f 33/65/25 31/67/25 57/68/25 
f 57/68/25 56/66/25 33/65/25 
f 31/67/25 29/69/25 58/70/25 
f 58/70/25 57/68/25 31/67/25 
f 29/69/25 27/71/25 59/72/25 
f 59/72/25 58/70/25 29/69/25 
f 59/72/25 25/73/25 60/74/25 
f 25/73/25 59/72/25 27/71/25 
f 60/74/25 23/75/25 61/76/25 
f 23/75/25 60/74/25 25/73/25 
f 61/76/25 21/77/25 62/78/25 
f 21/77/25 61/76/25 23/75/25 
f 21/77/25 19/79/25 63/80/25 
f 63/80/25 62/78/25 21/77/25 
f 19/79/25 17/81/25 64/82/25 
f 64/82/25 63/80/25 19/79/25 
f 17/81/25 15/83/25 65/84/25 
f 65/84/25 64/82/25 17/81/25 
f 15/83/25 13/85/25 66/86/25 
f 66/86/25 65/84/25 15/83/25 
f 66/86/25 11/87/25 67/88/25 
f 11/87/25 66/86/25 13/85/25 
f 67/88/25 9/89/25 68/90/25 
f 9/89/25 67/88/25 11/87/25 
f 9/89/25 7/91/25 69/92/25 
f 69/92/25 68/90/25 9/89/25 
f 7/91/25 5/93/25 70/94/25 
f 70/94/25 69/92/25 7/91/25 
f 70/94/25 2/95/25 71/96/25 
f 2/95/25 70/94/25 5/93/25 
f 71/96/25 1/97/25 72/98/25 
f 1/97/25 71/96/25 2/95/25 
f 1/97/25 47/51/25 50/54/25 
f 50/54/25 72/98/25 1/97/25 
f 4/99/26 3/100/26 73/101/26 
f 73/101/26 74/102/26 4/99/26 
f 3/100/26 6/103/26 75/104/26 
f 75/104/26 73/101/26 3/100/26 
f 75/104/26 8/105/26 76/106/26 
f 8/105/26 75/104/26 6/103/26 
f 76/106/26 10/107/26 77/108/26 
f 10/107/26 76/106/26 8/105/26 
f 10/107/26 12/109/26 78/110/26 
f 78/110/26 77/108/26 10/107/26 
f 12/109/26 14/111/26 79/112/26 
f 79/112/26 78/110/26 12/109/26 
f 79/112/26 16/113/26 80/114/26 
f 16/113/26 79/112/26 14/111/26 
f 80/114/26 18/115/26 81/116/26 
f 18/115/26 80/114/26 16/113/26 
f 18/115/26 20/117/26 82/118/26 
f 82/118/26 81/116/26 18/115/26 
f 20/117/26 22/119/26 83/120/26 
f 83/120/26 82/118/26 20/117/26 
f 83/120/26 24/121/26 84/122/26 
f 24/121/26 83/120/26 22/119/26 
f 84/122/26 26/123/26 85/124/26 
f 26/123/26 84/122/26 24/121/26 
f 85/124/26 28/125/26 86/126/26 
f 28/125/26 85/124/26 26/123/26 
f 86/126/26 30/127/26 87/128/26 
f 30/127/26 86/126/26 28/125/26 
f 87/128/26 32/129/26 88/130/26 
f 32/129/26 87/128/26 30/127/26 
f 88/130/26 34/131/26 89/132/26 
f 34/131/26 88/130/26 32/129/26 
f 34/131/26 36/133/26 90/134/26 
f 90/134/26 89/132/26 34/131/26 
f 36/133/26 38/135/26 91/136/26 
f 91/136/26 90/134/26 36/133/26 
f 91/136/26 40/137/26 92/138/26 
f 40/137/26 91/136/26 38/135/26 
f 40/137/26 42/139/26 93/140/26 
f 93/140/26 92/138/26 40/137/26 
f 42/139/26 44/141/26 94/142/26 
f 94/142/26 93/140/26 42/139/26 
f 94/142/26 46/143/26 95/144/26 
f 46/143/26 94/142/26 44/141/26 
f 95/144/26 48/145/26 96/146/26 
f 48/145/26 95/144/26 46/143/26 
f 96/146/26 4/99/26 74/102/26 
f 4/99/26 96/146/26 48/145/26 
s 1
f 50/147/12 49/148/11 95/149/11 
f 95/149/11 96/150/12 50/147/12 
f 49/148/11 51/151/10 94/152/10 
f 94/152/10 95/149/11 49/148/11 
f 51/151/10 52/153/9 93/154/9 
f 93/154/9 94/152/10 51/151/10 
f 52/153/9 53/155/8 92/156/8 
f 92/156/8 93/154/9 52/153/9 
f 53/155/8 54/157/7 91/158/7 
f 91/158/7 92/156/8 53/155/8 
f 54/157/7 55/159/6 90/160/6 
f 90/160/6 91/158/7 54/157/7 
f 55/159/6 56/161/5 89/162/5 
f 89/162/5 90/160/6 55/159/6 
f 56/161/5 57/163/4 88/164/4 
f 88/164/4 89/162/5 56/161/5 
f 57/165/4 58/166/3 87/167/3 
f 87/167/3 88/168/4 57/165/4 
f 58/166/3 59/169/2 86/170/2 
f 86/170/2 87/167/3 58/166/3 
f 59/169/2 60/171/1 85/172/1 
f 85/172/1 86/170/2 59/169/2 
f 60/171/1 61/173/24 84/174/24 
f 84/174/24 85/172/1 60/171/1 
f 61/173/24 62/175/23 83/176/23 
f 83/176/23 84/174/24 61/173/24 
f 62/175/23 63/177/22 82/178/22 
f 82/178/22 83/176/23 62/175/23 
f 63/177/22 64/179/21 81/180/21 
f 81/180/21 82/178/22 63/177/22 
f 64/179/21 65/181/20 80/182/20 
f 80/182/20 81/180/21 64/179/21 
f 65/181/20 66/183/19 79/184/19 
f 79/184/19 80/182/20 65/181/20 
f 66/183/19 67/185/18 78/186/18 
f 78/186/18 79/184/19 66/183/19 
f 67/185/18 68/187/17 77/188/17 
f 77/188/17 78/186/18 67/185/18 
f 77/188/17 69/189/16 76/190/16 
f 69/189/16 77/188/17 68/187/17 
f 76/190/16 70/191/15 75/192/15 
f 70/191/15 76/190/16 69/189/16 
f 75/192/15 71/193/14 73/194/14 
f 71/193/14 75/192/15 70/191/15 
f 73/194/14 72/195/13 74/196/13 
f 72/195/13 73/194/14 71/193/14 
f 72/195/13 50/147/12 96/150/12 
f 96/150/12 74/196/13 72/195/13 
f 97/197/27 98/198/28 99/199/29 
f 98/198/28 97/197/27 100/200/30 
f 97/197/27 99/199/29 101/201/31 
f 101/201/31 102/202/32 97/197/27 
f 102/202/32 101/201/31 103/203/33 
f 103/203/33 104/204/34 102/202/32 
f 104/204/34 103/203/33 105/205/35 
f 105/205/35 106/206/36 104/204/34 
f 106/206/36 105/205/35 107/207/37 
f 107/207/37 108/208/38 106/206/36 
f 109/209/39 107/207/37 110/210/40 
f 107/207/37 109/209/39 108/208/38 
f 111/211/41 110/210/40 112/212/42 
f 110/210/40 111/211/41 109/209/39 
f 113/213/43 112/212/42 114/214/44 
f 112/212/42 113/213/43 111/211/41 
f 115/215/45 114/214/44 116/216/46 
f 114/214/44 115/215/45 113/213/43 
f 117/217/47 116/216/46 118/218/48 
f 116/216/46 117/217/47 115/215/45 
f 117/217/47 118/218/48 119/219/49 
f 119/219/49 120/220/50 117/217/47 
f 121/221/51 119/219/49 122/222/52 
f 119/219/49 121/221/51 120/220/50 
f 121/221/51 122/222/52 123/223/53 
f 123/223/53 124/224/54 121/221/51 
f 125/225/55 123/223/53 126/226/56 
f 123/223/53 125/225/55 124/224/54 
f 125/225/55 126/226/56 127/227/57 
f 127/227/57 128/228/58 125/225/55 
f 128/228/58 127/227/57 129/229/59 
f 129/229/59 130/230/60 128/228/58 
f 131/231/61 129/229/59 132/232/62 
f 129/229/59 131/231/61 130/230/60 
f 131/231/61 132/232/62 133/233/63 
f 133/233/63 134/234/64 131/231/61 
f 135/235/65 133/233/63 136/236/66 
f 133/233/63 135/235/65 134/234/64 
f 135/235/65 136/236/66 137/237/67 
f 137/237/67 138/238/68 135/235/65 
f 139/239/69 137/237/67 140/240/70 
f 137/237/67 139/239/69 138/238/68 
f 141/241/71 140/240/70 142/242/72 
f 140/240/70 141/241/71 139/239/69 
f 143/243/73 142/242/72 144/244/74 
f 142/242/72 143/243/73 141/241/71 
f 100/200/30 144/244/74 98/198/28 
f 144/244/74 100/200/30 143/243/73 
f 145/245/75 98/198/28 146/246/76 
f 98/198/28 145/245/75 99/199/29 
f 101/201/31 99/199/29 145/245/75 
f 145/245/75 147/247/77 101/201/31 
f 103/203/33 101/201/31 147/247/77 
f 147/247/77 148/248/78 103/203/33 
f 105/205/35 103/203/33 148/248/78 
f 148/248/78 149/249/79 105/205/35 
f 107/207/37 105/205/35 149/249/79 
f 149/249/79 150/250/80 107/207/37 
f 110/210/40 107/207/37 150/250/80 
f 150/250/80 151/251/81 110/210/40 
f 152/252/82 110/210/40 151/251/81 
f 110/210/40 152/252/82 112/212/42 
f 153/253/83 112/212/42 152/252/82 
f 112/212/42 153/253/83 114/214/44 
f 154/254/84 114/214/44 153/253/83 
f 114/214/44 154/254/84 116/216/46 
f 155/255/85 116/216/46 154/254/84 
f 116/216/46 155/255/85 118/218/48 
f 156/256/86 118/218/48 155/255/85 
f 118/218/48 156/256/86 119/219/49 
f 122/222/52 119/219/49 156/256/86 
f 156/256/86 157/257/87 122/222/52 
f 158/258/88 122/222/52 157/257/87 
f 122/222/52 158/258/88 123/223/53 
f 126/226/56 123/223/53 158/258/88 
f 158/258/88 159/259/89 126/226/56 
f 127/227/57 126/226/56 159/259/89 
f 159/259/89 160/260/90 127/227/57 
f 129/229/59 127/227/57 160/260/90 
f 160/260/90 161/261/91 129/229/59 
f 132/232/62 129/229/59 161/261/91 
f 161/261/91 162/262/92 132/232/62 
f 163/263/93 132/232/62 162/262/92 
f 132/232/62 163/263/93 133/233/63 
f 136/236/66 133/233/63 163/263/93 
f 163/263/93 164/264/94 136/236/66 
f 165/265/95 136/236/66 164/264/94 
f 136/236/66 165/265/95 137/237/67 
f 166/266/96 137/237/67 165/265/95 
f 137/237/67 166/266/96 140/240/70 
f 167/267/97 140/240/70 166/266/96 
f 140/240/70 167/267/97 142/242/72 
f 168/268/98 142/242/72 167/267/97 
f 142/242/72 168/268/98 144/244/74 
f 98/198/28 144/244/74 168/268/98 
f 168/268/98 146/246/76 98/198/28 
f 145/245/75 146/246/76 169/269/99 
f 169/269/99 170/270/100 145/245/75 
f 147/247/77 145/245/75 170/270/100 
f 170/270/100 171/271/101 147/247/77 
f 148/248/78 147/247/77 171/271/101 
f 171/271/101 172/272/102 148/248/78 
f 173/273/103 148/248/78 172/272/102 
f 148/248/78 173/273/103 149/249/79 
f 150/250/80 149/249/79 173/273/103 
f 173/273/103 174/274/104 150/250/80 
f 151/251/81 150/250/80 174/274/104 
f 174/274/104 175/275/105 151/251/81 
f 152/252/82 151/251/81 175/275/105 
f 175/275/105 176/276/106 152/252/82 
f 153/253/83 152/252/82 176/276/106 
f 176/276/106 177/277/107 153/253/83 
f 154/254/84 153/253/83 177/277/107 
f 177/277/107 178/278/108 154/254/84 
f 179/279/109 154/254/84 178/278/108 
f 154/254/84 179/279/109 155/255/85 
f 156/256/86 155/255/85 179/279/109 
f 179/279/109 180/280/110 156/256/86 
f 181/281/111 156/256/86 180/280/110 
f 156/256/86 181/281/111 157/257/87 
f 158/258/88 157/257/87 181/281/111 
f 181/281/111 182/282/112 158/258/88 
f 183/283/113 158/258/88 182/282/112 
f 158/258/88 183/283/113 159/259/89 
f 160/260/90 159/259/89 183/283/113 
f 183/283/113 184/284/114 160/260/90 
f 161/261/91 160/260/90 184/284/114 
f 184/284/114 185/285/115 161/261/91 
f 186/286/116 161/261/91 185/285/115 
f 161/261/91 186/286/116 162/262/92 
f 163/263/93 162/262/92 186/286/116 
f 186/286/116 187/287/117 163/263/93 
f 188/288/118 163/263/93 187/287/117 
f 163/263/93 188/288/118 164/264/94 
f 189/289/119 164/264/94 188/288/118 
f 164/264/94 189/289/119 165/265/95 
f 190/290/120 165/265/95 189/289/119 
f 165/265/95 190/290/120 166/266/96 
f 191/291/121 166/266/96 190/290/120 
f 166/266/96 191/291/121 167/267/97 
f 168/268/98 167/267/97 191/291/121 
f 191/291/121 192/292/122 168/268/98 
f 169/269/99 168/268/98 192/292/122 
f 168/268/98 169/269/99 146/246/76 
f 170/270/100 169/269/99 193/293/123 
f 193/293/123 194/294/124 170/270/100 
f 195/295/125 170/270/100 194/294/124 
f 170/270/100 195/295/125 171/271/101 
f 172/272/102 171/271/101 195/295/125 
f 195/295/125 196/296/126 172/272/102 
f 173/273/103 172/272/102 196/296/126 
f 196/296/126 197/297/127 173/273/103 
f 198/298/128 173/273/103 197/297/127 
f 173/273/103 198/298/128 174/274/104 
f 199/299/129 174/274/104 198/298/128 
f 174/274/104 199/299/129 175/275/105 
f 176/276/106 175/275/105 199/299/129 
f 199/299/129 200/300/130 176/276/106 
f 177/277/107 176/276/106 200/300/130 
f 200/300/130 201/301/131 177/277/107 
f 202/302/132 177/277/107 201/301/131 
f 177/277/107 202/302/132 178/278/108 
f 203/303/133 178/278/108 202/302/132 
f 178/278/108 203/303/133 179/279/109 
f 204/304/134 179/279/109 203/303/133 
f 179/279/109 204/304/134 180/280/110 
f 181/281/111 180/280/110 204/304/134 
f 204/304/134 205/305/135 181/281/111 
f 206/306/136 181/281/111 205/305/135 
f 181/281/111 206/306/136 182/282/112 
f 183/283/113 182/282/112 206/306/136 
f 206/306/136 207/307/137 183/283/113 
f 184/284/114 183/283/113 207/307/137 
f 207/307/137 208/308/138 184/284/114 
f 209/309/139 184/284/114 208/308/138 
f 184/284/114 209/309/139 185/285/115 
f 210/310/140 185/285/115 209/309/139 
f 185/285/115 210/310/140 186/286/116 
f 211/311/141 186/286/116 210/310/140 
f 186/286/116 211/311/141 187/287/117 
f 188/288/118 187/287/117 211/311/141 
f 211/311/141 212/312/142 188/288/118 
f 189/289/119 188/288/118 212/312/142 
f 212/312/142 213/313/143 189/289/119 
f 190/290/120 189/289/119 213/313/143 
f 213/313/143 214/314/144 190/290/120 
f 215/315/145 190/290/120 214/314/144 
f 190/290/120 215/315/145 191/291/121 
f 192/292/122 191/291/121 215/315/145 
f 215/315/145 216/316/146 192/292/122 
f 193/293/123 192/292/122 216/316/146 
f 192/292/122 193/293/123 169/269/99 
f 216/316/146 215/315/145 214/314/144 
f 214/314/144 213/313/143 212/312/142 
f 212/312/142 211/311/141 210/310/140 
f 214/314/144 212/312/142 210/310/140 
f 210/310/140 209/309/139 208/308/138 
f 205/305/135 207/307/137 206/306/136 
f 205/305/135 208/308/138 207/307/137 
f 203/303/133 205/305/135 204/304/134 
f 205/305/135 203/303/133 202/302/132 
f 208/308/138 205/305/135 202/302/132 
f 194/294/124 208/308/138 202/302/132 
f 199/299/129 201/301/131 200/300/130 
f 197/297/127 199/299/129 198/298/128 
f 197/297/127 201/301/131 199/299/129 
f 194/294/124 197/297/127 196/296/126 
f 196/296/126 195/295/125 194/294/124 
f 201/301/131 197/297/127 194/294/124 
f 202/302/132 201/301/131 194/294/124 
f 216/316/146 208/308/138 194/294/124 
f 214/314/144 210/310/140 208/308/138 
f 216/316/146 214/314/144 208/308/138 
f 193/293/123 216/316/146 194/294/124 
f 100/200/30 97/197/27 217/317/147 
f 217/317/147 218/318/148 100/200/30 
f 217/317/147 102/202/32 219/319/149 
f 102/202/32 217/317/147 97/197/27 
f 219/319/149 104/204/34 220/320/150 
f 104/204/34 219/319/149 102/202/32 
f 220/320/150 106/206/36 221/321/151 
f 106/206/36 220/320/150 104/204/34 
f 221/321/151 108/208/38 222/322/152 
f 108/208/38 221/321/151 106/206/36 
f 222/322/152 109/209/39 223/323/153 
f 109/209/39 222/322/152 108/208/38 
f 109/209/39 111/211/41 224/324/154 
f 224/324/154 223/323/153 109/209/39 
f 111/211/41 113/213/43 225/325/155 
f 225/325/155 224/324/154 111/211/41 
f 113/213/43 115/215/45 226/326/156 
f 226/326/156 225/325/155 113/213/43 
f 115/215/45 117/217/47 227/327/157 
f 227/327/157 226/326/156 115/215/45 
f 227/327/157 120/220/50 228/328/158 
f 120/220/50 227/327/157 117/217/47 
f 120/220/50 121/221/51 229/329/159 
f 229/329/159 228/328/158 120/220/50 
f 229/329/159 124/224/54 230/330/160 
f 124/224/54 229/329/159 121/221/51 
f 124/224/54 125/225/55 231/331/161 
f 231/331/161 230/330/160 124/224/54 
f 125/225/55 128/228/58 232/332/162 
f 232/332/162 231/331/161 125/225/55 
f 128/228/58 130/230/60 233/333/163 
f 233/333/163 232/332/162 128/228/58 
f 233/333/163 131/231/61 234/334/164 
f 131/231/61 233/333/163 130/230/60 
f 234/334/164 134/234/64 235/335/165 
f 134/234/64 234/334/164 131/231/61 
f 134/234/64 135/235/65 236/336/166 
f 236/336/166 235/335/165 134/234/64 
f 135/235/65 138/238/68 237/337/167 
f 237/337/167 236/336/166 135/235/65 
f 138/238/68 139/239/69 238/338/168 
f 238/338/168 237/337/167 138/238/68 
f 238/338/168 141/241/71 239/339/169 
f 141/241/71 238/338/168 139/239/69 
f 239/339/169 143/243/73 240/340/170 
f 143/243/73 239/339/169 141/241/71 
f 240/340/170 100/200/30 218/318/148 
f 100/200/30 240/340/170 143/243/73 
s 2
f 218/318/25 217/317/25 241/341/25 
f 241/341/25 242/342/25 218/318/25 
f 217/317/25 219/319/25 243/343/25 
f 243/343/25 241/341/25 217/317/25 
f 219/319/25 220/320/25 244/344/25 
f 244/344/25 243/343/25 219/319/25 
f 220/320/25 221/321/25 245/345/25 
f 245/345/25 244/344/25 220/320/25 
f 221/321/25 222/322/25 246/346/25 
f 246/346/25 245/345/25 221/321/25 
f 222/322/25 223/323/25 247/347/25 
f 247/347/25 246/346/25 222/322/25 
f 223/323/25 224/324/25 248/348/25 
f 248/348/25 247/347/25 223/323/25 
f 224/324/25 225/325/25 249/349/25 
f 249/349/25 248/348/25 224/324/25 
f 225/325/25 226/326/25 250/350/25 
f 250/350/25 249/349/25 225/325/25 
f 226/326/25 227/327/25 251/351/25 
f 251/351/25 250/350/25 226/326/25 
f 227/327/25 228/328/25 252/352/25 
f 252/352/25 251/351/25 227/327/25 
f 228/328/25 229/329/25 253/353/25 
f 253/353/25 252/352/25 228/328/25 
f 229/329/25 230/330/25 254/354/25 
f 254/354/25 253/353/25 229/329/25 
f 230/330/25 231/331/25 255/355/25 
f 255/355/25 254/354/25 230/330/25 
f 231/331/25 232/332/25 256/356/25 
f 256/356/25 255/355/25 231/331/25 
f 232/332/25 233/333/25 257/357/25 
f 257/357/25 256/356/25 232/332/25 
f 233/333/25 234/334/25 258/358/25 
f 258/358/25 257/357/25 233/333/25 
f 258/358/25 235/335/25 259/359/25 
f 235/335/25 258/358/25 234/334/25 
f 235/335/25 236/336/25 260/360/25 
f 260/360/25 259/359/25 235/335/25 
f 260/360/25 237/337/25 261/361/25 
f 237/337/25 260/360/25 236/336/25 
f 237/337/25 238/338/25 262/362/25 
f 262/362/25 261/361/25 237/337/25 
f 262/362/25 239/339/25 263/363/25 
f 239/339/25 262/362/25 238/338/25 
f 239/339/25 240/340/25 264/364/25 
f 264/364/25 263/363/25 239/339/25 
f 264/364/25 218/318/25 242/342/25 
f 218/318/25 264/364/25 240/340/25 
s 1
f 265/365/171 266/366/172 267/367/173 
f 267/367/173 268/368/174 265/365/171 
f 269/369/175 270/370/176 265/365/171 
f 271/371/177 272/372/178 273/373/179 
f 273/373/179 274/374/180 271/371/177 
f 275/375/181 276/376/182 271/371/177 
f 277/377/183 278/378/184 279/379/185 
f 279/379/185 280/380/186 277/377/183 
f 281/381/187 282/382/188 277/377/183 
f 283/383/189 284/384/190 285/385/191 
f 285/385/191 286/386/192 283/383/189 
f 287/387/193 288/388/194 283/383/189 
f 289/389/195 290/390/196 291/391/197 
f 291/391/197 292/392/198 289/389/195 
f 293/393/199 294/394/200 289/389/195 
f 295/395/201 296/396/202 297/397/203 
f 297/397/203 298/398/204 295/395/201 
f 299/399/205 300/400/206 295/395/201 
f 301/401/207 302/402/208 303/403/209 
f 303/403/209 304/404/210 301/401/207 
f 305/405/211 306/406/212 301/401/207 
f 307/407/213 308/408/214 309/409/215 
f 309/409/215 310/410/216 307/407/213 
f 311/411/217 312/412/218 307/407/213 
f 313/413/219 314/414/220 315/415/221 
f 315/415/221 316/416/222 313/413/219 
f 317/417/223 318/418/224 313/413/219 
f 319/419/225 320/420/226 321/421/227 
f 321/421/227 322/422/228 319/419/225 
f 323/423/229 324/424/230 319/419/225 
f 325/425/231 326/426/232 327/427/233 
f 327/427/233 328/428/234 325/425/231 
f 329/429/235 330/430/236 325/425/231 
f 331/431/237 332/432/238 333/433/239 
f 333/433/239 334/434/240 331/431/237 
f 335/435/241 336/436/242 331/431/237 
f 268/368/174 337/437/243 269/369/175 
f 269/369/175 265/365/171 268/368/174 
f 338/438/244 274/439/180 273/440/179 
f 274/439/180 339/441/245 275/442/181 
f 275/442/181 271/443/177 274/439/180 
f 340/444/246 280/380/186 279/379/185 
f 280/380/186 341/445/247 281/381/187 
f 281/381/187 277/377/183 280/380/186 
f 342/446/248 286/386/192 285/385/191 
f 286/386/192 343/447/249 287/387/193 
f 287/387/193 283/383/189 286/386/192 
f 344/448/250 292/449/198 291/450/197 
f 292/449/198 345/451/251 293/452/199 
f 293/452/199 289/453/195 292/449/198 
f 346/454/252 298/398/204 297/397/203 
f 298/398/204 347/455/253 299/399/205 
f 299/399/205 295/395/201 298/398/204 
f 348/456/254 304/404/210 303/403/209 
f 304/404/210 349/457/255 305/405/211 
f 305/405/211 301/401/207 304/404/210 
f 350/458/256 310/459/216 309/460/215 
f 310/459/216 351/461/257 311/462/217 
f 311/462/217 307/463/213 310/459/216 
f 352/464/258 316/416/222 315/415/221 
f 316/416/222 353/465/259 317/417/223 
f 317/417/223 313/413/219 316/416/222 
f 354/466/260 322/422/228 321/421/227 
f 322/422/228 355/467/261 323/423/229 
f 323/423/229 319/419/225 322/422/228 
f 356/468/262 328/469/234 327/470/233 
f 328/469/234 357/471/263 329/472/235 
f 329/472/235 325/473/231 328/469/234 
f 358/474/264 334/434/240 333/433/239 
f 334/434/240 359/475/265 335/435/241 
f 335/435/241 331/431/237 334/434/240 
f 360/476/266 268/368/174 267/367/173 
f 336/436/242 267/367/173 266/366/172 
f 338/438/244 269/369/175 337/437/243 
f 270/370/176 273/440/179 272/477/178 
f 340/478/246 275/479/181 339/480/245 
f 276/376/182 279/379/185 278/378/184 
f 342/446/248 281/381/187 341/445/247 
f 282/382/188 285/385/191 284/384/190 
f 344/448/250 287/387/193 343/447/249 
f 288/388/194 291/450/197 290/481/196 
f 346/482/252 293/483/199 345/484/251 
f 294/394/200 297/397/203 296/396/202 
f 348/456/254 299/399/205 347/455/253 
f 300/400/206 303/403/209 302/402/208 
f 350/458/256 305/405/211 349/457/255 
f 306/406/212 309/460/215 308/485/214 
f 352/486/258 311/487/217 351/488/257 
f 312/412/218 315/415/221 314/414/220 
f 354/466/260 317/417/223 353/465/259 
f 318/418/224 321/421/227 320/420/226 
f 356/468/262 323/423/229 355/467/261 
f 324/424/230 327/470/233 326/489/232 
f 358/490/264 329/491/235 357/492/263 
f 330/430/236 333/433/239 332/432/238 
f 360/476/266 335/435/241 359/475/265 
f 361/493/267 362/494/268 363/495/269 
f 363/495/269 364/496/270 361/493/267 
f 365/497/271 366/498/272 367/499/273 
f 367/499/273 368/500/274 365/497/271 
f 369/501/275 370/502/276 371/503/277 
f 371/503/277 372/504/278 369/501/275 
f 373/505/279 374/506/280 375/507/281 
f 375/507/281 376/508/282 373/505/279 
f 377/509/283 378/510/284 379/511/285 
f 379/511/285 380/512/286 377/509/283 
f 381/513/287 382/514/288 383/515/289 
f 383/515/289 384/516/290 381/513/287 
f 385/517/291 386/518/292 387/519/293 
f 387/519/293 388/520/294 385/517/291 
f 389/521/295 390/522/296 391/523/297 
f 391/523/297 392/524/298 389/521/295 
f 393/525/299 394/526/300 395/527/301 
f 395/527/301 396/528/302 393/525/299 
f 397/529/303 398/530/304 399/531/305 
f 399/531/305 400/532/306 397/529/303 
f 401/533/307 402/534/308 403/535/309 
f 403/535/309 404/536/310 401/533/307 
f 405/537/311 406/538/312 407/539/313 
f 407/539/313 408/540/314 405/537/311 
s 2
f 409/541/315 361/542/316 410/543/315 
f 361/542/316 411/544/315 410/543/315 
f 269/545/317 411/544/315 361/542/316 
f 270/546/318 269/545/317 361/542/316 
f 412/547/319 364/548/319 413/549/319 
f 414/550/319 364/548/319 412/547/319 
f 361/542/316 364/548/319 414/550/319 
f 270/546/318 361/542/316 414/550/319 
s 4
f 269/551/320 338/552/320 415/553/321 
f 415/553/321 411/554/321 269/551/320 
s 2
f 416/555/322 363/556/323 417/557/322 
f 363/556/323 418/558/322 417/557/322 
f 273/559/324 418/558/322 363/556/323 
f 338/560/325 273/559/324 363/556/323 
f 419/561/326 362/562/326 420/563/326 
f 415/564/326 362/562/326 419/561/326 
f 363/556/323 362/562/326 415/564/326 
f 338/560/325 363/556/323 415/564/326 
s 4
f 273/565/327 270/546/327 414/550/328 
f 414/550/328 418/566/328 273/565/327 
s 2
f 421/567/329 365/568/330 422/569/329 
f 365/568/330 423/570/329 422/569/329 
f 275/571/331 423/570/329 365/568/330 
f 276/572/332 275/571/331 365/568/330 
f 424/573/333 425/574/333 426/575/333 
f 425/574/333 368/576/333 426/575/333 
f 365/568/330 368/576/333 425/574/333 
f 276/572/332 365/568/330 425/574/333 
s 4
f 423/577/334 340/578/335 427/579/334 
f 340/578/335 423/577/334 275/580/335 
s 2
f 428/581/336 429/582/336 430/583/336 
f 367/584/337 429/582/336 428/581/336 
f 279/585/338 429/582/336 367/584/337 
f 340/586/339 279/585/338 367/584/337 
f 431/587/340 427/588/340 432/589/340 
f 427/588/340 366/590/340 432/589/340 
f 367/584/337 366/590/340 427/588/340 
f 340/586/339 367/584/337 427/588/340 
s 4
f 429/591/341 276/592/342 425/593/341 
f 276/592/342 429/591/341 279/594/342 
s 2
f 433/595/343 369/596/344 434/597/343 
f 369/596/344 435/598/343 434/597/343 
f 281/599/345 435/598/343 369/596/344 
f 282/600/346 281/599/345 369/596/344 
f 436/601/347 372/602/347 437/603/347 
f 438/604/347 372/602/347 436/601/347 
f 369/596/344 372/602/347 438/604/347 
f 282/600/346 369/596/344 438/604/347 
s 4
f 281/605/348 342/606/348 439/607/349 
f 439/607/349 435/608/349 281/605/348 
s 2
f 440/609/350 371/610/351 441/611/350 
f 371/610/351 442/612/350 441/611/350 
f 285/613/352 442/612/350 371/610/351 
f 342/614/353 285/613/352 371/610/351 
f 443/615/354 370/616/354 444/617/354 
f 439/618/354 370/616/354 443/615/354 
f 371/610/351 370/616/354 439/618/354 
f 342/614/353 371/610/351 439/618/354 
s 4
f 442/619/355 282/620/356 438/621/355 
f 282/620/356 442/619/355 285/622/356 
s 2
f 445/623/357 373/624/358 446/625/357 
f 373/624/358 447/626/357 446/625/357 
f 287/627/359 447/626/357 373/624/358 
f 288/628/360 287/627/359 373/624/358 
f 448/629/361 449/630/361 450/631/361 
f 449/630/361 376/632/361 450/631/361 
f 373/624/358 376/632/361 449/630/361 
f 288/628/360 373/624/358 449/630/361 
s 4
f 447/633/362 344/634/363 451/635/362 
f 344/634/363 447/633/362 287/636/363 
s 2
f 452/637/364 375/638/365 453/639/364 
f 375/638/365 454/640/364 453/639/364 
f 291/641/366 454/640/364 375/638/365 
f 344/642/367 291/641/366 375/638/365 
f 455/643/368 451/644/368 456/645/368 
f 451/644/368 374/646/368 456/645/368 
f 375/638/365 374/646/368 451/644/368 
f 344/642/367 375/638/365 451/644/368 
s 4
f 454/647/369 288/648/370 449/649/369 
f 288/648/370 454/647/369 291/650/370 
s 2
f 457/651/371 377/652/372 458/653/371 
f 377/652/372 459/654/371 458/653/371 
f 293/655/373 459/654/371 377/652/372 
f 294/656/374 293/655/373 377/652/372 
f 460/657/375 461/658/375 462/659/375 
f 461/658/375 380/660/375 462/659/375 
f 377/652/372 380/660/375 461/658/375 
f 294/656/374 377/652/372 461/658/375 
s 4
f 293/661/376 346/662/376 463/663/377 
f 463/663/377 459/664/378 293/661/376 
s 2
f 464/665/379 379/666/380 465/667/379 
f 379/666/380 466/668/379 465/667/379 
f 297/669/381 466/668/379 379/666/380 
f 346/670/382 297/669/381 379/666/380 
f 467/671/383 378/672/383 468/673/383 
f 463/674/383 378/672/383 467/671/383 
f 379/666/380 378/672/383 463/674/383 
f 346/670/382 379/666/380 463/674/383 
s 4
f 297/675/384 294/676/384 461/677/385 
f 461/677/385 466/678/385 297/675/384 
s 2
f 469/679/386 470/680/386 471/681/386 
f 299/682/387 470/680/386 469/679/386 
f 299/682/387 469/679/386 381/683/388 
f 300/684/389 299/682/387 381/683/388 
f 381/683/388 384/685/390 472/686/390 
f 473/687/390 472/686/390 474/688/390 
f 381/683/388 472/686/390 473/687/390 
f 300/684/389 381/683/388 473/687/390 
s 4
f 470/689/391 348/690/392 475/691/393 
f 348/690/392 470/689/391 299/692/392 
s 2
f 476/693/394 477/694/394 478/695/394 
f 303/696/395 477/694/394 476/693/394 
f 303/696/395 476/693/394 383/697/396 
f 348/698/397 303/696/395 383/697/396 
f 479/699/398 382/700/398 480/701/398 
f 383/697/396 382/700/398 479/699/398 
f 383/697/396 479/699/398 475/702/398 
f 348/698/397 383/697/396 475/702/398 
s 4
f 303/703/399 300/704/399 473/705/400 
f 473/705/400 477/706/401 303/703/399 
s 2
f 481/707/402 482/708/402 483/709/402 
f 305/710/403 482/708/402 481/707/402 
f 305/710/403 481/707/402 385/711/404 
f 306/712/405 305/710/403 385/711/404 
f 484/713/406 388/714/406 485/715/406 
f 385/711/404 388/714/406 484/713/406 
f 385/711/404 484/713/406 486/716/406 
f 306/712/405 385/711/404 486/716/406 
s 4
f 305/717/407 350/718/407 487/719/408 
f 487/719/408 482/720/409 305/717/407 
s 2
f 309/721/410 488/722/411 489/723/411 
f 387/724/412 489/723/411 490/725/411 
f 309/721/410 489/723/411 387/724/412 
f 350/726/413 309/721/410 387/724/412 
f 387/724/412 386/727/414 491/728/414 
f 387/724/412 491/728/414 492/729/414 
f 387/724/412 492/729/414 487/730/414 
f 350/726/413 387/724/412 487/730/414 
s 4
f 488/731/415 306/732/416 486/733/415 
f 306/732/416 488/731/415 309/734/416 
s 2
f 311/735/417 493/736/418 494/737/418 
f 311/735/417 494/737/418 495/738/418 
f 311/735/417 495/738/418 389/739/419 
f 312/740/420 311/735/417 389/739/419 
f 389/739/419 392/741/421 496/742/421 
f 389/739/419 496/742/421 497/743/421 
f 389/739/419 497/743/421 498/744/421 
f 312/740/420 389/739/419 498/744/421 
s 4
f 493/745/422 352/746/423 499/747/424 
f 352/746/423 493/745/422 311/748/423 
s 2
f 315/749/425 500/750/426 501/751/426 
f 391/752/427 501/751/426 502/753/426 
f 315/749/425 501/751/426 391/752/427 
f 352/754/428 315/749/425 391/752/427 
f 391/752/427 390/755/429 503/756/429 
f 391/752/427 503/756/429 504/757/429 
f 391/752/427 504/757/429 499/758/429 
f 352/754/428 391/752/427 499/758/429 
s 4
f 315/759/430 312/760/430 498/761/431 
f 498/761/431 500/762/432 315/759/430 
s 2
f 317/763/433 505/764/434 506/765/434 
f 317/763/433 506/765/434 507/766/434 
f 317/763/433 507/766/434 393/767/435 
f 318/768/436 317/763/433 393/767/435 
f 393/767/435 396/769/437 508/770/437 
f 393/767/435 508/770/437 509/771/437 
f 393/767/435 509/771/437 510/772/437 
f 318/768/436 393/767/435 510/772/437 
s 4
f 505/773/438 354/774/439 511/775/438 
f 354/774/439 505/773/438 317/776/439 
s 2
f 321/777/440 512/778/441 513/779/441 
f 395/780/442 513/779/441 514/781/441 
f 321/777/440 513/779/441 395/780/442 
f 354/782/443 321/777/440 395/780/442 
f 395/780/442 394/783/444 515/784/444 
f 395/780/442 515/784/444 516/785/444 
f 395/780/442 516/785/444 511/786/444 
f 354/782/443 395/780/442 511/786/444 
s 4
f 512/787/445 318/788/446 510/789/445 
f 318/788/446 512/787/445 321/790/446 
s 2
f 323/791/447 517/792/448 518/793/448 
f 323/791/447 518/793/448 519/794/448 
f 323/791/447 519/794/448 397/795/449 
f 324/796/450 323/791/447 397/795/449 
f 397/795/449 400/797/451 520/798/451 
f 397/795/449 520/798/451 521/799/451 
f 397/795/449 521/799/451 522/800/451 
f 324/796/450 397/795/449 522/800/451 
s 4
f 517/801/452 356/802/453 523/803/454 
f 356/802/453 517/801/452 323/804/453 
s 2
f 524/805/455 525/806/455 526/807/455 
f 327/808/456 525/806/455 524/805/455 
f 327/808/456 524/805/455 399/809/457 
f 356/810/458 327/808/456 399/809/457 
f 399/809/457 398/811/459 527/812/459 
f 399/809/457 527/812/459 528/813/459 
f 399/809/457 528/813/459 523/814/459 
f 356/810/458 399/809/457 523/814/459 
s 4
f 327/815/460 324/816/460 522/817/461 
f 522/817/461 525/818/461 327/815/460 
s 2
f 529/819/462 530/820/462 531/821/462 
f 329/822/463 530/820/462 529/819/462 
f 329/822/463 529/819/462 401/823/464 
f 330/824/465 329/822/463 401/823/464 
f 532/825/466 533/826/466 534/827/466 
f 533/826/466 404/828/466 534/827/466 
f 401/823/464 404/828/466 533/826/466 
f 330/824/465 401/823/464 533/826/466 
s 4
f 329/829/467 358/830/467 535/831/468 
f 535/831/468 530/832/468 329/829/467 
s 2
f 536/833/469 537/834/469 538/835/469 
f 333/836/470 537/834/469 536/833/469 
f 333/836/470 536/833/469 403/837/471 
f 358/838/472 333/836/470 403/837/471 
f 539/839/473 402/840/473 540/841/473 
f 535/842/473 402/840/473 539/839/473 
f 403/837/471 402/840/473 535/842/473 
f 358/838/472 403/837/471 535/842/473 
s 4
f 333/843/474 330/844/474 533/845/475 
f 533/845/475 537/846/475 333/843/474 
s 2
f 541/847/476 405/848/477 542/849/476 
f 405/848/477 543/850/476 542/849/476 
f 335/851/478 543/850/476 405/848/477 
f 336/852/479 335/851/478 405/848/477 
f 544/853/480 408/854/480 545/855/480 
f 405/848/477 408/854/480 544/853/480 
f 405/848/477 544/853/480 546/856/480 
f 336/852/479 405/848/477 546/856/480 
s 4
f 543/857/481 360/858/482 547/859/481 
f 360/858/482 543/857/481 335/860/482 
s 2
f 548/861/483 549/862/483 550/863/483 
f 267/864/484 549/862/483 548/861/483 
f 267/864/484 548/861/483 407/865/485 
f 360/866/486 267/864/484 407/865/485 
f 551/867/487 547/868/487 552/869/487 
f 547/868/487 406/870/487 552/869/487 
f 407/865/485 406/870/487 547/868/487 
f 360/866/486 407/865/485 547/868/487 
s 4
f 549/871/488 336/872/489 546/873/490 
f 336/872/489 549/871/488 267/874/489 
s 1
f 420/875/491 362/494/268 361/493/267 
f 361/493/267 409/876/492 420/875/491 
f 413/877/493 364/496/270 363/495/269 
f 363/495/269 416/878/494 413/877/493 
f 432/879/495 366/498/272 365/497/271 
f 365/497/271 421/880/496 432/879/495 
f 426/881/497 368/500/274 367/499/273 
f 367/499/273 428/882/498 426/881/497 
f 444/883/499 370/502/276 369/501/275 
f 369/501/275 433/884/500 444/883/499 
f 437/885/501 372/504/278 371/503/277 
f 371/503/277 440/886/502 437/885/501 
f 456/887/503 374/506/280 373/505/279 
f 373/505/279 445/888/504 456/887/503 
f 450/889/505 376/508/282 375/507/281 
f 375/507/281 452/890/506 450/889/505 
f 468/891/507 378/510/284 377/509/283 
f 377/509/283 457/892/508 468/891/507 
f 462/893/509 380/512/286 379/511/285 
f 379/511/285 464/894/510 462/893/509 
f 480/895/511 382/514/288 381/513/287 
f 381/513/287 469/896/512 480/895/511 
f 472/897/513 384/516/290 383/515/289 
f 383/515/289 476/898/514 472/897/513 
f 491/899/515 386/518/292 385/517/291 
f 385/517/291 481/900/516 491/899/515 
f 485/901/517 388/520/294 387/519/293 
f 387/519/293 490/902/518 485/901/517 
f 503/903/519 390/522/296 389/521/295 
f 389/521/295 495/904/520 503/903/519 
f 496/905/521 392/524/298 391/523/297 
f 391/523/297 502/906/522 496/905/521 
f 515/907/523 394/526/300 393/525/299 
f 393/525/299 507/908/524 515/907/523 
f 508/909/525 396/528/302 395/527/301 
f 395/527/301 514/910/526 508/909/525 
f 527/911/527 398/530/304 397/529/303 
f 397/529/303 519/912/528 527/911/527 
f 520/913/529 400/532/306 399/531/305 
f 399/531/305 524/914/530 520/913/529 
f 540/915/531 402/534/308 401/533/307 
f 401/533/307 529/916/532 540/915/531 
f 534/917/533 404/536/310 403/535/309 
f 403/535/309 536/918/534 534/917/533 
f 552/919/535 406/538/312 405/537/311 
f 405/537/311 541/920/536 552/919/535 
f 545/921/537 408/540/314 407/539/313 
f 407/539/313 548/922/538 545/921/537 
s 8
f 419/923/539 420/875/540 409/876/539 
f 409/876/539 410/924/539 419/923/539 
s 4
f 415/553/321 419/925/541 410/926/541 
f 410/926/541 411/554/321 415/553/321 
s 8
f 412/927/542 413/928/542 416/929/542 
f 416/929/542 417/930/542 412/927/542 
s 4
f 414/931/328 412/932/543 417/933/543 
f 417/933/543 418/934/328 414/931/328 
s 8
f 431/935/544 432/936/544 421/937/544 
f 421/937/544 422/938/544 431/935/544 
s 4
f 427/579/334 431/939/545 422/940/545 
f 422/940/545 423/577/334 427/579/334 
s 8
f 424/941/546 426/881/546 428/882/546 
f 428/882/546 430/942/547 424/941/546 
s 4
f 425/593/341 424/943/548 430/944/548 
f 430/944/548 429/591/341 425/593/341 
s 8
f 443/945/549 444/946/550 433/947/549 
f 433/947/549 434/948/549 443/945/549 
s 4
f 439/949/349 443/950/551 434/951/551 
f 434/951/551 435/952/349 439/949/349 
s 8
f 436/953/552 437/954/553 440/955/552 
f 440/955/552 441/956/552 436/953/552 
s 4
f 438/621/355 436/957/554 441/958/554 
f 441/958/554 442/619/355 438/621/355 
s 8
f 455/959/555 456/887/556 445/888/555 
f 445/888/555 446/960/557 455/959/555 
s 4
f 451/635/362 455/961/558 446/962/558 
f 446/962/558 447/633/362 451/635/362 
s 8
f 448/963/559 450/964/560 452/965/559 
f 452/965/559 453/966/559 448/963/559 
s 4
f 449/649/369 448/967/561 453/968/561 
f 453/968/561 454/647/369 449/649/369 
s 8
f 467/969/562 468/970/562 457/971/563 
f 457/971/563 458/972/564 467/969/562 
s 4
f 463/663/378 467/973/565 458/974/565 
f 458/974/565 459/664/378 463/663/378 
s 8
f 460/975/566 462/893/566 464/894/566 
f 464/894/566 465/976/566 460/975/566 
s 4
f 461/677/385 460/977/567 465/978/567 
f 465/978/567 466/678/385 461/677/385 
s 8
f 479/979/568 480/980/568 469/981/568 
f 469/981/568 471/982/568 479/979/568 
s 4
f 475/983/393 479/984/569 471/985/569 
f 471/985/569 470/986/391 475/983/393 
s 8
f 474/987/570 472/988/570 476/989/570 
f 476/989/570 478/990/570 474/987/570 
s 4
f 473/705/400 474/991/571 478/992/571 
f 478/992/571 477/706/401 473/705/400 
s 8
f 492/993/572 491/899/572 481/900/572 
f 481/900/572 483/994/572 492/993/572 
s 4
f 487/719/408 492/995/573 483/996/573 
f 483/996/573 482/720/409 487/719/408 
s 8
f 484/997/574 485/998/574 490/999/574 
f 490/999/574 489/1000/574 484/997/574 
s 4
f 486/733/415 484/1001/575 489/1002/575 
f 489/1002/575 488/731/415 486/733/415 
s 8
f 504/1003/576 503/1004/576 495/1005/576 
f 495/1005/576 494/1006/576 504/1003/576 
s 4
f 499/747/424 504/1007/577 494/1008/577 
f 494/1008/577 493/745/422 499/747/424 
s 8
f 497/1009/578 496/905/578 502/906/578 
f 502/906/578 501/1010/579 497/1009/579 
s 4
f 498/761/431 497/1011/580 501/1012/580 
f 501/1012/580 500/762/432 498/761/431 
s 8
f 516/1013/581 515/1014/581 507/1015/581 
f 507/1015/581 506/1016/581 516/1013/581 
s 4
f 511/1017/438 516/1018/582 506/1019/582 
f 506/1019/582 505/1020/438 511/1017/438 
s 8
f 509/1021/583 508/1022/583 514/1023/583 
f 514/1023/583 513/1024/584 509/1021/583 
s 4
f 510/789/445 509/1025/585 513/1026/585 
f 513/1026/585 512/787/445 510/789/445 
s 8
f 528/1027/586 527/911/586 519/912/586 
f 519/912/586 518/1028/587 528/1027/586 
s 4
f 523/803/454 528/1029/588 518/1030/588 
f 518/1030/588 517/801/452 523/803/454 
s 8
f 521/1031/589 520/1032/589 524/1033/589 
f 524/1033/589 526/1034/590 521/1031/589 
s 4
f 522/817/461 521/1035/591 526/1036/591 
f 526/1036/591 525/818/461 522/817/461 
s 8
f 539/1037/592 540/1038/592 529/1039/592 
f 529/1039/592 531/1040/593 539/1037/592 
s 4
f 535/831/468 539/1041/594 531/1042/594 
f 531/1042/594 530/832/468 535/831/468 
s 8
f 532/1043/595 534/917/595 536/918/595 
f 536/918/595 538/1044/596 532/1043/595 
s 4
f 533/845/475 532/1045/597 538/1046/597 
f 538/1046/597 537/846/475 533/845/475 
s 8
f 551/1047/598 552/1048/599 541/1049/600 
f 541/1049/600 542/1050/601 551/1047/598 
s 4
f 547/1051/481 551/1052/602 542/1053/602 
f 542/1053/602 543/1054/481 547/1051/481 
s 8
f 544/1055/603 545/1056/603 548/1057/603 
f 548/1057/603 550/1058/603 544/1055/603 
s 4
f 546/873/490 544/1059/604 550/1060/604 
f 550/1060/604 549/871/488 546/873/490 
s 1
f 337/437/243 268/368/174 242/1061/605 
f 242/1061/605 241/1062/2 337/437/243 
f 274/439/180 338/438/244 241/1062/2 
f 241/1062/2 243/1063/606 274/439/180 
f 339/441/245 274/439/180 243/1063/606 
f 243/1063/606 244/1064/607 339/441/245 
f 280/380/186 340/444/246 244/1065/607 
f 244/1065/607 245/1066/608 280/380/186 
f 341/445/247 280/380/186 245/1066/608 
f 245/1066/608 246/1067/6 341/445/247 
f 286/386/192 342/446/248 246/1067/6 
f 246/1067/6 247/1068/609 286/386/192 
f 343/447/249 286/386/192 247/1068/609 
f 247/1068/609 248/1069/8 343/447/249 
f 292/449/198 344/448/250 248/1069/8 
f 248/1069/8 249/1070/610 292/449/198 
f 345/451/251 292/449/198 249/1070/610 
f 249/1070/610 250/1071/10 345/451/251 
f 298/398/204 346/454/252 250/1072/10 
f 250/1072/10 251/1073/611 298/398/204 
f 347/455/253 298/398/204 251/1073/611 
f 251/1073/611 252/1074/612 347/455/253 
f 304/404/210 348/456/254 252/1074/612 
f 252/1074/612 253/1075/613 304/404/210 
f 349/457/255 304/404/210 253/1075/613 
f 253/1075/613 254/1076/614 349/457/255 
f 310/459/216 350/458/256 254/1076/614 
f 254/1076/614 255/1077/15 310/459/216 
f 351/461/257 310/459/216 255/1077/15 
f 255/1077/15 256/1078/615 351/461/257 
f 316/416/222 352/464/258 256/1079/615 
f 256/1079/615 257/1080/17 316/416/222 
f 353/465/259 316/416/222 257/1080/17 
f 257/1080/17 258/1081/616 353/465/259 
f 322/422/228 354/466/260 258/1081/616 
f 258/1081/616 259/1082/617 322/422/228 
f 355/467/261 322/422/228 259/1082/617 
f 259/1082/617 260/1083/20 355/467/261 
f 328/469/234 356/468/262 260/1083/20 
f 260/1083/20 261/1084/21 328/469/234 
f 357/471/263 328/469/234 261/1084/21 
f 261/1084/21 262/1085/618 357/471/263 
f 334/434/240 358/474/264 262/1086/618 
f 262/1086/618 263/1087/23 334/434/240 
f 359/475/265 334/434/240 263/1087/23 
f 263/1087/23 264/1088/619 359/475/265 
f 268/368/174 360/476/266 264/1088/619 
f 264/1088/619 242/1061/605 268/368/174 
f 338/438/244 337/437/243 241/1062/2 
f 340/478/246 339/480/245 244/1089/607 
f 342/446/248 341/445/247 246/1067/6 
f 344/448/250 343/447/249 248/1069/8 
f 346/482/252 345/484/251 250/1090/10 
f 348/456/254 347/455/253 252/1074/612 
f 350/458/256 349/457/255 254/1076/614 
f 352/486/258 351/488/257 256/1091/615 
f 354/466/260 353/465/259 258/1081/616 
f 356/468/262 355/467/261 260/1083/20 
f 358/490/264 357/492/263 262/1092/618 
f 360/476/266 359/475/265 264/1088/619 
f 266/1093/172 265/1094/171 553/1095/620 
f 553/1095/620 554/1096/621 266/1093/172 
f 265/1094/171 270/1097/176 555/1098/622 
f 555/1098/622 553/1095/620 265/1094/171 
f 272/1099/178 271/1100/177 556/1101/623 
f 556/1101/623 555/1098/622 272/1099/178 
f 271/1100/177 276/1102/182 557/1103/624 
f 557/1103/624 556/1101/623 271/1100/177 
f 278/1104/184 277/1105/183 558/1106/625 
f 558/1106/625 557/1103/624 278/1104/184 
f 277/1105/183 282/1107/188 559/1108/626 
f 559/1108/626 558/1106/625 277/1105/183 
f 284/1109/190 283/1110/189 560/1111/627 
f 560/1111/627 559/1108/626 284/1109/190 
f 283/1110/189 288/1112/194 561/1113/628 
f 561/1113/628 560/1111/627 283/1110/189 
f 290/1114/196 289/1115/195 562/1116/629 
f 562/1116/629 561/1113/628 290/1114/196 
f 289/1115/195 294/1117/200 563/1118/630 
f 563/1118/630 562/1116/629 289/1115/195 
f 296/1119/202 295/1120/201 564/1121/631 
f 564/1121/631 563/1118/630 296/1119/202 
f 295/1120/201 300/1122/206 565/1123/632 
f 565/1123/632 564/1121/631 295/1120/201 
f 302/1124/208 301/1125/207 566/1126/633 
f 566/1126/633 565/1123/632 302/1124/208 
f 301/1125/207 306/1127/212 567/1128/634 
f 567/1128/634 566/1126/633 301/1125/207 
f 308/1129/214 307/1130/213 568/1131/635 
f 568/1131/635 567/1128/634 308/1129/214 
f 307/1130/213 312/1132/218 569/1133/636 
f 569/1133/636 568/1131/635 307/1130/213 
f 314/1134/220 313/1135/219 570/1136/637 
f 570/1136/637 569/1133/636 314/1134/220 
f 313/1135/219 318/1137/224 571/1138/638 
f 571/1138/638 570/1136/637 313/1135/219 
f 320/1139/226 319/1140/225 572/1141/639 
f 572/1141/639 571/1138/638 320/1139/226 
f 319/1140/225 324/1142/230 573/1143/640 
f 573/1143/640 572/1141/639 319/1140/225 
f 326/1144/232 325/1145/231 574/1146/641 
f 574/1146/641 573/1147/640 326/1144/232 
f 325/1145/231 330/1148/236 575/1149/642 
f 575/1149/642 574/1146/641 325/1145/231 
f 332/1150/238 331/1151/237 576/1152/643 
f 576/1152/643 575/1149/642 332/1150/238 
f 331/1151/237 336/1153/242 554/1096/621 
f 554/1096/621 576/1152/643 331/1151/237 
f 336/1153/242 266/1093/172 554/1096/621 
f 270/1097/176 272/1099/178 555/1098/622 
f 276/1102/182 278/1104/184 557/1103/624 
f 282/1107/188 284/1109/190 559/1108/626 
f 288/1112/194 290/1114/196 561/1113/628 
f 294/1117/200 296/1119/202 563/1118/630 
f 300/1122/206 302/1124/208 565/1123/632 
f 306/1127/212 308/1129/214 567/1128/634 
f 312/1132/218 314/1134/220 569/1133/636 
f 318/1137/224 320/1139/226 571/1138/638 
f 324/1142/230 326/1154/232 573/1143/640 
f 330/1148/236 332/1150/238 575/1149/642 
s 2
f 554/1155/26 553/1156/26 577/1157/26 
f 577/1157/26 578/1158/26 554/1155/26 
f 577/1157/26 555/1159/26 579/1160/26 
f 555/1159/26 577/1157/26 553/1156/26 
f 555/1159/26 556/1161/26 580/1162/26 
f 580/1162/26 579/1160/26 555/1159/26 
f 580/1162/26 557/1163/26 581/1164/26 
f 557/1163/26 580/1162/26 556/1161/26 
f 557/1163/26 558/1165/26 582/1166/26 
f 582/1166/26 581/1164/26 557/1163/26 
f 582/1166/26 559/1167/26 583/1168/26 
f 559/1167/26 582/1166/26 558/1165/26 
f 559/1167/26 560/1169/26 584/1170/26 
f 584/1170/26 583/1168/26 559/1167/26 
f 584/1170/26 561/1171/26 585/1172/26 
f 561/1171/26 584/1170/26 560/1169/26 
f 561/1171/26 562/1173/26 586/1174/26 
f 586/1174/26 585/1172/26 561/1171/26 
f 586/1174/26 563/1175/26 587/1176/26 
f 563/1175/26 586/1174/26 562/1173/26 
f 563/1175/26 564/1177/26 588/1178/26 
f 588/1178/26 587/1176/26 563/1175/26 
f 588/1178/26 565/1179/26 589/1180/26 
f 565/1179/26 588/1178/26 564/1177/26 
f 565/1179/26 566/1181/26 590/1182/26 
f 590/1182/26 589/1180/26 565/1179/26 
f 591/1183/26 567/1184/26 592/1185/26 
f 567/1184/26 591/1183/26 566/1181/26 
f 567/1184/26 568/1186/26 593/1187/26 
f 593/1187/26 592/1185/26 567/1184/26 
f 593/1187/26 569/1188/26 594/1189/26 
f 569/1188/26 593/1187/26 568/1186/26 
f 569/1188/26 570/1190/26 595/1191/26 
f 595/1191/26 594/1189/26 569/1188/26 
f 595/1191/26 571/1192/26 596/1193/26 
f 571/1192/26 595/1191/26 570/1190/26 
f 571/1192/26 572/1194/26 597/1195/26 
f 597/1195/26 596/1193/26 571/1192/26 
f 597/1195/26 573/1196/26 598/1197/26 
f 573/1196/26 597/1195/26 572/1194/26 
f 573/1196/26 574/1198/26 599/1199/26 
f 599/1199/26 598/1197/26 573/1196/26 
f 574/1198/26 575/1200/26 600/1201/26 
f 600/1201/26 599/1199/26 574/1198/26 
f 575/1200/26 576/1202/26 601/1203/26 
f 601/1203/26 602/1204/26 575/1200/26 
f 601/1203/26 554/1155/26 578/1158/26 
f 554/1155/26 601/1203/26 576/1202/26 
s 1
f 578/1205/644 577/1206/633 603/1207/633 
f 603/1207/633 604/1208/644 578/1205/644 
f 577/1206/633 579/1209/645 605/1210/645 
f 605/1210/645 603/1207/633 577/1206/633 
f 579/1209/645 580/1211/646 606/1212/646 
f 606/1212/646 605/1210/645 579/1209/645 
f 606/1212/646 581/1213/636 607/1214/636 
f 581/1213/636 606/1212/646 580/1211/646 
f 607/1214/636 582/1215/637 608/1216/637 
f 582/1215/637 607/1214/636 581/1213/636 
f 582/1215/637 583/1217/638 609/1218/638 
f 609/1218/638 608/1216/637 582/1215/637 
f 583/1217/638 584/1219/639 610/1220/639 
f 610/1220/639 609/1218/638 583/1217/638 
f 584/1219/639 585/1221/640 611/1222/640 
f 611/1222/640 610/1220/639 584/1219/639 
f 585/1221/640 586/1223/641 612/1224/641 
f 612/1224/641 611/1222/640 585/1221/640 
f 586/1223/641 587/1225/647 613/1226/647 
f 613/1226/647 612/1224/641 586/1223/641 
f 587/1225/647 588/1227/648 614/1228/648 
f 614/1228/648 613/1226/647 587/1225/647 
f 588/1227/648 589/1229/649 615/1230/649 
f 615/1230/649 614/1228/648 588/1227/648 
f 589/1229/649 590/1231/650 616/1232/650 
f 616/1232/650 615/1230/649 589/1229/649 
f 591/1233/651 592/1234/652 617/1235/652 
f 617/1235/652 618/1236/651 591/1233/651 
f 592/1234/652 593/1237/623 619/1238/623 
f 619/1238/623 617/1235/652 592/1234/652 
f 619/1238/623 594/1239/624 620/1240/624 
f 594/1239/624 619/1238/623 593/1237/623 
f 594/1239/624 595/1241/653 621/1242/653 
f 621/1242/653 620/1240/624 594/1239/624 
f 595/1241/653 596/1243/626 622/1244/626 
f 622/1244/626 621/1242/653 595/1241/653 
f 596/1243/626 597/1245/627 623/1246/627 
f 623/1246/627 622/1244/626 596/1243/626 
f 597/1245/627 598/1247/628 624/1248/628 
f 624/1248/628 623/1246/627 597/1245/627 
f 598/1247/628 599/1249/654 625/1250/654 
f 625/1250/654 624/1248/628 598/1247/628 
f 599/1249/654 600/1251/629 626/1252/629 
f 626/1252/629 625/1250/654 599/1249/654 
f 602/1253/655 601/1254/656 627/1255/656 
f 627/1255/656 628/1256/655 602/1253/655 
f 601/1254/656 578/1205/644 604/1208/644 
f 604/1208/644 627/1255/656 601/1254/656 
s 2
f 604/1257/26 603/1258/26 629/1259/26 
f 629/1259/26 630/1260/26 604/1257/26 
f 603/1258/26 605/1261/26 631/1262/26 
f 631/1262/26 629/1259/26 603/1258/26 
f 605/1261/26 606/1263/26 632/1264/26 
f 632/1264/26 631/1262/26 605/1261/26 
f 606/1263/26 607/1265/26 633/1266/26 
f 633/1266/26 632/1264/26 606/1263/26 
f 607/1265/26 608/1267/26 634/1268/26 
f 634/1268/26 633/1266/26 607/1265/26 
f 634/1268/26 609/1269/26 635/1270/26 
f 609/1269/26 634/1268/26 608/1267/26 
f 609/1269/26 610/1271/26 636/1272/26 
f 636/1272/26 635/1270/26 609/1269/26 
f 636/1272/26 611/1273/26 637/1274/26 
f 611/1273/26 636/1272/26 610/1271/26 
f 611/1273/26 612/1275/26 638/1276/26 
f 638/1276/26 637/1274/26 611/1273/26 
f 612/1275/26 613/1277/26 639/1278/26 
f 639/1278/26 638/1276/26 612/1275/26 
f 613/1277/26 614/1279/26 640/1280/26 
f 640/1280/26 639/1278/26 613/1277/26 
f 614/1279/26 615/1281/26 641/1282/26 
f 641/1282/26 640/1280/26 614/1279/26 
f 615/1281/26 616/1283/26 618/1284/26 
f 642/1285/26 641/1282/26 615/1281/26 
f 618/1284/26 617/1286/26 643/1287/26 
f 643/1287/26 642/1285/26 618/1284/26 
f 617/1286/26 619/1288/26 644/1289/26 
f 644/1289/26 643/1287/26 617/1286/26 
f 644/1289/26 620/1290/26 645/1291/26 
f 620/1290/26 644/1289/26 619/1288/26 
f 620/1290/26 621/1292/26 646/1293/26 
f 646/1293/26 645/1291/26 620/1290/26 
f 646/1293/26 622/1294/26 647/1295/26 
f 622/1294/26 646/1293/26 621/1292/26 
f 622/1294/26 623/1296/26 648/1297/26 
f 648/1297/26 647/1295/26 622/1294/26 
f 648/1297/26 624/1298/26 649/1299/26 
f 624/1298/26 648/1297/26 623/1296/26 
f 624/1298/26 625/1300/26 650/1301/26 
f 650/1301/26 649/1299/26 624/1298/26 
f 650/1301/26 626/1302/26 651/1303/26 
f 626/1302/26 650/1301/26 625/1300/26 
f 628/1304/26 627/1305/26 652/1306/26 
f 652/1306/26 651/1303/26 626/1302/26 
f 652/1306/26 604/1257/26 630/1260/26 
f 604/1257/26 652/1306/26 627/1305/26 
f 566/1181/26 591/1183/26 590/1182/26 
f 575/1200/26 602/1204/26 600/1201/26 
f 618/1284/26 642/1285/26 615/1281/26 
f 628/1304/26 652/1306/26 626/1302/26 
f 602/1204/26 591/1183/26 600/1201/26 
f 591/1183/26 602/1204/26 590/1182/26 
s 4
f 591/1233/657 618/1236/657 626/1307/657 
f 626/1307/657 600/1308/657 591/1233/657 
s 8
f 618/1309/25 616/1310/25 628/1311/25 
f 628/1311/25 626/1312/25 618/1309/25 
s 4
f 616/1313/7 590/1314/7 602/1253/7 
f 602/1253/7 628/1256/7 616/1313/7 
s 1
f 630/1315/658 629/1316/658 653/1317/658 
f 653/1317/658 654/1318/658 630/1315/658 
f 629/1316/659 631/1319/659 655/1320/659 
f 655/1320/659 653/1317/659 629/1316/659 
f 631/1319/660 632/1321/660 656/1322/660 
f 656/1322/660 655/1320/660 631/1319/660 
f 632/1321/661 633/1323/661 657/1324/661 
f 657/1324/661 656/1322/661 632/1321/661 
f 633/1323/662 634/1325/662 658/1326/662 
f 658/1326/662 657/1324/662 633/1323/662 
f 634/1325/663 635/1327/663 659/1328/663 
f 659/1328/663 658/1326/663 634/1325/663 
f 635/1327/664 636/1329/664 660/1330/664 
f 660/1330/664 659/1328/664 635/1327/664 
f 636/1329/665 637/1331/665 661/1332/665 
f 661/1332/665 660/1330/665 636/1329/665 
f 637/1331/666 638/1333/666 662/1334/666 
f 662/1334/666 661/1332/666 637/1331/666 
f 638/1333/667 639/1335/667 663/1336/667 
f 663/1336/667 662/1334/667 638/1333/667 
f 639/1335/668 640/1337/668 664/1338/668 
f 664/1338/668 663/1336/668 639/1335/668 
f 664/1338/669 641/1339/669 665/1340/669 
f 641/1339/669 664/1338/669 640/1337/669 
f 641/1339/670 642/1341/670 666/1342/670 
f 666/1342/670 665/1340/670 641/1339/670 
f 642/1341/671 643/1343/671 667/1344/671 
f 667/1344/671 666/1342/671 642/1341/671 
f 643/1345/672 644/1346/672 668/1347/672 
f 668/1347/672 667/1348/672 643/1345/672 
f 644/1346/673 645/1349/673 669/1350/673 
f 669/1350/673 668/1347/673 644/1346/673 
f 645/1349/674 646/1351/674 670/1352/674 
f 670/1352/674 669/1350/674 645/1349/674 
f 646/1351/675 647/1353/675 671/1354/675 
f 671/1354/675 670/1352/675 646/1351/675 
f 647/1353/676 648/1355/676 672/1356/676 
f 672/1356/676 671/1354/676 647/1353/676 
f 648/1355/677 649/1357/677 673/1358/677 
f 673/1358/677 672/1356/677 648/1355/677 
f 673/1358/678 650/1359/678 674/1360/678 
f 650/1359/678 673/1358/678 649/1357/678 
f 650/1359/679 651/1361/679 675/1362/679 
f 675/1362/679 674/1360/679 650/1359/679 
f 651/1361/680 652/1363/680 676/1364/680 
f 676/1364/680 675/1362/680 651/1361/680 
f 652/1363/681 630/1315/681 654/1318/681 
f 654/1318/681 676/1364/681 652/1363/681 
s 2
f 654/1365/26 653/1366/26 677/1367/26 
f 677/1367/26 678/1368/26 654/1365/26 
f 677/1367/26 655/1369/26 679/1370/26 
f 655/1369/26 677/1367/26 653/1366/26 
f 655/1369/26 656/1371/26 680/1372/26 
f 680/1372/26 679/1370/26 655/1369/26 
f 680/1372/26 657/1373/26 681/1374/26 
f 657/1373/26 680/1372/26 656/1371/26 
f 657/1373/26 658/1375/26 682/1376/26 
f 682/1376/26 681/1374/26 657/1373/26 
f 682/1376/26 659/1377/26 683/1378/26 
f 659/1377/26 682/1376/26 658/1375/26 
f 659/1377/26 660/1379/26 684/1380/26 
f 684/1380/26 683/1378/26 659/1377/26 
f 684/1380/26 661/1381/26 685/1382/26 
f 661/1381/26 684/1380/26 660/1379/26 
f 661/1381/26 662/1383/26 686/1384/26 
f 686/1384/26 685/1382/26 661/1381/26 
f 686/1384/26 663/1385/26 687/1386/26 
f 663/1385/26 686/1384/26 662/1383/26 
f 663/1385/26 664/1387/26 688/1388/26 
f 688/1388/26 687/1386/26 663/1385/26 
f 688/1388/26 665/1389/26 689/1390/26 
f 665/1389/26 688/1388/26 664/1387/26 
f 665/1389/26 666/1391/26 690/1392/26 
f 690/1392/26 689/1390/26 665/1389/26 
f 690/1392/26 667/1393/26 691/1394/26 
f 667/1393/26 690/1392/26 666/1391/26 
f 667/1393/26 668/1395/26 692/1396/26 
f 692/1396/26 691/1394/26 667/1393/26 
f 692/1396/26 669/1397/26 693/1398/26 
f 669/1397/26 692/1396/26 668/1395/26 
f 669/1397/26 670/1399/26 694/1400/26 
f 694/1400/26 693/1398/26 669/1397/26 
f 694/1400/26 671/1401/26 695/1402/26 
f 671/1401/26 694/1400/26 670/1399/26 
f 671/1401/26 672/1403/26 696/1404/26 
f 696/1404/26 695/1402/26 671/1401/26 
f 696/1404/26 673/1405/26 697/1406/26 
f 673/1405/26 696/1404/26 672/1403/26 
f 673/1405/26 674/1407/26 698/1408/26 
f 698/1408/26 697/1406/26 673/1405/26 
f 698/1408/26 675/1409/26 699/1410/26 
f 675/1409/26 698/1408/26 674/1407/26 
f 675/1409/26 676/1411/26 700/1412/26 
f 700/1412/26 699/1410/26 675/1409/26 
f 700/1412/26 654/1365/26 678/1368/26 
f 654/1365/26 700/1412/26 676/1411/26 
s 1
f 678/1413/658 677/1414/658 701/1415/658 
f 701/1415/658 702/1416/658 678/1413/658 
f 677/1414/659 679/1417/659 703/1418/659 
f 703/1418/659 701/1415/659 677/1414/659 
f 679/1417/660 680/1419/660 704/1420/660 
f 704/1420/660 703/1418/660 679/1417/660 
f 680/1419/661 681/1421/661 705/1422/661 
f 705/1422/661 704/1420/661 680/1419/661 
f 681/1421/662 682/1423/662 706/1424/662 
f 706/1424/662 705/1422/662 681/1421/662 
f 682/1423/663 683/1425/663 707/1426/663 
f 707/1426/663 706/1424/663 682/1423/663 
f 683/1425/664 684/1427/664 708/1428/664 
f 708/1428/664 707/1426/664 683/1425/664 
f 684/1427/665 685/1429/665 709/1430/665 
f 709/1430/665 708/1428/665 684/1427/665 
f 685/1429/666 686/1431/666 710/1432/666 
f 710/1432/666 709/1430/666 685/1429/666 
f 686/1431/667 687/1433/667 711/1434/667 
f 711/1434/667 710/1432/667 686/1431/667 
f 687/1433/668 688/1435/668 712/1436/668 
f 712/1436/668 711/1434/668 687/1433/668 
f 688/1435/669 689/1437/669 713/1438/669 
f 713/1438/669 712/1436/669 688/1435/669 
f 689/1437/670 690/1439/670 714/1440/670 
f 714/1440/670 713/1438/670 689/1437/670 
f 690/1439/671 691/1441/671 715/1442/671 
f 715/1442/671 714/1440/671 690/1439/671 
f 691/1443/672 692/1444/672 716/1445/672 
f 716/1445/672 715/1446/672 691/1443/672 
f 692/1444/673 693/1447/673 717/1448/673 
f 717/1448/673 716/1445/673 692/1444/673 
f 693/1447/674 694/1449/674 718/1450/674 
f 718/1450/674 717/1448/674 693/1447/674 
f 694/1449/675 695/1451/675 719/1452/675 
f 719/1452/675 718/1450/675 694/1449/675 
f 695/1451/676 696/1453/676 720/1454/676 
f 720/1454/676 719/1452/676 695/1451/676 
f 696/1453/677 697/1455/677 721/1456/677 
f 721/1456/677 720/1454/677 696/1453/677 
f 697/1455/678 698/1457/678 722/1458/678 
f 722/1458/678 721/1456/678 697/1455/678 
f 698/1457/679 699/1459/679 723/1460/679 
f 723/1460/679 722/1458/679 698/1457/679 
f 699/1459/680 700/1461/680 724/1462/680 
f 724/1462/680 723/1460/680 699/1459/680 
f 700/1461/681 678/1413/681 702/1416/681 
f 702/1416/681 724/1462/681 700/1461/681 
s 2
f 702/1463/26 701/1464/26 725/1465/26 
f 725/1465/26 726/1466/26 702/1463/26 
f 725/1465/26 703/1467/26 727/1468/26 
f 703/1467/26 725/1465/26 701/1464/26 
f 703/1467/26 704/1469/26 728/1470/26 
f 728/1470/26 727/1468/26 703/1467/26 
f 728/1470/26 705/1471/26 729/1472/26 
f 705/1471/26 728/1470/26 704/1469/26 
f 705/1471/26 706/1473/26 730/1474/26 
f 730/1474/26 729/1472/26 705/1471/26 
f 730/1474/26 707/1475/26 731/1476/26 
f 707/1475/26 730/1474/26 706/1473/26 
f 707/1475/26 708/1477/26 732/1478/26 
f 732/1478/26 731/1476/26 707/1475/26 
f 732/1478/26 709/1479/26 733/1480/26 
f 709/1479/26 732/1478/26 708/1477/26 
f 709/1479/26 710/1481/26 734/1482/26 
f 734/1482/26 733/1480/26 709/1479/26 
f 734/1482/26 711/1483/26 735/1484/26 
f 711/1483/26 734/1482/26 710/1481/26 
f 711/1483/26 712/1485/26 736/1486/26 
f 736/1486/26 735/1484/26 711/1483/26 
f 736/1486/26 713/1487/26 737/1488/26 
f 713/1487/26 736/1486/26 712/1485/26 
f 713/1487/26 714/1489/26 738/1490/26 
f 738/1490/26 737/1488/26 713/1487/26 
f 738/1490/26 715/1491/26 739/1492/26 
f 715/1491/26 738/1490/26 714/1489/26 
f 715/1491/26 716/1493/26 740/1494/26 
f 740/1494/26 739/1492/26 715/1491/26 
f 740/1494/26 717/1495/26 741/1496/26 
f 717/1495/26 740/1494/26 716/1493/26 
f 717/1495/26 718/1497/26 742/1498/26 
f 742/1498/26 741/1496/26 717/1495/26 
f 742/1498/26 719/1499/26 743/1500/26 
f 719/1499/26 742/1498/26 718/1497/26 
f 719/1499/26 720/1501/26 744/1502/26 
f 744/1502/26 743/1500/26 719/1499/26 
f 744/1502/26 721/1503/26 745/1504/26 
f 721/1503/26 744/1502/26 720/1501/26 
f 721/1503/26 722/1505/26 746/1506/26 
f 746/1506/26 745/1504/26 721/1503/26 
f 746/1506/26 723/1507/26 747/1508/26 
f 723/1507/26 746/1506/26 722/1505/26 
f 723/1507/26 724/1509/26 748/1510/26 
f 748/1510/26 747/1508/26 723/1507/26 
f 748/1510/26 702/1463/26 726/1466/26 
f 702/1463/26 748/1510/26 724/1509/26 
s 1
f 726/1511/658 725/1512/658 749/1513/658 
f 749/1513/658 750/1514/658 726/1511/658 
f 725/1512/659 727/1515/659 751/1516/659 
f 751/1516/659 749/1513/659 725/1512/659 
f 727/1517/660 728/1518/660 752/1519/660 
f 752/1519/660 751/1520/660 727/1517/660 
f 728/1518/661 729/1521/661 753/1522/661 
f 753/1522/661 752/1519/661 728/1518/661 
f 729/1521/662 730/1523/662 754/1524/662 
f 754/1524/662 753/1522/662 729/1521/662 
f 730/1523/663 731/1525/663 755/1526/663 
f 755/1526/663 754/1524/663 730/1523/663 
f 731/1525/664 732/1527/664 756/1528/664 
f 756/1528/664 755/1526/664 731/1525/664 
f 732/1527/665 733/1529/665 757/1530/665 
f 757/1530/665 756/1528/665 732/1527/665 
f 733/1531/666 734/1532/666 758/1533/666 
f 758/1533/666 757/1534/666 733/1531/666 
f 734/1532/667 735/1535/667 759/1536/667 
f 759/1536/667 758/1533/667 734/1532/667 
f 735/1535/668 736/1537/668 760/1538/668 
f 760/1538/668 759/1536/668 735/1535/668 
f 736/1537/669 737/1539/669 761/1540/669 
f 761/1540/669 760/1538/669 736/1537/669 
f 737/1539/670 738/1541/670 762/1542/670 
f 762/1542/670 761/1540/670 737/1539/670 
f 738/1541/671 739/1543/671 763/1544/671 
f 763/1544/671 762/1542/671 738/1541/671 
f 739/1545/672 740/1546/672 764/1547/672 
f 764/1547/672 763/1548/672 739/1545/672 
f 740/1546/673 741/1549/673 765/1550/673 
f 765/1550/673 764/1547/673 740/1546/673 
f 741/1549/674 742/1551/674 766/1552/674 
f 766/1552/674 765/1550/674 741/1549/674 
f 742/1551/675 743/1553/675 767/1554/675 
f 767/1554/675 766/1552/675 742/1551/675 
f 743/1553/676 744/1555/676 768/1556/676 
f 768/1556/676 767/1554/676 743/1553/676 
f 744/1555/677 745/1557/677 769/1558/677 
f 769/1558/677 768/1556/677 744/1555/677 
f 745/1559/678 746/1560/678 770/1561/678 
f 770/1561/678 769/1562/678 745/1559/678 
f 746/1560/679 747/1563/679 771/1564/679 
f 771/1564/679 770/1561/679 746/1560/679 
f 747/1563/680 748/1565/680 772/1566/680 
f 772/1566/680 771/1564/680 747/1563/680 
f 748/1565/681 726/1511/681 750/1514/681 
f 750/1514/681 772/1566/681 748/1565/681 
s 2
f 750/1567/26 749/1568/26 773/1569/26 
f 749/1568/26 751/1570/26 773/1569/26 
f 751/1570/26 752/1571/26 773/1569/26 
f 752/1571/26 753/1572/26 773/1569/26 
f 753/1572/26 754/1573/26 773/1569/26 
f 754/1573/26 755/1574/26 773/1569/26 
f 755/1574/26 756/1575/26 773/1569/26 
f 756/1575/26 757/1576/26 773/1569/26 
f 757/1576/26 758/1577/26 773/1569/26 
f 758/1577/26 759/1578/26 773/1569/26 
f 759/1578/26 760/1579/26 773/1569/26 
f 760/1579/26 761/1580/26 773/1569/26 
f 761/1580/26 762/1581/26 773/1569/26 
f 762/1581/26 763/1582/26 773/1569/26 
f 763/1582/26 764/1583/26 773/1569/26 
f 764/1583/26 765/1584/26 773/1569/26 
f 765/1584/26 766/1585/26 773/1569/26 
f 766/1585/26 767/1586/26 773/1569/26 
f 767/1586/26 768/1587/26 773/1569/26 
f 768/1587/26 769/1588/26 773/1569/26 
f 769/1588/26 770/1589/26 773/1569/26 
f 770/1589/26 771/1590/26 773/1569/26 
f 771/1590/26 772/1591/26 773/1569/26 
f 772/1591/26 750/1567/26 773/1569/26 
s 1
f 774/1592/26 775/1593/26 776/1594/26 
f 776/1594/26 777/1595/26 774/1592/26 
s 2
f 775/1596/1 778/1597/1 779/1598/1 
f 779/1598/1 776/1599/1 775/1596/1 
s 1
f 778/1600/25 780/1601/25 781/1602/25 
f 781/1602/25 779/1603/25 778/1600/25 
s 2
f 780/1604/13 774/1605/13 777/1606/13 
f 777/1606/13 781/1607/13 780/1604/13 
s 1
f 782/1608/26 783/1609/26 784/1610/26 
f 784/1610/26 785/1611/26 782/1608/26 
s 2
f 783/1612/19 786/1613/19 787/1614/19 
f 787/1614/19 784/1615/19 783/1612/19 
s 1
f 786/1616/25 788/1617/25 789/1618/25 
f 789/1618/25 787/1619/25 786/1616/25 
s 2
f 788/1620/7 782/1621/7 785/1622/7 
f 785/1622/7 789/1623/7 788/1620/7 
s 1
f 790/1624/26 791/1625/26 792/1626/26 
f 791/1625/26 790/1624/26 793/1627/26 
s 2
f 791/1628/682 794/1629/682 795/1630/682 
f 795/1630/682 792/1631/682 791/1628/682 
s 1
f 794/1632/25 796/1633/25 797/1634/25 
f 797/1634/25 795/1635/25 794/1632/25 
s 2
f 796/1636/683 793/1637/683 790/1638/683 
f 790/1638/683 797/1639/683 796/1636/683 
s 1
f 798/1640/26 799/1641/26 800/1642/26 
f 799/1641/26 798/1640/26 801/1643/26 
s 2
f 799/1644/684 802/1645/684 803/1646/684 
f 803/1646/684 800/1647/684 799/1644/684 
s 1
f 802/1648/25 804/1649/25 805/1650/25 
f 805/1650/25 803/1651/25 802/1648/25 
s 2
f 804/1652/685 801/1653/685 798/1654/685 
f 798/1654/685 805/1655/685 804/1652/685 
s 1
f 806/1656/686 807/1657/687 808/1658/688 
f 809/1659/689 810/1660/690 811/1661/690 
f 811/1661/690 812/1662/689 809/1659/689 
f 813/1663/691 814/1664/692 815/1665/693 
f 816/1666/694 817/1667/695 818/1668/695 
f 818/1668/695 819/1669/694 816/1666/694 
f 820/1670/696 821/1671/30 822/1672/30 
f 822/1672/30 823/1673/696 820/1670/696 
f 806/1656/686 816/1674/694 819/1675/694 
f 819/1675/694 807/1657/687 806/1656/686 
f 810/1660/690 820/1670/696 823/1673/696 
f 823/1673/696 811/1661/690 810/1660/690 
f 817/1667/695 809/1659/689 812/1662/689 
f 812/1662/689 818/1668/695 817/1667/695 
f 821/1676/30 813/1663/691 815/1665/693 
f 815/1665/693 822/1677/30 821/1676/30 
s 2
f 824/1678/19 811/1679/19 825/1680/19 
f 811/1679/19 824/1678/19 812/1681/19 
f 819/1682/19 818/1683/19 824/1678/19 
f 823/1684/19 822/1685/19 825/1680/19 
f 818/1683/19 812/1681/19 824/1678/19 
f 822/1685/19 815/1686/19 825/1680/19 
f 807/1687/19 819/1682/19 824/1678/19 
f 811/1679/19 823/1684/19 825/1680/19 
s 1
f 826/1688/688 807/1657/687 827/1689/26 
f 807/1657/687 826/1688/688 808/1658/688 
f 815/1665/693 814/1664/692 828/1690/692 
f 828/1690/692 829/1691/25 815/1665/693 
f 830/1692/697 831/1693/698 832/1694/698 
f 832/1694/698 833/1695/697 830/1692/697 
f 834/1696/699 835/1697/700 836/1698/700 
f 836/1698/700 837/1699/699 834/1696/699 
f 831/1700/698 808/1658/688 826/1688/688 
f 826/1688/688 832/1701/698 831/1700/698 
f 835/1697/700 838/1702/701 839/1703/701 
f 839/1703/701 836/1698/700 835/1697/700 
f 840/1704/702 830/1692/697 833/1695/697 
f 833/1695/697 841/1705/702 840/1704/702 
f 814/1664/692 834/1706/699 837/1707/699 
f 837/1707/699 828/1690/692 814/1664/692 
f 825/1708/25 815/1665/693 829/1691/25 
f 807/1657/687 824/1709/26 842/1710/26 
f 842/1710/26 827/1689/26 807/1657/687 
f 843/1711/1 844/1712/1 845/1713/1 
f 845/1713/1 846/1714/1 843/1711/1 
f 847/1715/7 848/1716/7 849/1717/7 
f 849/1717/7 850/1718/7 851/1719/7 
f 847/1715/7 849/1717/7 851/1719/7 
f 847/1715/7 851/1719/7 852/1720/7 
f 847/1715/7 852/1720/7 853/1721/7 
f 838/1702/701 840/1704/702 854/1722/13 
f 854/1722/13 855/1723/13 838/1702/701 
f 854/1722/13 841/1705/702 856/1724/13 
f 841/1705/702 854/1722/13 840/1704/702 
f 841/1705/702 839/1703/701 857/1725/13 
f 857/1725/13 856/1724/13 841/1705/702 
f 839/1703/701 838/1702/701 855/1723/13 
f 855/1723/13 857/1725/13 839/1703/701 
s 2
f 855/1726/19 854/1727/19 858/1728/703 
f 858/1728/703 859/1729/703 855/1726/19 
s 4
f 860/1730/26 861/1731/26 862/1732/26 
f 862/1732/26 863/1733/26 860/1730/26 
f 858/1734/26 861/1731/26 860/1730/26 
f 854/1735/26 856/1736/26 861/1731/26 
f 864/1737/26 865/1738/26 866/1739/26 
f 865/1738/26 864/1737/26 858/1734/26 
f 860/1730/26 865/1738/26 858/1734/26 
f 854/1735/26 861/1731/26 858/1734/26 
s 2
f 856/1740/7 857/1741/7 867/1742/704 
f 867/1742/704 861/1743/704 856/1740/7 
s 4
f 868/1744/25 859/1745/25 869/1746/25 
f 869/1746/25 870/1747/25 868/1744/25 
f 871/1748/25 859/1745/25 868/1744/25 
f 857/1749/25 855/1750/25 859/1745/25 
f 872/1751/25 871/1748/25 873/1752/25 
f 871/1748/25 872/1751/25 867/1753/25 
f 859/1745/25 871/1748/25 867/1753/25 
f 857/1749/25 859/1745/25 867/1753/25 
s 2
f 870/1754/705 869/1755/706 864/1756/706 
f 864/1756/706 866/1757/705 870/1754/705 
f 863/1758/707 862/1759/708 872/1760/708 
f 872/1760/708 873/1761/707 863/1758/707 
f 868/1762/709 870/1763/705 866/1764/705 
f 866/1764/705 865/1765/709 868/1762/709 
f 860/1766/710 863/1758/707 873/1761/707 
f 873/1761/707 871/1767/710 860/1766/710 
f 869/1755/706 859/1729/703 858/1728/703 
f 858/1728/703 864/1756/706 869/1755/706 
f 862/1768/708 861/1743/704 867/1742/704 
f 867/1742/704 872/1769/708 862/1768/708 
f 874/1770/7 827/1771/7 875/1772/7 
f 827/1771/7 874/1770/7 826/1773/7 
f 827/1771/7 842/1774/7 876/1775/7 
f 876/1775/7 875/1772/7 827/1771/7 
f 842/1774/7 829/1776/7 877/1777/7 
f 877/1777/7 876/1775/7 842/1774/7 
f 877/1777/7 828/1778/7 878/1779/7 
f 828/1778/7 877/1777/7 829/1776/7 
f 828/1778/7 837/1780/7 878/1779/7 
f 837/1780/7 836/1781/7 879/1782/7 
f 879/1782/7 878/1779/7 837/1780/7 
f 836/1781/7 839/1783/7 879/1782/7 
f 879/1782/7 841/1784/7 880/1785/7 
f 841/1784/7 879/1782/7 839/1783/7 
f 841/1784/7 833/1786/7 880/1785/7 
f 880/1785/7 832/1787/7 874/1770/7 
f 832/1787/7 880/1785/7 833/1786/7 
f 832/1787/7 826/1773/7 874/1770/7 
s 4
f 874/1788/711 875/1789/26 847/1790/26 
f 847/1790/26 853/1791/711 874/1788/711 
f 875/1789/26 876/1792/26 848/1793/26 
f 848/1793/26 847/1790/26 875/1789/26 
s 8
f 876/1794/1 877/1795/1 849/1796/1 
f 849/1796/1 848/1797/1 876/1794/1 
s 4
f 877/1798/712 878/1799/713 850/1800/713 
f 850/1800/713 849/1801/712 877/1798/712 
s 8
f 878/1802/713 879/1803/714 851/1804/714 
f 851/1804/714 850/1805/713 878/1802/713 
s 4
f 879/1803/714 880/1806/715 852/1807/715 
f 852/1807/715 851/1804/714 879/1803/714 
s 8
f 880/1808/715 874/1788/711 853/1791/711 
f 853/1791/711 852/1809/715 880/1808/715 
s 4
f 824/1810/1 825/1811/1 881/1812/1 
f 881/1812/1 882/1813/1 824/1810/1 
f 881/1812/1 829/1814/1 883/1815/1 
f 829/1814/1 881/1812/1 825/1811/1 
f 883/1815/1 842/1816/1 884/1817/1 
f 842/1816/1 883/1815/1 829/1814/1 
f 842/1816/1 824/1810/1 882/1813/1 
f 882/1813/1 884/1817/1 842/1816/1 
s 1
f 882/1818/19 881/1819/19 885/1820/19 
f 885/1820/19 886/1821/19 882/1818/19 
s 2
f 881/1822/25 883/1823/25 887/1824/25 
f 887/1824/25 885/1825/25 881/1822/25 
s 1
f 883/1826/7 884/1827/7 888/1828/7 
f 888/1828/7 887/1829/7 883/1826/7 
s 2
f 884/1830/26 882/1831/26 886/1832/26 
f 886/1832/26 888/1833/26 884/1830/26 
s 4
f 843/1711/22 886/1834/22 885/1835/22 
f 885/1835/22 844/1712/22 843/1711/22 
s 8
f 845/1836/349 885/1825/349 887/1824/349 
f 885/1825/349 845/1836/349 844/1837/349 
s 4
f 846/1714/4 887/1838/4 888/1839/4 
f 887/1838/4 846/1714/4 845/1713/4 
s 8
f 846/1840/716 888/1833/716 886/1832/716 
f 886/1832/716 843/1841/716 846/1840/716 
s 1
f 868/1842/19 865/1843/19 889/1844/19 
f 889/1844/19 890/1845/19 868/1842/19 
s 4
f 865/1738/26 860/1730/26 891/1846/26 
f 891/1846/26 889/1847/26 865/1738/26 
s 1
f 860/1848/7 871/1849/7 892/1850/7 
f 892/1850/7 891/1851/7 860/1848/7 
s 4
f 871/1748/25 868/1744/25 890/1852/25 
f 890/1852/25 892/1853/25 871/1748/25 
s 1
f 893/1854/717 894/1855/718 895/1856/718 
f 895/1856/718 896/1857/717 893/1854/717 
f 897/1858/719 898/1859/720 899/1860/720 
f 899/1860/720 900/1861/719 897/1858/719 
f 901/1862/721 902/1863/722 903/1864/722 
f 903/1864/722 904/1865/721 901/1862/721 
s 2
f 905/1866/1 889/1867/1 906/1868/1 
f 889/1867/1 905/1866/1 890/1869/1 
f 889/1867/1 891/1870/1 894/1871/1 
f 894/1871/1 893/1872/1 889/1867/1 
f 891/1870/1 892/1873/1 898/1874/1 
f 898/1874/1 897/1875/1 891/1870/1 
f 901/1876/1 890/1869/1 902/1877/1 
f 890/1869/1 901/1876/1 892/1873/1 
f 907/1878/1 908/1879/1 890/1869/1 
f 909/1880/1 910/1881/1 889/1867/1 
f 911/1882/1 912/1883/1 891/1870/1 
f 913/1884/1 914/1885/1 892/1873/1 
s 1
f 908/1886/64 907/1887/723 915/1888/723 
f 915/1888/723 916/1889/64 908/1886/64 
f 910/1890/724 909/1891/725 917/1892/725 
f 917/1892/725 918/1893/724 910/1890/724 
f 912/1894/726 911/1895/727 919/1896/727 
f 919/1896/727 920/1897/726 912/1894/726 
f 914/1898/728 913/1899/39 921/1900/39 
f 921/1900/39 922/1901/728 914/1898/728 
s 2
f 890/1869/1 905/1866/1 907/1878/1 
f 890/1869/1 908/1879/1 902/1877/1 
f 889/1867/1 893/1872/1 909/1880/1 
f 889/1867/1 910/1881/1 906/1868/1 
f 891/1870/1 897/1875/1 911/1882/1 
f 891/1870/1 912/1883/1 894/1871/1 
f 892/1873/1 901/1876/1 913/1884/1 
f 892/1873/1 914/1885/1 898/1874/1 
s 1
f 902/1863/722 908/1886/64 916/1889/64 
f 916/1889/64 903/1864/722 902/1863/722 
f 906/1902/729 910/1890/724 918/1893/724 
f 918/1893/724 923/1903/729 906/1902/729 
f 894/1855/718 912/1904/726 920/1905/726 
f 920/1905/726 895/1856/718 894/1855/718 
f 898/1859/720 914/1906/728 922/1907/728 
f 922/1907/728 899/1860/720 898/1859/720 
f 907/1908/723 905/1909/730 924/1910/730 
f 924/1910/730 915/1911/723 907/1908/723 
f 909/1912/725 893/1854/717 896/1857/717 
f 896/1857/717 917/1913/725 909/1912/725 
f 911/1895/727 897/1858/719 900/1861/719 
f 900/1861/719 919/1896/727 911/1895/727 
f 913/1899/39 901/1862/721 904/1865/721 
f 904/1865/721 921/1900/39 913/1899/39 
s 2
f 925/1914/13 926/1915/13 927/1916/13 
f 926/1915/13 925/1914/13 924/1917/13 
f 904/1918/13 903/1919/13 928/1920/13 
f 928/1920/13 929/1921/13 904/1918/13 
f 900/1922/13 899/1923/13 930/1924/13 
f 930/1924/13 931/1925/13 900/1922/13 
f 932/1926/13 895/1927/13 933/1928/13 
f 895/1927/13 932/1926/13 896/1929/13 
f 918/1930/13 917/1931/13 934/1932/13 
f 934/1932/13 935/1933/13 923/1934/13 
f 936/1935/13 915/1936/13 924/1917/13 
f 915/1936/13 936/1935/13 916/1937/13 
f 922/1938/13 921/1939/13 937/1940/13 
f 937/1940/13 938/1941/13 899/1923/13 
f 939/1942/13 919/1943/13 900/1922/13 
f 919/1943/13 939/1942/13 920/1944/13 
f 923/1934/13 918/1930/13 934/1932/13 
f 935/1933/13 940/1945/13 923/1934/13 
f 903/1919/13 916/1937/13 936/1935/13 
f 936/1935/13 928/1920/13 903/1919/13 
f 899/1923/13 922/1938/13 937/1940/13 
f 938/1941/13 930/1924/13 899/1923/13 
f 895/1927/13 920/1944/13 939/1942/13 
f 939/1942/13 933/1928/13 895/1927/13 
f 934/1932/13 896/1929/13 932/1926/13 
f 896/1929/13 934/1932/13 917/1931/13 
f 941/1946/13 924/1917/13 925/1914/13 
f 924/1917/13 941/1946/13 936/1935/13 
f 937/1940/13 904/1918/13 929/1921/13 
f 904/1918/13 937/1940/13 921/1939/13 
f 942/1947/13 900/1922/13 931/1925/13 
f 900/1922/13 942/1947/13 939/1942/13 
s 1
f 925/1948/19 940/1949/19 943/1950/19 
f 943/1950/19 944/1951/19 925/1948/19 
f 929/1952/25 928/1953/25 945/1954/25 
f 945/1954/25 946/1955/25 929/1952/25 
f 931/1956/7 930/1957/7 947/1958/7 
f 947/1958/7 948/1959/7 931/1956/7 
f 932/1960/26 933/1961/26 949/1962/26 
f 949/1962/26 950/1963/26 932/1960/26 
f 935/1964/731 934/1965/731 951/1966/731 
f 951/1966/731 952/1967/731 935/1964/731 
f 936/1968/481 941/1969/481 953/1970/481 
f 953/1970/481 954/1971/481 936/1968/481 
f 938/1972/732 937/1973/732 955/1974/732 
f 955/1974/732 956/1975/732 938/1972/732 
f 939/1976/733 942/1977/733 957/1978/733 
f 957/1978/733 958/1979/733 939/1976/733 
f 940/1949/729 935/1980/729 952/1981/729 
f 952/1981/729 943/1950/729 940/1949/729 
f 928/1953/734 936/1968/734 954/1971/734 
f 954/1971/734 945/1954/734 928/1953/734 
f 930/1957/735 938/1982/735 956/1983/735 
f 956/1983/735 947/1958/735 930/1957/735 
f 933/1961/736 939/1976/736 958/1979/736 
f 958/1979/736 949/1962/736 933/1961/736 
f 934/1965/737 932/1960/737 950/1963/737 
f 950/1963/737 951/1966/737 934/1965/737 
f 941/1984/730 925/1948/730 944/1951/730 
f 944/1951/730 953/1985/730 941/1984/730 
f 937/1973/738 929/1952/738 946/1955/738 
f 946/1955/738 955/1974/738 937/1973/738 
f 942/1986/739 931/1956/739 948/1959/739 
f 948/1959/739 957/1987/739 942/1986/739 
s 2
f 943/1988/13 951/1989/13 950/1990/13 
f 948/1991/13 949/1992/13 958/1993/13 
f 958/1993/13 957/1994/13 948/1991/13 
f 943/1988/13 949/1992/13 948/1991/13 
f 955/1995/13 947/1996/13 956/1997/13 
f 947/1996/13 955/1995/13 946/1998/13 
f 944/1999/13 947/1996/13 946/1998/13 
f 944/1999/13 945/2000/13 954/2001/13 
f 954/2001/13 953/2002/13 944/1999/13 
f 946/1998/13 945/2000/13 944/1999/13 
f 948/1991/13 947/1996/13 944/1999/13 
f 943/1988/13 948/1991/13 944/1999/13 
f 943/1988/13 950/1990/13 949/1992/13 
f 943/1988/13 952/2003/13 951/1989/13 
s 4
f 906/2004/26 923/2005/26 927/2006/26 
f 927/2006/26 959/2007/26 906/2004/26 
s 2
f 927/1916/13 940/1945/13 925/1914/13 
f 940/1945/13 927/1916/13 923/1934/13 
s 4
f 924/2008/25 905/2009/25 960/2010/25 
f 960/2010/25 926/2011/25 924/2008/25 
s 2
f 905/1866/1 906/1868/1 959/2012/1 
f 959/2012/1 960/2013/1 905/1866/1 
s 1
f 961/2014/740 962/2015/740 963/2016/740 
f 963/2016/740 964/2017/740 961/2014/740 
f 965/2018/736 961/2014/736 964/2017/736 
f 964/2017/736 966/2019/736 965/2018/736 
f 967/2020/741 965/2018/741 966/2019/741 
f 966/2019/741 968/2021/741 967/2020/741 
f 969/2022/742 967/2023/742 968/2024/742 
f 968/2024/742 970/2025/742 969/2022/742 
f 971/2026/739 969/2022/739 970/2025/739 
f 970/2025/739 972/2027/739 971/2026/739 
f 973/2028/743 971/2026/743 972/2027/743 
f 971/2026/743 973/2028/743 974/2029/743 
f 975/2030/744 976/2031/744 977/2032/744 
f 977/2032/744 978/2033/744 975/2030/744 
f 979/2034/729 975/2030/729 978/2033/729 
f 978/2033/729 980/2035/729 979/2034/729 
f 981/2036/745 979/2034/745 980/2035/745 
f 979/2034/745 981/2036/745 982/2037/745 
f 983/2038/746 982/2039/746 981/2040/746 
f 981/2040/746 984/2041/746 983/2038/746 
f 985/2042/737 983/2038/737 984/2041/737 
f 984/2041/737 986/2043/737 985/2042/737 
f 962/2015/747 985/2042/747 986/2043/747 
f 986/2043/747 963/2016/747 962/2015/747 
s 2
f 976/2044/25 974/2045/25 973/2046/25 
f 973/2046/25 977/2047/25 976/2044/25 
s 1
f 987/2048/1 988/2049/1 989/2050/1 
f 990/2051/1 991/2052/1 992/2053/1 
f 989/2050/1 991/2052/1 990/2051/1 
f 993/2054/1 994/2055/1 995/2056/1 
f 994/2055/1 993/2054/1 996/2057/1 
f 997/2058/1 994/2055/1 996/2057/1 
f 994/2055/1 997/2058/1 998/2059/1 
f 999/2060/1 994/2055/1 998/2059/1 
f 999/2060/1 990/2051/1 994/2055/1 
f 987/2048/1 989/2050/1 990/2051/1 
f 999/2060/1 987/2048/1 990/2051/1 
f 1000/2061/13 1001/2062/13 1002/2063/13 
f 1002/2063/13 1003/2064/13 1000/2061/13 
f 1004/2065/13 1001/2062/13 1000/2061/13 
f 1005/2066/13 1006/2067/13 1007/2068/13 
f 1006/2067/13 1005/2066/13 1008/2069/13 
f 1009/2070/13 1006/2067/13 1008/2069/13 
f 1010/2071/13 1011/2072/13 1006/2067/13 
f 1006/2067/13 1009/2070/13 1010/2071/13 
f 1011/2072/13 1000/2061/13 1006/2067/13 
f 1012/2073/13 1000/2061/13 1011/2072/13 
f 1012/2073/13 1004/2065/13 1000/2061/13 
s 4
f 964/2074/1 963/2075/1 1013/2076/1 
f 1013/2076/1 1014/2077/1 964/2074/1 
f 1013/2076/1 986/2078/1 1015/2079/1 
f 986/2078/1 1013/2076/1 963/2075/1 
f 1015/2079/1 984/2080/1 1016/2081/1 
f 984/2080/1 1015/2079/1 986/2078/1 
f 984/2080/1 981/2082/1 1017/2083/1 
f 1017/2083/1 1016/2081/1 984/2080/1 
f 981/2082/1 980/2084/1 1018/2085/1 
f 1018/2085/1 1017/2083/1 981/2082/1 
f 1018/2085/1 978/2086/1 1019/2087/1 
f 978/2086/1 1018/2085/1 980/2084/1 
f 978/2086/1 977/2088/1 1020/2089/1 
f 1020/2089/1 1019/2087/1 978/2086/1 
f 977/2088/1 973/2090/1 1021/2091/1 
f 1021/2091/1 1020/2089/1 977/2088/1 
f 1021/2091/1 972/2092/1 1022/2093/1 
f 972/2092/1 1021/2091/1 973/2090/1 
f 1022/2093/1 970/2094/1 1023/2095/1 
f 970/2094/1 1022/2093/1 972/2092/1 
f 970/2094/1 968/2096/1 1024/2097/1 
f 1024/2097/1 1023/2095/1 970/2094/1 
f 968/2096/1 966/2098/1 1025/2099/1 
f 1025/2099/1 1024/2097/1 968/2096/1 
f 966/2098/1 964/2074/1 1014/2077/1 
f 1014/2077/1 1025/2099/1 966/2098/1 
f 1026/2100/13 961/2101/13 1027/2102/13 
f 961/2101/13 1026/2100/13 962/2103/13 
f 1027/2102/13 965/2104/13 1028/2105/13 
f 965/2104/13 1027/2102/13 961/2101/13 
f 1028/2105/13 967/2106/13 1029/2107/13 
f 967/2106/13 1028/2105/13 965/2104/13 
f 1029/2107/13 969/2108/13 1030/2109/13 
f 969/2108/13 1029/2107/13 967/2106/13 
f 969/2108/13 971/2110/13 1031/2111/13 
f 1031/2111/13 1030/2109/13 969/2108/13 
f 971/2110/13 974/2112/13 1032/2113/13 
f 1032/2113/13 1031/2111/13 971/2110/13 
f 1032/2113/13 976/2114/13 1033/2115/13 
f 976/2114/13 1032/2113/13 974/2112/13 
f 1033/2115/13 975/2116/13 1034/2117/13 
f 975/2116/13 1033/2115/13 976/2114/13 
f 975/2116/13 979/2118/13 1035/2119/13 
f 1035/2119/13 1034/2117/13 975/2116/13 
f 1035/2119/13 982/2120/13 1036/2121/13 
f 982/2120/13 1035/2119/13 979/2118/13 
f 1036/2121/13 983/2122/13 1037/2123/13 
f 983/2122/13 1036/2121/13 982/2120/13 
f 983/2122/13 985/2124/13 1038/2125/13 
f 1038/2125/13 1037/2123/13 983/2122/13 
f 985/2124/13 962/2103/13 1026/2100/13 
f 1026/2100/13 1038/2125/13 985/2124/13 
s 2
f 1014/2126/141 1013/2127/141 999/2128/141 
f 999/2128/141 998/2129/141 1014/2126/141 
f 1013/2127/129 1015/2130/129 987/2131/129 
f 987/2131/129 999/2128/129 1013/2127/129 
f 1015/2130/738 1016/2132/738 988/2133/738 
f 988/2133/738 987/2131/738 1015/2130/738 
f 1016/2132/748 1017/2134/748 989/2135/748 
f 989/2135/748 988/2133/748 1016/2132/748 
f 1017/2136/749 1018/2137/749 991/2138/749 
f 991/2138/749 989/2139/749 1017/2136/749 
f 1018/2137/735 1019/2140/735 992/2141/735 
f 992/2141/735 991/2138/735 1018/2137/735 
f 1019/2140/750 1020/2142/750 990/2143/750 
f 990/2143/750 992/2141/750 1019/2140/750 
s 8
f 990/2144/26 1021/2145/26 994/2146/26 
f 1021/2145/26 990/2144/26 1020/2147/26 
s 2
f 1021/2148/751 1022/2149/751 995/2150/751 
f 995/2150/751 994/2151/751 1021/2148/751 
f 1022/2149/730 1023/2152/730 993/2153/730 
f 993/2153/730 995/2150/730 1022/2149/730 
f 1023/2152/752 1024/2154/752 996/2155/752 
f 996/2155/752 993/2153/752 1023/2152/752 
f 1024/2156/753 1025/2157/753 997/2158/753 
f 997/2158/753 996/2159/753 1024/2156/753 
f 1025/2157/734 1014/2126/734 998/2129/734 
f 998/2129/734 997/2158/734 1025/2157/734 
f 1026/2160/141 1027/2161/141 1012/2162/141 
f 1012/2162/141 1011/2163/141 1026/2160/141 
f 1027/2161/734 1028/2164/734 1004/2165/734 
f 1004/2165/734 1012/2162/734 1027/2161/734 
f 1028/2164/753 1029/2166/753 1001/2167/753 
f 1001/2167/753 1004/2165/753 1028/2164/753 
f 1029/2168/752 1030/2169/752 1002/2170/752 
f 1002/2170/752 1001/2171/752 1029/2168/752 
f 1030/2169/730 1031/2172/730 1003/2173/730 
f 1003/2173/730 1002/2170/730 1030/2169/730 
f 1031/2172/751 1032/2174/751 1000/2175/751 
f 1000/2175/751 1003/2173/751 1031/2172/751 
s 8
f 1000/2176/26 1033/2177/26 1006/2178/26 
f 1033/2177/26 1000/2176/26 1032/2179/26 
s 2
f 1033/2180/750 1034/2181/750 1007/2182/750 
f 1007/2182/750 1006/2183/750 1033/2180/750 
f 1034/2181/735 1035/2184/735 1005/2185/735 
f 1005/2185/735 1007/2182/735 1034/2181/735 
f 1035/2184/749 1036/2186/749 1008/2187/749 
f 1008/2187/749 1005/2185/749 1035/2184/749 
f 1036/2188/748 1037/2189/748 1009/2190/748 
f 1009/2190/748 1008/2191/748 1036/2188/748 
f 1037/2189/738 1038/2192/738 1010/2193/738 
f 1010/2193/738 1009/2190/738 1037/2189/738 
f 1038/2192/129 1026/2160/129 1011/2163/129 
f 1011/2163/129 1010/2193/129 1038/2192/129 
s 1
f 1039/2194/19 1040/2195/19 1041/2196/19 
f 1041/2196/19 1042/2197/19 1039/2194/19 
f 1043/2198/7 1044/2199/7 1045/2200/7 
f 1045/2200/7 1046/2201/7 1043/2198/7 
f 1047/2202/26 1048/2203/26 1049/2204/26 
f 1049/2204/26 1050/2205/26 1047/2202/26 
s 2
f 1042/2206/1 1041/2207/1 1045/2208/1 
f 1045/2208/1 1044/2209/1 1042/2206/1 
s 4
f 1041/2210/25 1040/2211/25 1046/2212/25 
f 1046/2212/25 1045/2213/25 1041/2210/25 
s 2
f 1040/2214/13 1039/2215/13 1043/2216/13 
f 1043/2216/13 1046/2217/13 1040/2214/13 
s 4
f 1039/2218/26 1042/2219/26 1051/2220/26 
f 1051/2220/26 1052/2221/26 1039/2218/26 
f 1051/2220/26 1044/2222/26 1053/2223/26 
f 1044/2222/26 1051/2220/26 1042/2219/26 
f 1044/2222/26 1043/2224/26 1054/2225/26 
f 1054/2225/26 1053/2223/26 1044/2222/26 
f 1043/2224/26 1039/2218/26 1052/2221/26 
f 1052/2221/26 1054/2225/26 1043/2224/26 
s 2
f 1052/2226/19 1051/2227/19 1048/2228/19 
f 1048/2228/19 1047/2229/19 1052/2226/19 
s 8
f 1051/2230/1 1053/2231/1 1049/2232/1 
f 1049/2232/1 1048/2233/1 1051/2230/1 
s 2
f 1053/2234/7 1054/2235/7 1050/2236/7 
f 1050/2236/7 1049/2237/7 1053/2234/7 
s 8
f 1054/2238/13 1052/2239/13 1047/2240/13 
f 1047/2240/13 1050/2241/13 1054/2238/13 
s 1
f 1055/2242/19 1056/2243/19 1057/2244/19 
f 1058/2245/19 1055/2242/19 1059/2246/19 
f 1059/2246/19 1060/2247/19 1058/2245/19 
f 1061/2248/19 1056/2243/19 1058/2245/19 
f 1058/2245/19 1062/2249/19 1061/2248/19 
f 1061/2248/19 1063/2250/19 1064/2251/19 
f 1065/2252/19 1061/2248/19 1064/2251/19 
f 1056/2243/19 1055/2242/19 1058/2245/19 
f 1065/2252/19 1056/2243/19 1061/2248/19 
f 1065/2252/19 1066/2253/19 1056/2243/19 
s 2
f 1064/2254/1 1063/2255/754 1067/2256/754 
f 1067/2256/754 1068/2257/1 1064/2254/1 
s 4
f 1063/2258/754 1061/2259/755 1069/2260/755 
f 1069/2260/755 1067/2261/754 1063/2258/754 
f 1061/2259/755 1062/2262/25 1070/2263/25 
f 1070/2263/25 1069/2260/755 1061/2259/755 
s 2
f 1062/2262/25 1058/2264/756 1071/2265/756 
f 1071/2265/756 1070/2263/25 1062/2262/25 
f 1058/2264/756 1060/2266/757 1072/2267/757 
f 1072/2267/757 1071/2265/756 1058/2264/756 
s 4
f 1060/2268/757 1059/2269/13 1073/2270/13 
f 1073/2270/13 1072/2271/757 1060/2268/757 
s 2
f 1059/2269/13 1055/2272/758 1074/2273/758 
f 1074/2273/758 1073/2270/13 1059/2269/13 
f 1055/2274/758 1057/2275/759 1075/2276/759 
f 1075/2276/759 1074/2277/758 1055/2274/758 
s 4
f 1057/2275/759 1056/2278/26 1076/2279/26 
f 1076/2279/26 1075/2276/759 1057/2275/759 
f 1056/2278/26 1066/2280/760 1077/2281/760 
f 1077/2281/760 1076/2279/26 1056/2278/26 
s 8
f 1066/2280/760 1065/2282/761 1078/2283/761 
f 1078/2283/761 1077/2281/760 1066/2280/760 
f 1065/2284/761 1064/2254/1 1068/2257/1 
f 1068/2257/1 1078/2285/761 1065/2284/761 
s 1
f 1068/2286/7 1067/2287/7 1069/2288/7 
f 1069/2288/7 1070/2289/7 1071/2290/7 
f 1071/2290/7 1072/2291/7 1073/2292/7 
f 1074/2293/7 1071/2290/7 1073/2292/7 
f 1076/2294/7 1074/2293/7 1075/2295/7 
f 1078/2296/7 1076/2294/7 1077/2297/7 
f 1071/2290/7 1074/2293/7 1076/2294/7 
f 1069/2288/7 1071/2290/7 1076/2294/7 
f 1078/2296/7 1069/2288/7 1076/2294/7 
f 1078/2296/7 1068/2286/7 1069/2288/7 
f 1079/2298/19 1080/2299/19 1081/2300/19 
f 1082/2301/19 1079/2298/19 1083/2302/19 
f 1083/2302/19 1084/2303/19 1082/2301/19 
f 1085/2304/19 1080/2299/19 1082/2301/19 
f 1082/2301/19 1086/2305/19 1087/2306/19 
f 1087/2306/19 1088/2307/19 1085/2304/19 
f 1082/2301/19 1087/2306/19 1085/2304/19 
f 1080/2299/19 1079/2298/19 1082/2301/19 
f 1089/2308/19 1080/2299/19 1085/2304/19 
f 1090/2309/19 1089/2308/19 1085/2304/19 
s 2
f 1085/2310/1 1088/2311/754 1091/2312/754 
f 1091/2312/754 1092/2313/1 1085/2310/1 
s 4
f 1088/2311/754 1087/2314/755 1093/2315/755 
f 1093/2315/755 1091/2312/754 1088/2311/754 
f 1087/2314/755 1086/2316/25 1094/2317/25 
f 1094/2317/25 1093/2315/755 1087/2314/755 
s 2
f 1086/2316/25 1082/2318/756 1095/2319/756 
f 1095/2319/756 1094/2317/25 1086/2316/25 
f 1082/2318/756 1084/2320/757 1096/2321/757 
f 1096/2321/757 1095/2319/756 1082/2318/756 
s 4
f 1084/2320/757 1083/2322/13 1097/2323/13 
f 1097/2323/13 1096/2321/757 1084/2320/757 
s 2
f 1083/2322/13 1079/2324/758 1098/2325/758 
f 1098/2325/758 1097/2323/13 1083/2322/13 
f 1079/2326/758 1081/2327/759 1099/2328/759 
f 1099/2328/759 1098/2329/758 1079/2326/758 
s 4
f 1081/2327/759 1080/2330/26 1100/2331/26 
f 1100/2331/26 1099/2328/759 1081/2327/759 
f 1080/2330/26 1089/2332/760 1101/2333/760 
f 1101/2333/760 1100/2331/26 1080/2330/26 
s 8
f 1089/2332/760 1090/2334/761 1102/2335/761 
f 1102/2335/761 1101/2333/760 1089/2332/760 
s 2
f 1090/2334/761 1085/2310/1 1092/2313/1 
f 1092/2313/1 1102/2335/761 1090/2334/761 
s 1
f 1092/2336/7 1091/2337/7 1093/2338/7 
f 1093/2338/7 1094/2339/7 1095/2340/7 
f 1095/2340/7 1096/2341/7 1097/2342/7 
f 1098/2343/7 1095/2340/7 1097/2342/7 
f 1100/2344/7 1098/2343/7 1099/2345/7 
f 1092/2336/7 1100/2344/7 1101/2346/7 
f 1095/2340/7 1098/2343/7 1100/2344/7 
f 1092/2336/7 1095/2340/7 1100/2344/7 
f 1092/2336/7 1093/2338/7 1095/2340/7 
f 1102/2347/7 1092/2336/7 1101/2346/7 
f 1103/2348/5 1104/2349/4 1105/2350/4 
f 1105/2350/4 1106/2351/5 1103/2348/5 
s 2
f 1107/2352/26 1108/2353/26 1104/2354/26 
f 1104/2354/26 1103/2355/26 1107/2352/26 
s 1
f 1109/2356/17 1110/2357/16 1108/2358/16 
f 1108/2358/16 1107/2359/17 1109/2356/17 
s 2
f 1109/2360/25 1105/2361/25 1110/2362/25 
f 1105/2361/25 1109/2360/25 1106/2363/25 
s 1
f 1111/2364/6 1103/2348/5 1106/2351/5 
f 1106/2351/5 1112/2365/6 1111/2364/6 
s 2
f 1113/2366/26 1107/2352/26 1103/2355/26 
f 1103/2355/26 1111/2367/26 1113/2366/26 
s 1
f 1114/2368/18 1109/2356/17 1107/2359/17 
f 1107/2359/17 1113/2369/18 1114/2368/18 
s 2
f 1114/2370/25 1106/2363/25 1109/2360/25 
f 1106/2363/25 1114/2370/25 1112/2371/25 
s 1
f 1115/2372/7 1111/2364/6 1112/2365/6 
f 1112/2365/6 1116/2373/7 1115/2372/7 
s 2
f 1115/2374/26 1113/2366/26 1111/2367/26 
f 1113/2366/26 1115/2374/26 1117/2375/26 
s 1
f 1118/2376/19 1114/2368/18 1113/2369/18 
f 1113/2369/18 1117/2377/19 1118/2376/19 
s 2
f 1116/2378/25 1112/2371/25 1114/2370/25 
f 1114/2370/25 1118/2379/25 1116/2378/25 
s 1
f 1119/2380/8 1115/2372/7 1116/2373/7 
f 1116/2373/7 1120/2381/8 1119/2380/8 
s 2
f 1121/2382/26 1117/2375/26 1115/2374/26 
f 1115/2374/26 1119/2383/26 1121/2382/26 
s 1
f 1122/2384/20 1118/2376/19 1117/2377/19 
f 1117/2377/19 1121/2385/20 1122/2384/20 
s 2
f 1122/2386/25 1116/2378/25 1118/2379/25 
f 1116/2378/25 1122/2386/25 1120/2387/25 
s 1
f 1123/2388/9 1119/2380/8 1120/2381/8 
f 1120/2381/8 1124/2389/9 1123/2388/9 
s 2
f 1123/2390/26 1121/2382/26 1119/2383/26 
f 1121/2382/26 1123/2390/26 1125/2391/26 
s 1
f 1126/2392/21 1122/2384/20 1121/2385/20 
f 1121/2385/20 1125/2393/21 1126/2392/21 
s 2
f 1124/2394/25 1120/2387/25 1122/2386/25 
f 1122/2386/25 1126/2395/25 1124/2394/25 
s 1
f 1127/2396/10 1123/2388/9 1124/2389/9 
f 1124/2389/9 1128/2397/10 1127/2396/10 
s 2
f 1127/2398/26 1125/2391/26 1123/2390/26 
f 1125/2391/26 1127/2398/26 1129/2399/26 
s 1
f 1130/2400/22 1126/2392/21 1125/2393/21 
f 1125/2393/21 1129/2401/22 1130/2400/22 
s 2
f 1128/2402/25 1124/2394/25 1126/2395/25 
f 1126/2395/25 1130/2403/25 1128/2402/25 
s 1
f 1131/2404/11 1127/2405/10 1128/2406/10 
f 1128/2406/10 1132/2407/11 1131/2404/11 
s 2
f 1131/2408/26 1129/2399/26 1127/2398/26 
f 1129/2399/26 1131/2408/26 1133/2409/26 
s 1
f 1134/2410/23 1130/2411/22 1129/2412/22 
f 1129/2412/22 1133/2413/23 1134/2410/23 
s 2
f 1132/2414/25 1128/2402/25 1130/2403/25 
f 1130/2403/25 1134/2415/25 1132/2414/25 
s 1
f 1135/2416/12 1131/2404/11 1132/2407/11 
f 1132/2407/11 1136/2417/12 1135/2416/12 
s 2
f 1135/2418/26 1133/2409/26 1131/2408/26 
f 1133/2409/26 1135/2418/26 1137/2419/26 
s 1
f 1138/2420/24 1134/2410/23 1133/2413/23 
f 1133/2413/23 1137/2421/24 1138/2420/24 
s 2
f 1136/2422/25 1132/2414/25 1134/2415/25 
f 1134/2415/25 1138/2423/25 1136/2422/25 
s 1
f 1139/2424/13 1135/2416/12 1136/2417/12 
f 1136/2417/12 1140/2425/13 1139/2424/13 
s 2
f 1141/2426/26 1137/2419/26 1135/2418/26 
f 1135/2418/26 1139/2427/26 1141/2426/26 
s 1
f 1142/2428/1 1138/2420/24 1137/2421/24 
f 1137/2421/24 1141/2429/1 1142/2428/1 
s 2
f 1142/2430/25 1136/2422/25 1138/2423/25 
f 1136/2422/25 1142/2430/25 1140/2431/25 
s 1
f 1143/2432/14 1139/2424/13 1140/2425/13 
f 1140/2425/13 1144/2433/14 1143/2432/14 
s 2
f 1145/2434/26 1141/2426/26 1139/2427/26 
f 1139/2427/26 1143/2435/26 1145/2434/26 
s 1
f 1146/2436/2 1142/2428/1 1141/2429/1 
f 1141/2429/1 1145/2437/2 1146/2436/2 
s 2
f 1146/2438/25 1140/2431/25 1142/2430/25 
f 1140/2431/25 1146/2438/25 1144/2439/25 
s 1
f 1147/2440/15 1143/2432/14 1144/2433/14 
f 1144/2433/14 1148/2441/15 1147/2440/15 
s 2
f 1147/2442/26 1145/2434/26 1143/2435/26 
f 1145/2434/26 1147/2442/26 1149/2443/26 
s 1
f 1150/2444/3 1146/2436/2 1145/2437/2 
f 1145/2437/2 1149/2445/3 1150/2444/3 
s 2
f 1148/2446/25 1144/2439/25 1146/2438/25 
f 1146/2438/25 1150/2447/25 1148/2446/25 
s 1
f 1151/2448/16 1147/2440/15 1148/2441/15 
f 1148/2441/15 1152/2449/16 1151/2448/16 
s 2
f 1151/2450/26 1149/2443/26 1147/2442/26 
f 1149/2443/26 1151/2450/26 1153/2451/26 
s 1
f 1154/2452/4 1150/2444/3 1149/2445/3 
f 1149/2445/3 1153/2453/4 1154/2452/4 
s 2
f 1152/2454/25 1148/2446/25 1150/2447/25 
f 1150/2447/25 1154/2455/25 1152/2454/25 
s 1
f 1155/2456/17 1151/2457/16 1152/2458/16 
f 1152/2458/16 1156/2459/17 1155/2456/17 
s 2
f 1155/2460/26 1153/2451/26 1151/2450/26 
f 1153/2451/26 1155/2460/26 1157/2461/26 
s 1
f 1158/2462/5 1154/2463/4 1153/2464/4 
f 1153/2464/4 1157/2465/5 1158/2462/5 
s 2
f 1156/2466/25 1152/2454/25 1154/2455/25 
f 1154/2455/25 1158/2467/25 1156/2466/25 
s 1
f 1159/2468/18 1155/2456/17 1156/2459/17 
f 1156/2459/17 1160/2469/18 1159/2468/18 
s 2
f 1159/2470/26 1157/2461/26 1155/2460/26 
f 1157/2461/26 1159/2470/26 1161/2471/26 
s 1
f 1162/2472/6 1158/2462/5 1157/2465/5 
f 1157/2465/5 1161/2473/6 1162/2472/6 
s 2
f 1160/2474/25 1156/2466/25 1158/2467/25 
f 1158/2467/25 1162/2475/25 1160/2474/25 
s 1
f 1163/2476/19 1159/2468/18 1160/2469/18 
f 1160/2469/18 1164/2477/19 1163/2476/19 
s 2
f 1163/2478/26 1161/2471/26 1159/2470/26 
f 1161/2471/26 1163/2478/26 1165/2479/26 
s 1
f 1166/2480/7 1162/2472/6 1161/2473/6 
f 1161/2473/6 1165/2481/7 1166/2480/7 
s 2
f 1164/2482/25 1160/2474/25 1162/2475/25 
f 1162/2475/25 1166/2483/25 1164/2482/25 
s 1
f 1167/2484/20 1163/2476/19 1164/2477/19 
f 1164/2477/19 1168/2485/20 1167/2484/20 
s 2
f 1167/2486/26 1165/2479/26 1163/2478/26 
f 1165/2479/26 1167/2486/26 1169/2487/26 
s 1
f 1170/2488/8 1166/2480/7 1165/2481/7 
f 1165/2481/7 1169/2489/8 1170/2488/8 
s 2
f 1168/2490/25 1164/2482/25 1166/2483/25 
f 1166/2483/25 1170/2491/25 1168/2490/25 
s 1
f 1171/2492/21 1167/2484/20 1168/2485/20 
f 1168/2485/20 1172/2493/21 1171/2492/21 
s 2
f 1171/2494/26 1169/2487/26 1167/2486/26 
f 1169/2487/26 1171/2494/26 1173/2495/26 
s 1
f 1174/2496/9 1170/2488/8 1169/2489/8 
f 1169/2489/8 1173/2497/9 1174/2496/9 
s 2
f 1172/2498/25 1168/2490/25 1170/2491/25 
f 1170/2491/25 1174/2499/25 1172/2498/25 
s 1
f 1175/2500/22 1171/2492/21 1172/2493/21 
f 1172/2493/21 1176/2501/22 1175/2500/22 
s 2
f 1175/2502/26 1173/2495/26 1171/2494/26 
f 1173/2495/26 1175/2502/26 1177/2503/26 
s 1
f 1178/2504/10 1174/2496/9 1173/2497/9 
f 1173/2497/9 1177/2505/10 1178/2504/10 
s 2
f 1176/2506/25 1172/2498/25 1174/2499/25 
f 1174/2499/25 1178/2507/25 1176/2506/25 
s 1
f 1179/2508/23 1175/2509/22 1176/2510/22 
f 1176/2510/22 1180/2511/23 1179/2508/23 
s 2
f 1179/2512/26 1177/2503/26 1175/2502/26 
f 1177/2503/26 1179/2512/26 1181/2513/26 
s 1
f 1182/2514/11 1178/2515/10 1177/2516/10 
f 1177/2516/10 1181/2517/11 1182/2514/11 
s 2
f 1180/2518/25 1176/2506/25 1178/2507/25 
f 1178/2507/25 1182/2519/25 1180/2518/25 
s 1
f 1183/2520/24 1179/2508/23 1180/2511/23 
f 1180/2511/23 1184/2521/24 1183/2520/24 
s 2
f 1183/2522/26 1181/2513/26 1179/2512/26 
f 1181/2513/26 1183/2522/26 1185/2523/26 
s 1
f 1186/2524/12 1182/2514/11 1181/2517/11 
f 1181/2517/11 1185/2525/12 1186/2524/12 
s 2
f 1184/2526/25 1180/2518/25 1182/2519/25 
f 1182/2519/25 1186/2527/25 1184/2526/25 
s 1
f 1187/2528/1 1183/2520/24 1184/2521/24 
f 1184/2521/24 1188/2529/1 1187/2528/1 
s 2
f 1187/2530/26 1185/2523/26 1183/2522/26 
f 1185/2523/26 1187/2530/26 1189/2531/26 
s 1
f 1190/2532/13 1186/2524/12 1185/2525/12 
f 1185/2525/12 1189/2533/13 1190/2532/13 
s 2
f 1188/2534/25 1184/2526/25 1186/2527/25 
f 1186/2527/25 1190/2535/25 1188/2534/25 
s 1
f 1191/2536/2 1187/2528/1 1188/2529/1 
f 1188/2529/1 1192/2537/2 1191/2536/2 
s 2
f 1193/2538/26 1189/2531/26 1187/2530/26 
f 1187/2530/26 1191/2539/26 1193/2538/26 
s 1
f 1194/2540/14 1190/2532/13 1189/2533/13 
f 1189/2533/13 1193/2541/14 1194/2540/14 
s 2
f 1194/2542/25 1188/2534/25 1190/2535/25 
f 1188/2534/25 1194/2542/25 1192/2543/25 
s 1
f 1195/2544/3 1191/2536/2 1192/2537/2 
f 1192/2537/2 1196/2545/3 1195/2544/3 
s 2
f 1197/2546/26 1193/2538/26 1191/2539/26 
f 1191/2539/26 1195/2547/26 1197/2546/26 
s 1
f 1198/2548/15 1194/2540/14 1193/2541/14 
f 1193/2541/14 1197/2549/15 1198/2548/15 
s 2
f 1198/2550/25 1192/2543/25 1194/2542/25 
f 1192/2543/25 1198/2550/25 1196/2551/25 
s 1
f 1104/2552/4 1195/2544/3 1196/2545/3 
f 1196/2545/3 1105/2553/4 1104/2552/4 
s 2
f 1108/2353/26 1197/2546/26 1195/2547/26 
f 1195/2547/26 1104/2354/26 1108/2353/26 
s 1
f 1110/2554/16 1198/2548/15 1197/2549/15 
f 1197/2549/15 1108/2555/16 1110/2554/16 
s 2
f 1110/2362/25 1196/2551/25 1198/2550/25 
f 1196/2551/25 1110/2362/25 1105/2361/25 
s 1
f 1199/2556/5 1200/2557/4 1201/2558/4 
f 1201/2558/4 1202/2559/5 1199/2556/5 
s 2
f 1203/2560/26 1204/2561/26 1200/2562/26 
f 1200/2562/26 1199/2563/26 1203/2560/26 
s 1
f 1205/2564/17 1206/2565/16 1204/2566/16 
f 1204/2566/16 1203/2567/17 1205/2564/17 
s 2
f 1205/2568/25 1201/2569/25 1206/2570/25 
f 1201/2569/25 1205/2568/25 1202/2571/25 
s 1
f 1207/2572/6 1199/2556/5 1202/2559/5 
f 1202/2559/5 1208/2573/6 1207/2572/6 
s 2
f 1207/2574/26 1203/2560/26 1199/2563/26 
f 1203/2560/26 1207/2574/26 1209/2575/26 
s 1
f 1210/2576/18 1205/2564/17 1203/2567/17 
f 1203/2567/17 1209/2577/18 1210/2576/18 
s 2
f 1208/2578/25 1202/2571/25 1205/2568/25 
f 1205/2568/25 1210/2579/25 1208/2578/25 
s 1
f 1211/2580/7 1207/2572/6 1208/2573/6 
f 1208/2573/6 1212/2581/7 1211/2580/7 
s 2
f 1211/2582/26 1209/2575/26 1207/2574/26 
f 1209/2575/26 1211/2582/26 1213/2583/26 
s 1
f 1214/2584/19 1210/2576/18 1209/2577/18 
f 1209/2577/18 1213/2585/19 1214/2584/19 
s 2
f 1212/2586/25 1208/2578/25 1210/2579/25 
f 1210/2579/25 1214/2587/25 1212/2586/25 
s 1
f 1215/2588/8 1211/2580/7 1212/2581/7 
f 1212/2581/7 1216/2589/8 1215/2588/8 
s 2
f 1217/2590/26 1213/2583/26 1211/2582/26 
f 1211/2582/26 1215/2591/26 1217/2590/26 
s 1
f 1218/2592/20 1214/2584/19 1213/2585/19 
f 1213/2585/19 1217/2593/20 1218/2592/20 
s 2
f 1218/2594/25 1212/2586/25 1214/2587/25 
f 1212/2586/25 1218/2594/25 1216/2595/25 
s 1
f 1219/2596/9 1215/2588/8 1216/2589/8 
f 1216/2589/8 1220/2597/9 1219/2596/9 
s 2
f 1221/2598/26 1217/2590/26 1215/2591/26 
f 1215/2591/26 1219/2599/26 1221/2598/26 
s 1
f 1222/2600/21 1218/2592/20 1217/2593/20 
f 1217/2593/20 1221/2601/21 1222/2600/21 
s 2
f 1222/2602/25 1216/2595/25 1218/2594/25 
f 1216/2595/25 1222/2602/25 1220/2603/25 
s 1
f 1223/2604/10 1219/2596/9 1220/2597/9 
f 1220/2597/9 1224/2605/10 1223/2604/10 
s 2
f 1223/2606/26 1221/2598/26 1219/2599/26 
f 1221/2598/26 1223/2606/26 1225/2607/26 
s 1
f 1226/2608/22 1222/2600/21 1221/2601/21 
f 1221/2601/21 1225/2609/22 1226/2608/22 
s 2
f 1224/2610/25 1220/2603/25 1222/2602/25 
f 1222/2602/25 1226/2611/25 1224/2610/25 
s 1
f 1227/2612/11 1223/2613/10 1224/2614/10 
f 1224/2614/10 1228/2615/11 1227/2612/11 
s 2
f 1227/2616/26 1225/2607/26 1223/2606/26 
f 1225/2607/26 1227/2616/26 1229/2617/26 
s 1
f 1230/2618/23 1226/2619/22 1225/2620/22 
f 1225/2620/22 1229/2621/23 1230/2618/23 
s 2
f 1228/2622/25 1224/2610/25 1226/2611/25 
f 1226/2611/25 1230/2623/25 1228/2622/25 
s 1
f 1231/2624/12 1227/2612/11 1228/2615/11 
f 1228/2615/11 1232/2625/12 1231/2624/12 
s 2
f 1231/2626/26 1229/2617/26 1227/2616/26 
f 1229/2617/26 1231/2626/26 1233/2627/26 
s 1
f 1234/2628/24 1230/2618/23 1229/2621/23 
f 1229/2621/23 1233/2629/24 1234/2628/24 
s 2
f 1232/2630/25 1228/2622/25 1230/2623/25 
f 1230/2623/25 1234/2631/25 1232/2630/25 
s 1
f 1235/2632/13 1231/2624/12 1232/2625/12 
f 1232/2625/12 1236/2633/13 1235/2632/13 
s 2
f 1237/2634/26 1233/2627/26 1231/2626/26 
f 1231/2626/26 1235/2635/26 1237/2634/26 
s 1
f 1238/2636/1 1234/2628/24 1233/2629/24 
f 1233/2629/24 1237/2637/1 1238/2636/1 
s 2
f 1238/2638/25 1232/2630/25 1234/2631/25 
f 1232/2630/25 1238/2638/25 1236/2639/25 
s 1
f 1239/2640/14 1235/2632/13 1236/2633/13 
f 1236/2633/13 1240/2641/14 1239/2640/14 
s 2
f 1239/2642/26 1237/2634/26 1235/2635/26 
f 1237/2634/26 1239/2642/26 1241/2643/26 
s 1
f 1242/2644/2 1238/2636/1 1237/2637/1 
f 1237/2637/1 1241/2645/2 1242/2644/2 
s 2
f 1240/2646/25 1236/2639/25 1238/2638/25 
f 1238/2638/25 1242/2647/25 1240/2646/25 
s 1
f 1243/2648/15 1239/2640/14 1240/2641/14 
f 1240/2641/14 1244/2649/15 1243/2648/15 
s 2
f 1243/2650/26 1241/2643/26 1239/2642/26 
f 1241/2643/26 1243/2650/26 1245/2651/26 
s 1
f 1246/2652/3 1242/2644/2 1241/2645/2 
f 1241/2645/2 1245/2653/3 1246/2652/3 
s 2
f 1244/2654/25 1240/2646/25 1242/2647/25 
f 1242/2647/25 1246/2655/25 1244/2654/25 
s 1
f 1247/2656/16 1243/2648/15 1244/2649/15 
f 1244/2649/15 1248/2657/16 1247/2656/16 
s 2
f 1249/2658/26 1245/2651/26 1243/2650/26 
f 1243/2650/26 1247/2659/26 1249/2658/26 
s 1
f 1250/2660/4 1246/2652/3 1245/2653/3 
f 1245/2653/3 1249/2661/4 1250/2660/4 
s 2
f 1250/2662/25 1244/2654/25 1246/2655/25 
f 1244/2654/25 1250/2662/25 1248/2663/25 
s 1
f 1251/2664/17 1247/2665/16 1248/2666/16 
f 1248/2666/16 1252/2667/17 1251/2664/17 
s 2
f 1251/2668/26 1249/2658/26 1247/2659/26 
f 1249/2658/26 1251/2668/26 1253/2669/26 
s 1
f 1254/2670/5 1250/2671/4 1249/2672/4 
f 1249/2672/4 1253/2673/5 1254/2670/5 
s 2
f 1252/2674/25 1248/2663/25 1250/2662/25 
f 1250/2662/25 1254/2675/25 1252/2674/25 
s 1
f 1255/2676/18 1251/2664/17 1252/2667/17 
f 1252/2667/17 1256/2677/18 1255/2676/18 
s 2
f 1255/2678/26 1253/2669/26 1251/2668/26 
f 1253/2669/26 1255/2678/26 1257/2679/26 
s 1
f 1258/2680/6 1254/2670/5 1253/2673/5 
f 1253/2673/5 1257/2681/6 1258/2680/6 
s 2
f 1256/2682/25 1252/2674/25 1254/2675/25 
f 1254/2675/25 1258/2683/25 1256/2682/25 
s 1
f 1259/2684/19 1255/2676/18 1256/2677/18 
f 1256/2677/18 1260/2685/19 1259/2684/19 
s 2
f 1259/2686/26 1257/2679/26 1255/2678/26 
f 1257/2679/26 1259/2686/26 1261/2687/26 
s 1
f 1262/2688/7 1258/2680/6 1257/2681/6 
f 1257/2681/6 1261/2689/7 1262/2688/7 
s 2
f 1260/2690/25 1256/2682/25 1258/2683/25 
f 1258/2683/25 1262/2691/25 1260/2690/25 
s 1
f 1263/2692/20 1259/2684/19 1260/2685/19 
f 1260/2685/19 1264/2693/20 1263/2692/20 
s 2
f 1265/2694/26 1261/2687/26 1259/2686/26 
f 1259/2686/26 1263/2695/26 1265/2694/26 
s 1
f 1266/2696/8 1262/2688/7 1261/2689/7 
f 1261/2689/7 1265/2697/8 1266/2696/8 
s 2
f 1266/2698/25 1260/2690/25 1262/2691/25 
f 1260/2690/25 1266/2698/25 1264/2699/25 
s 1
f 1267/2700/21 1263/2692/20 1264/2693/20 
f 1264/2693/20 1268/2701/21 1267/2700/21 
s 2
f 1267/2702/26 1265/2694/26 1263/2695/26 
f 1265/2694/26 1267/2702/26 1269/2703/26 
s 1
f 1270/2704/9 1266/2696/8 1265/2697/8 
f 1265/2697/8 1269/2705/9 1270/2704/9 
s 2
f 1268/2706/25 1264/2699/25 1266/2698/25 
f 1266/2698/25 1270/2707/25 1268/2706/25 
s 1
f 1271/2708/22 1267/2700/21 1268/2701/21 
f 1268/2701/21 1272/2709/22 1271/2708/22 
s 2
f 1271/2710/26 1269/2703/26 1267/2702/26 
f 1269/2703/26 1271/2710/26 1273/2711/26 
s 1
f 1274/2712/10 1270/2704/9 1269/2705/9 
f 1269/2705/9 1273/2713/10 1274/2712/10 
s 2
f 1272/2714/25 1268/2706/25 1270/2707/25 
f 1270/2707/25 1274/2715/25 1272/2714/25 
s 1
f 1275/2716/23 1271/2717/22 1272/2718/22 
f 1272/2718/22 1276/2719/23 1275/2716/23 
s 2
f 1277/2720/26 1273/2711/26 1271/2710/26 
f 1271/2710/26 1275/2721/26 1277/2720/26 
s 1
f 1278/2722/11 1274/2723/10 1273/2724/10 
f 1273/2724/10 1277/2725/11 1278/2722/11 
s 2
f 1278/2726/25 1272/2714/25 1274/2715/25 
f 1272/2714/25 1278/2726/25 1276/2727/25 
s 1
f 1279/2728/24 1275/2716/23 1276/2719/23 
f 1276/2719/23 1280/2729/24 1279/2728/24 
s 2
f 1281/2730/26 1277/2720/26 1275/2721/26 
f 1275/2721/26 1279/2731/26 1281/2730/26 
s 1
f 1282/2732/12 1278/2722/11 1277/2725/11 
f 1277/2725/11 1281/2733/12 1282/2732/12 
s 2
f 1282/2734/25 1276/2727/25 1278/2726/25 
f 1276/2727/25 1282/2734/25 1280/2735/25 
s 1
f 1283/2736/1 1279/2728/24 1280/2729/24 
f 1280/2729/24 1284/2737/1 1283/2736/1 
s 2
f 1283/2738/26 1281/2730/26 1279/2731/26 
f 1281/2730/26 1283/2738/26 1285/2739/26 
s 1
f 1286/2740/13 1282/2732/12 1281/2733/12 
f 1281/2733/12 1285/2741/13 1286/2740/13 
s 2
f 1284/2742/25 1280/2735/25 1282/2734/25 
f 1282/2734/25 1286/2743/25 1284/2742/25 
s 1
f 1287/2744/2 1283/2736/1 1284/2737/1 
f 1284/2737/1 1288/2745/2 1287/2744/2 
s 2
f 1289/2746/26 1285/2739/26 1283/2738/26 
f 1283/2738/26 1287/2747/26 1289/2746/26 
s 1
f 1290/2748/14 1286/2740/13 1285/2741/13 
f 1285/2741/13 1289/2749/14 1290/2748/14 
s 2
f 1290/2750/25 1284/2742/25 1286/2743/25 
f 1284/2742/25 1290/2750/25 1288/2751/25 
s 1
f 1291/2752/3 1287/2744/2 1288/2745/2 
f 1288/2745/2 1292/2753/3 1291/2752/3 
s 2
f 1291/2754/26 1289/2746/26 1287/2747/26 
f 1289/2746/26 1291/2754/26 1293/2755/26 
s 1
f 1294/2756/15 1290/2748/14 1289/2749/14 
f 1289/2749/14 1293/2757/15 1294/2756/15 
s 2
f 1292/2758/25 1288/2751/25 1290/2750/25 
f 1290/2750/25 1294/2759/25 1292/2758/25 
s 1
f 1200/2760/4 1291/2752/3 1292/2753/3 
f 1292/2753/3 1201/2761/4 1200/2760/4 
s 2
f 1200/2562/26 1293/2755/26 1291/2754/26 
f 1293/2755/26 1200/2562/26 1204/2561/26 
s 1
f 1206/2762/16 1294/2756/15 1293/2757/15 
f 1293/2757/15 1204/2763/16 1206/2762/16 
s 2
f 1201/2569/25 1292/2758/25 1294/2759/25 
f 1294/2759/25 1206/2570/25 1201/2569/25 
s 1
f 1295/2764/5 1296/2765/4 1297/2766/4 
f 1297/2766/4 1298/2767/5 1295/2764/5 
s 2
f 1299/2768/26 1300/2769/26 1296/2770/26 
f 1296/2770/26 1295/2771/26 1299/2768/26 
s 1
f 1301/2772/17 1302/2773/16 1300/2774/16 
f 1300/2774/16 1299/2775/17 1301/2772/17 
s 2
f 1301/2776/25 1297/2777/25 1302/2778/25 
f 1297/2777/25 1301/2776/25 1298/2779/25 
s 1
f 1303/2780/6 1295/2764/5 1298/2767/5 
f 1298/2767/5 1304/2781/6 1303/2780/6 
s 2
f 1305/2782/26 1299/2768/26 1295/2771/26 
f 1295/2771/26 1303/2783/26 1305/2782/26 
s 1
f 1306/2784/18 1301/2772/17 1299/2775/17 
f 1299/2775/17 1305/2785/18 1306/2784/18 
s 2
f 1306/2786/25 1298/2779/25 1301/2776/25 
f 1298/2779/25 1306/2786/25 1304/2787/25 
s 1
f 1307/2788/7 1303/2780/6 1304/2781/6 
f 1304/2781/6 1308/2789/7 1307/2788/7 
s 2
f 1307/2790/26 1305/2782/26 1303/2783/26 
f 1305/2782/26 1307/2790/26 1309/2791/26 
s 1
f 1310/2792/19 1306/2784/18 1305/2785/18 
f 1305/2785/18 1309/2793/19 1310/2792/19 
s 2
f 1308/2794/25 1304/2787/25 1306/2786/25 
f 1306/2786/25 1310/2795/25 1308/2794/25 
s 1
f 1311/2796/8 1307/2788/7 1308/2789/7 
f 1308/2789/7 1312/2797/8 1311/2796/8 
s 2
f 1313/2798/26 1309/2791/26 1307/2790/26 
f 1307/2790/26 1311/2799/26 1313/2798/26 
s 1
f 1314/2800/20 1310/2792/19 1309/2793/19 
f 1309/2793/19 1313/2801/20 1314/2800/20 
s 2
f 1314/2802/25 1308/2794/25 1310/2795/25 
f 1308/2794/25 1314/2802/25 1312/2803/25 
s 1
f 1315/2804/9 1311/2796/8 1312/2797/8 
f 1312/2797/8 1316/2805/9 1315/2804/9 
s 2
f 1315/2806/26 1313/2798/26 1311/2799/26 
f 1313/2798/26 1315/2806/26 1317/2807/26 
s 1
f 1318/2808/21 1314/2800/20 1313/2801/20 
f 1313/2801/20 1317/2809/21 1318/2808/21 
s 2
f 1316/2810/25 1312/2803/25 1314/2802/25 
f 1314/2802/25 1318/2811/25 1316/2810/25 
s 1
f 1319/2812/10 1315/2804/9 1316/2805/9 
f 1316/2805/9 1320/2813/10 1319/2812/10 
s 2
f 1319/2814/26 1317/2807/26 1315/2806/26 
f 1317/2807/26 1319/2814/26 1321/2815/26 
s 1
f 1322/2816/22 1318/2808/21 1317/2809/21 
f 1317/2809/21 1321/2817/22 1322/2816/22 
s 2
f 1320/2818/25 1316/2810/25 1318/2811/25 
f 1318/2811/25 1322/2819/25 1320/2818/25 
s 1
f 1323/2820/11 1319/2821/10 1320/2822/10 
f 1320/2822/10 1324/2823/11 1323/2820/11 
s 2
f 1325/2824/26 1321/2815/26 1319/2814/26 
f 1319/2814/26 1323/2825/26 1325/2824/26 
s 1
f 1326/2826/23 1322/2827/22 1321/2828/22 
f 1321/2828/22 1325/2829/23 1326/2826/23 
s 2
f 1326/2830/25 1320/2818/25 1322/2819/25 
f 1320/2818/25 1326/2830/25 1324/2831/25 
s 1
f 1327/2832/12 1323/2820/11 1324/2823/11 
f 1324/2823/11 1328/2833/12 1327/2832/12 
s 2
f 1329/2834/26 1325/2824/26 1323/2825/26 
f 1323/2825/26 1327/2835/26 1329/2834/26 
s 1
f 1330/2836/24 1326/2826/23 1325/2829/23 
f 1325/2829/23 1329/2837/24 1330/2836/24 
s 2
f 1330/2838/25 1324/2831/25 1326/2830/25 
f 1324/2831/25 1330/2838/25 1328/2839/25 
s 1
f 1331/2840/13 1327/2832/12 1328/2833/12 
f 1328/2833/12 1332/2841/13 1331/2840/13 
s 2
f 1331/2842/26 1329/2834/26 1327/2835/26 
f 1329/2834/26 1331/2842/26 1333/2843/26 
s 1
f 1334/2844/1 1330/2836/24 1329/2837/24 
f 1329/2837/24 1333/2845/1 1334/2844/1 
s 2
f 1332/2846/25 1328/2839/25 1330/2838/25 
f 1330/2838/25 1334/2847/25 1332/2846/25 
s 1
f 1335/2848/14 1331/2840/13 1332/2841/13 
f 1332/2841/13 1336/2849/14 1335/2848/14 
s 2
f 1337/2850/26 1333/2843/26 1331/2842/26 
f 1331/2842/26 1335/2851/26 1337/2850/26 
s 1
f 1338/2852/2 1334/2844/1 1333/2845/1 
f 1333/2845/1 1337/2853/2 1338/2852/2 
s 2
f 1338/2854/25 1332/2846/25 1334/2847/25 
f 1332/2846/25 1338/2854/25 1336/2855/25 
s 1
f 1339/2856/15 1335/2848/14 1336/2849/14 
f 1336/2849/14 1340/2857/15 1339/2856/15 
s 2
f 1339/2858/26 1337/2850/26 1335/2851/26 
f 1337/2850/26 1339/2858/26 1341/2859/26 
s 1
f 1342/2860/3 1338/2852/2 1337/2853/2 
f 1337/2853/2 1341/2861/3 1342/2860/3 
s 2
f 1340/2862/25 1336/2855/25 1338/2854/25 
f 1338/2854/25 1342/2863/25 1340/2862/25 
s 1
f 1343/2864/16 1339/2856/15 1340/2857/15 
f 1340/2857/15 1344/2865/16 1343/2864/16 
s 2
f 1343/2866/26 1341/2859/26 1339/2858/26 
f 1341/2859/26 1343/2866/26 1345/2867/26 
s 1
f 1346/2868/4 1342/2860/3 1341/2861/3 
f 1341/2861/3 1345/2869/4 1346/2868/4 
s 2
f 1344/2870/25 1340/2862/25 1342/2863/25 
f 1342/2863/25 1346/2871/25 1344/2870/25 
s 1
f 1347/2872/17 1343/2873/16 1344/2874/16 
f 1344/2874/16 1348/2875/17 1347/2872/17 
s 2
f 1349/2876/26 1345/2867/26 1343/2866/26 
f 1343/2866/26 1347/2877/26 1349/2876/26 
s 1
f 1350/2878/5 1346/2879/4 1345/2880/4 
f 1345/2880/4 1349/2881/5 1350/2878/5 
s 2
f 1350/2882/25 1344/2870/25 1346/2871/25 
f 1344/2870/25 1350/2882/25 1348/2883/25 
s 1
f 1351/2884/18 1347/2872/17 1348/2875/17 
f 1348/2875/17 1352/2885/18 1351/2884/18 
s 2
f 1353/2886/26 1349/2876/26 1347/2877/26 
f 1347/2877/26 1351/2887/26 1353/2886/26 
s 1
f 1354/2888/6 1350/2878/5 1349/2881/5 
f 1349/2881/5 1353/2889/6 1354/2888/6 
s 2
f 1354/2890/25 1348/2883/25 1350/2882/25 
f 1348/2883/25 1354/2890/25 1352/2891/25 
s 1
f 1355/2892/19 1351/2884/18 1352/2885/18 
f 1352/2885/18 1356/2893/19 1355/2892/19 
s 2
f 1357/2894/26 1353/2886/26 1351/2887/26 
f 1351/2887/26 1355/2895/26 1357/2894/26 
s 1
f 1358/2896/7 1354/2888/6 1353/2889/6 
f 1353/2889/6 1357/2897/7 1358/2896/7 
s 2
f 1358/2898/25 1352/2891/25 1354/2890/25 
f 1352/2891/25 1358/2898/25 1356/2899/25 
s 1
f 1359/2900/20 1355/2892/19 1356/2893/19 
f 1356/2893/19 1360/2901/20 1359/2900/20 
s 2
f 1359/2902/26 1357/2894/26 1355/2895/26 
f 1357/2894/26 1359/2902/26 1361/2903/26 
s 1
f 1362/2904/8 1358/2896/7 1357/2897/7 
f 1357/2897/7 1361/2905/8 1362/2904/8 
s 2
f 1360/2906/25 1356/2899/25 1358/2898/25 
f 1358/2898/25 1362/2907/25 1360/2906/25 
s 1
f 1363/2908/21 1359/2900/20 1360/2901/20 
f 1360/2901/20 1364/2909/21 1363/2908/21 
s 2
f 1363/2910/26 1361/2903/26 1359/2902/26 
f 1361/2903/26 1363/2910/26 1365/2911/26 
s 1
f 1366/2912/9 1362/2904/8 1361/2905/8 
f 1361/2905/8 1365/2913/9 1366/2912/9 
s 2
f 1364/2914/25 1360/2906/25 1362/2907/25 
f 1362/2907/25 1366/2915/25 1364/2914/25 
s 1
f 1367/2916/22 1363/2908/21 1364/2909/21 
f 1364/2909/21 1368/2917/22 1367/2916/22 
s 2
f 1367/2918/26 1365/2911/26 1363/2910/26 
f 1365/2911/26 1367/2918/26 1369/2919/26 
s 1
f 1370/2920/10 1366/2912/9 1365/2913/9 
f 1365/2913/9 1369/2921/10 1370/2920/10 
s 2
f 1368/2922/25 1364/2914/25 1366/2915/25 
f 1366/2915/25 1370/2923/25 1368/2922/25 
s 1
f 1371/2924/23 1367/2925/22 1368/2926/22 
f 1368/2926/22 1372/2927/23 1371/2924/23 
s 2
f 1373/2928/26 1369/2919/26 1367/2918/26 
f 1367/2918/26 1371/2929/26 1373/2928/26 
s 1
f 1374/2930/11 1370/2931/10 1369/2932/10 
f 1369/2932/10 1373/2933/11 1374/2930/11 
s 2
f 1374/2934/25 1368/2922/25 1370/2923/25 
f 1368/2922/25 1374/2934/25 1372/2935/25 
s 1
f 1375/2936/24 1371/2924/23 1372/2927/23 
f 1372/2927/23 1376/2937/24 1375/2936/24 
s 2
f 1377/2938/26 1373/2928/26 1371/2929/26 
f 1371/2929/26 1375/2939/26 1377/2938/26 
s 1
f 1378/2940/12 1374/2930/11 1373/2933/11 
f 1373/2933/11 1377/2941/12 1378/2940/12 
s 2
f 1378/2942/25 1372/2935/25 1374/2934/25 
f 1372/2935/25 1378/2942/25 1376/2943/25 
s 1
f 1379/2944/1 1375/2936/24 1376/2937/24 
f 1376/2937/24 1380/2945/1 1379/2944/1 
s 2
f 1379/2946/26 1377/2938/26 1375/2939/26 
f 1377/2938/26 1379/2946/26 1381/2947/26 
s 1
f 1382/2948/13 1378/2940/12 1377/2941/12 
f 1377/2941/12 1381/2949/13 1382/2948/13 
s 2
f 1380/2950/25 1376/2943/25 1378/2942/25 
f 1378/2942/25 1382/2951/25 1380/2950/25 
s 1
f 1383/2952/2 1379/2944/1 1380/2945/1 
f 1380/2945/1 1384/2953/2 1383/2952/2 
s 2
f 1385/2954/26 1381/2947/26 1379/2946/26 
f 1379/2946/26 1383/2955/26 1385/2954/26 
s 1
f 1386/2956/14 1382/2948/13 1381/2949/13 
f 1381/2949/13 1385/2957/14 1386/2956/14 
s 2
f 1386/2958/25 1380/2950/25 1382/2951/25 
f 1380/2950/25 1386/2958/25 1384/2959/25 
s 1
f 1387/2960/3 1383/2952/2 1384/2953/2 
f 1384/2953/2 1388/2961/3 1387/2960/3 
s 2
f 1387/2962/26 1385/2954/26 1383/2955/26 
f 1385/2954/26 1387/2962/26 1389/2963/26 
s 1
f 1390/2964/15 1386/2956/14 1385/2957/14 
f 1385/2957/14 1389/2965/15 1390/2964/15 
s 2
f 1388/2966/25 1384/2959/25 1386/2958/25 
f 1386/2958/25 1390/2967/25 1388/2966/25 
s 1
f 1296/2968/4 1387/2960/3 1388/2961/3 
f 1388/2961/3 1297/2969/4 1296/2968/4 
s 2
f 1296/2770/26 1389/2963/26 1387/2962/26 
f 1389/2963/26 1296/2770/26 1300/2769/26 
s 1
f 1302/2970/16 1390/2964/15 1389/2965/15 
f 1389/2965/15 1300/2971/16 1302/2970/16 
s 2
f 1297/2777/25 1388/2966/25 1390/2967/25 
f 1390/2967/25 1302/2778/25 1297/2777/25 
s 1
f 1391/2972/5 1392/2973/4 1393/2974/4 
f 1393/2974/4 1394/2975/5 1391/2972/5 
s 2
f 1391/2976/26 1395/2977/26 1392/2978/26 
f 1395/2977/26 1391/2976/26 1396/2979/26 
s 1
f 1397/2980/17 1398/2981/16 1395/2982/16 
f 1395/2982/16 1396/2983/17 1397/2980/17 
s 2
f 1394/2984/25 1393/2985/25 1398/2986/25 
f 1398/2986/25 1397/2987/25 1394/2984/25 
s 1
f 1399/2988/6 1391/2972/5 1394/2975/5 
f 1394/2975/5 1400/2989/6 1399/2988/6 
s 2
f 1401/2990/26 1396/2979/26 1391/2976/26 
f 1391/2976/26 1399/2991/26 1401/2990/26 
s 1
f 1402/2992/18 1397/2980/17 1396/2983/17 
f 1396/2983/17 1401/2993/18 1402/2992/18 
s 2
f 1402/2994/25 1394/2984/25 1397/2987/25 
f 1394/2984/25 1402/2994/25 1400/2995/25 
s 1
f 1403/2996/7 1399/2988/6 1400/2989/6 
f 1400/2989/6 1404/2997/7 1403/2996/7 
s 2
f 1403/2998/26 1401/2990/26 1399/2991/26 
f 1401/2990/26 1403/2998/26 1405/2999/26 
s 1
f 1406/3000/19 1402/2992/18 1401/2993/18 
f 1401/2993/18 1405/3001/19 1406/3000/19 
s 2
f 1404/3002/25 1400/2995/25 1402/2994/25 
f 1402/2994/25 1406/3003/25 1404/3002/25 
s 1
f 1407/3004/8 1403/2996/7 1404/2997/7 
f 1404/2997/7 1408/3005/8 1407/3004/8 
s 2
f 1407/3006/26 1405/2999/26 1403/2998/26 
f 1405/2999/26 1407/3006/26 1409/3007/26 
s 1
f 1410/3008/20 1406/3000/19 1405/3001/19 
f 1405/3001/19 1409/3009/20 1410/3008/20 
s 2
f 1408/3010/25 1404/3002/25 1406/3003/25 
f 1406/3003/25 1410/3011/25 1408/3010/25 
s 1
f 1411/3012/9 1407/3004/8 1408/3005/8 
f 1408/3005/8 1412/3013/9 1411/3012/9 
s 2
f 1411/3014/26 1409/3007/26 1407/3006/26 
f 1409/3007/26 1411/3014/26 1413/3015/26 
s 1
f 1414/3016/21 1410/3008/20 1409/3009/20 
f 1409/3009/20 1413/3017/21 1414/3016/21 
s 2
f 1412/3018/25 1408/3010/25 1410/3011/25 
f 1410/3011/25 1414/3019/25 1412/3018/25 
s 1
f 1415/3020/10 1411/3012/9 1412/3013/9 
f 1412/3013/9 1416/3021/10 1415/3020/10 
s 2
f 1417/3022/26 1413/3015/26 1411/3014/26 
f 1411/3014/26 1415/3023/26 1417/3022/26 
s 1
f 1418/3024/22 1414/3016/21 1413/3017/21 
f 1413/3017/21 1417/3025/22 1418/3024/22 
s 2
f 1418/3026/25 1412/3018/25 1414/3019/25 
f 1412/3018/25 1418/3026/25 1416/3027/25 
s 1
f 1419/3028/11 1415/3029/10 1416/3030/10 
f 1416/3030/10 1420/3031/11 1419/3028/11 
s 2
f 1419/3032/26 1417/3022/26 1415/3023/26 
f 1417/3022/26 1419/3032/26 1421/3033/26 
s 1
f 1422/3034/23 1418/3035/22 1417/3036/22 
f 1417/3036/22 1421/3037/23 1422/3034/23 
s 2
f 1420/3038/25 1416/3027/25 1418/3026/25 
f 1418/3026/25 1422/3039/25 1420/3038/25 
s 1
f 1423/3040/12 1419/3028/11 1420/3031/11 
f 1420/3031/11 1424/3041/12 1423/3040/12 
s 2
f 1425/3042/26 1421/3033/26 1419/3032/26 
f 1419/3032/26 1423/3043/26 1425/3042/26 
s 1
f 1426/3044/24 1422/3034/23 1421/3037/23 
f 1421/3037/23 1425/3045/24 1426/3044/24 
s 2
f 1426/3046/25 1420/3038/25 1422/3039/25 
f 1420/3038/25 1426/3046/25 1424/3047/25 
s 1
f 1427/3048/13 1423/3040/12 1424/3041/12 
f 1424/3041/12 1428/3049/13 1427/3048/13 
s 2
f 1429/3050/26 1425/3042/26 1423/3043/26 
f 1423/3043/26 1427/3051/26 1429/3050/26 
s 1
f 1430/3052/1 1426/3044/24 1425/3045/24 
f 1425/3045/24 1429/3053/1 1430/3052/1 
s 2
f 1430/3054/25 1424/3047/25 1426/3046/25 
f 1424/3047/25 1430/3054/25 1428/3055/25 
s 1
f 1431/3056/14 1427/3048/13 1428/3049/13 
f 1428/3049/13 1432/3057/14 1431/3056/14 
s 2
f 1431/3058/26 1429/3050/26 1427/3051/26 
f 1429/3050/26 1431/3058/26 1433/3059/26 
s 1
f 1434/3060/2 1430/3052/1 1429/3053/1 
f 1429/3053/1 1433/3061/2 1434/3060/2 
s 2
f 1432/3062/25 1428/3055/25 1430/3054/25 
f 1430/3054/25 1434/3063/25 1432/3062/25 
s 1
f 1435/3064/15 1431/3056/14 1432/3057/14 
f 1432/3057/14 1436/3065/15 1435/3064/15 
s 2
f 1435/3066/26 1433/3059/26 1431/3058/26 
f 1433/3059/26 1435/3066/26 1437/3067/26 
s 1
f 1438/3068/3 1434/3060/2 1433/3061/2 
f 1433/3061/2 1437/3069/3 1438/3068/3 
s 2
f 1436/3070/25 1432/3062/25 1434/3063/25 
f 1434/3063/25 1438/3071/25 1436/3070/25 
s 1
f 1439/3072/16 1435/3064/15 1436/3065/15 
f 1436/3065/15 1440/3073/16 1439/3072/16 
s 2
f 1441/3074/26 1437/3067/26 1435/3066/26 
f 1435/3066/26 1439/3075/26 1441/3074/26 
s 1
f 1442/3076/4 1438/3068/3 1437/3069/3 
f 1437/3069/3 1441/3077/4 1442/3076/4 
s 2
f 1442/3078/25 1436/3070/25 1438/3071/25 
f 1436/3070/25 1442/3078/25 1440/3079/25 
s 1
f 1443/3080/17 1439/3081/16 1440/3082/16 
f 1440/3082/16 1444/3083/17 1443/3080/17 
s 2
f 1443/3084/26 1441/3074/26 1439/3075/26 
f 1441/3074/26 1443/3084/26 1445/3085/26 
s 1
f 1446/3086/5 1442/3087/4 1441/3088/4 
f 1441/3088/4 1445/3089/5 1446/3086/5 
s 2
f 1444/3090/25 1440/3079/25 1442/3078/25 
f 1442/3078/25 1446/3091/25 1444/3090/25 
s 1
f 1447/3092/18 1443/3080/17 1444/3083/17 
f 1444/3083/17 1448/3093/18 1447/3092/18 
s 2
f 1449/3094/26 1445/3085/26 1443/3084/26 
f 1443/3084/26 1447/3095/26 1449/3094/26 
s 1
f 1450/3096/6 1446/3086/5 1445/3089/5 
f 1445/3089/5 1449/3097/6 1450/3096/6 
s 2
f 1450/3098/25 1444/3090/25 1446/3091/25 
f 1444/3090/25 1450/3098/25 1448/3099/25 
s 1
f 1451/3100/19 1447/3092/18 1448/3093/18 
f 1448/3093/18 1452/3101/19 1451/3100/19 
s 2
f 1451/3102/26 1449/3094/26 1447/3095/26 
f 1449/3094/26 1451/3102/26 1453/3103/26 
s 1
f 1454/3104/7 1450/3096/6 1449/3097/6 
f 1449/3097/6 1453/3105/7 1454/3104/7 
s 2
f 1452/3106/25 1448/3099/25 1450/3098/25 
f 1450/3098/25 1454/3107/25 1452/3106/25 
s 1
f 1455/3108/20 1451/3100/19 1452/3101/19 
f 1452/3101/19 1456/3109/20 1455/3108/20 
s 2
f 1457/3110/26 1453/3103/26 1451/3102/26 
f 1451/3102/26 1455/3111/26 1457/3110/26 
s 1
f 1458/3112/8 1454/3104/7 1453/3105/7 
f 1453/3105/7 1457/3113/8 1458/3112/8 
s 2
f 1458/3114/25 1452/3106/25 1454/3107/25 
f 1452/3106/25 1458/3114/25 1456/3115/25 
s 1
f 1459/3116/21 1455/3108/20 1456/3109/20 
f 1456/3109/20 1460/3117/21 1459/3116/21 
s 2
f 1461/3118/26 1457/3110/26 1455/3111/26 
f 1455/3111/26 1459/3119/26 1461/3118/26 
s 1
f 1462/3120/9 1458/3112/8 1457/3113/8 
f 1457/3113/8 1461/3121/9 1462/3120/9 
s 2
f 1462/3122/25 1456/3115/25 1458/3114/25 
f 1456/3115/25 1462/3122/25 1460/3123/25 
s 1
f 1463/3124/22 1459/3116/21 1460/3117/21 
f 1460/3117/21 1464/3125/22 1463/3124/22 
s 2
f 1465/3126/26 1461/3118/26 1459/3119/26 
f 1459/3119/26 1463/3127/26 1465/3126/26 
s 1
f 1466/3128/10 1462/3120/9 1461/3121/9 
f 1461/3121/9 1465/3129/10 1466/3128/10 
s 2
f 1466/3130/25 1460/3123/25 1462/3122/25 
f 1460/3123/25 1466/3130/25 1464/3131/25 
s 1
f 1467/3132/23 1463/3133/22 1464/3134/22 
f 1464/3134/22 1468/3135/23 1467/3132/23 
s 2
f 1467/3136/26 1465/3126/26 1463/3127/26 
f 1465/3126/26 1467/3136/26 1469/3137/26 
s 1
f 1470/3138/11 1466/3139/10 1465/3140/10 
f 1465/3140/10 1469/3141/11 1470/3138/11 
s 2
f 1468/3142/25 1464/3131/25 1466/3130/25 
f 1466/3130/25 1470/3143/25 1468/3142/25 
s 1
f 1471/3144/24 1467/3132/23 1468/3135/23 
f 1468/3135/23 1472/3145/24 1471/3144/24 
s 2
f 1471/3146/26 1469/3137/26 1467/3136/26 
f 1469/3137/26 1471/3146/26 1473/3147/26 
s 1
f 1474/3148/12 1470/3138/11 1469/3141/11 
f 1469/3141/11 1473/3149/12 1474/3148/12 
s 2
f 1472/3150/25 1468/3142/25 1470/3143/25 
f 1470/3143/25 1474/3151/25 1472/3150/25 
s 1
f 1475/3152/1 1471/3144/24 1472/3145/24 
f 1472/3145/24 1476/3153/1 1475/3152/1 
s 2
f 1477/3154/26 1473/3147/26 1471/3146/26 
f 1471/3146/26 1475/3155/26 1477/3154/26 
s 1
f 1478/3156/13 1474/3148/12 1473/3149/12 
f 1473/3149/12 1477/3157/13 1478/3156/13 
s 2
f 1478/3158/25 1472/3150/25 1474/3151/25 
f 1472/3150/25 1478/3158/25 1476/3159/25 
s 1
f 1479/3160/2 1475/3152/1 1476/3153/1 
f 1476/3153/1 1480/3161/2 1479/3160/2 
s 2
f 1479/3162/26 1477/3154/26 1475/3155/26 
f 1477/3154/26 1479/3162/26 1481/3163/26 
s 1
f 1482/3164/14 1478/3156/13 1477/3157/13 
f 1477/3157/13 1481/3165/14 1482/3164/14 
s 2
f 1480/3166/25 1476/3159/25 1478/3158/25 
f 1478/3158/25 1482/3167/25 1480/3166/25 
s 1
f 1483/3168/3 1479/3160/2 1480/3161/2 
f 1480/3161/2 1484/3169/3 1483/3168/3 
s 2
f 1483/3170/26 1481/3163/26 1479/3162/26 
f 1481/3163/26 1483/3170/26 1485/3171/26 
s 1
f 1486/3172/15 1482/3164/14 1481/3165/14 
f 1481/3165/14 1485/3173/15 1486/3172/15 
s 2
f 1484/3174/25 1480/3166/25 1482/3167/25 
f 1482/3167/25 1486/3175/25 1484/3174/25 
s 1
f 1392/3176/4 1483/3168/3 1484/3169/3 
f 1484/3169/3 1393/3177/4 1392/3176/4 
s 2
f 1395/2977/26 1485/3171/26 1483/3170/26 
f 1483/3170/26 1392/2978/26 1395/2977/26 
s 1
f 1398/3178/16 1486/3172/15 1485/3173/15 
f 1485/3173/15 1395/3179/16 1398/3178/16 
s 2
f 1398/2986/25 1484/3174/25 1486/3175/25 
f 1484/3174/25 1398/2986/25 1393/2985/25 
s 1
f 1487/3180/4 1488/3181/4 1489/3182/4 
f 1488/3181/4 1487/3180/4 1490/3183/4 
s 2
f 1487/3184/26 1489/3185/26 1491/3186/26 
f 1491/3186/26 1492/3187/26 1487/3184/26 
s 1
f 1492/3188/16 1491/3189/16 1493/3190/16 
f 1493/3190/16 1494/3191/16 1492/3188/16 
s 2
f 1494/3192/25 1493/3193/25 1488/3194/25 
f 1488/3194/25 1490/3195/25 1494/3192/25 
s 1
f 1495/3196/7 1496/3197/7 1497/3198/7 
f 1497/3198/7 1498/3199/7 1495/3196/7 
s 2
f 1498/3200/25 1497/3201/25 1499/3202/25 
f 1499/3202/25 1500/3203/25 1498/3200/25 
s 1
f 1500/3204/19 1499/3205/19 1501/3206/19 
f 1501/3206/19 1502/3207/19 1500/3204/19 
s 2
f 1502/3208/26 1501/3209/26 1496/3210/26 
f 1496/3210/26 1495/3211/26 1502/3208/26 
s 1
f 1503/3212/10 1504/3213/10 1505/3214/10 
f 1504/3213/10 1503/3212/10 1506/3215/10 
s 2
f 1503/3216/26 1505/3217/26 1507/3218/26 
f 1507/3218/26 1508/3219/26 1503/3216/26 
s 1
f 1508/3220/22 1507/3221/22 1509/3222/22 
f 1509/3222/22 1510/3223/22 1508/3220/22 
s 2
f 1506/3224/25 1509/3225/25 1504/3226/25 
f 1509/3225/25 1506/3224/25 1510/3227/25 
s 1
f 1511/3228/26 1512/3229/26 1513/3230/26 
f 1513/3230/26 1514/3231/26 1511/3228/26 
s 2
f 1514/3232/13 1513/3233/13 1515/3234/13 
f 1515/3234/13 1516/3235/13 1514/3232/13 
s 1
f 1516/3236/25 1515/3237/25 1517/3238/25 
f 1517/3238/25 1518/3239/25 1516/3236/25 
s 2
f 1518/3240/1 1517/3241/1 1512/3242/1 
f 1512/3242/1 1511/3243/1 1518/3240/1 
s 1
f 1519/3244/4 1520/3245/4 1521/3246/4 
f 1520/3245/4 1519/3244/4 1522/3247/4 
s 2
f 1519/3248/25 1521/3249/25 1523/3250/25 
f 1523/3250/25 1524/3251/25 1519/3248/25 
s 1
f 1524/3252/16 1523/3253/16 1525/3254/16 
f 1525/3254/16 1526/3255/16 1524/3252/16 
s 2
f 1522/3256/26 1525/3257/26 1520/3258/26 
f 1525/3257/26 1522/3256/26 1526/3259/26 
s 1
f 1527/3260/7 1528/3261/7 1529/3262/7 
f 1529/3262/7 1530/3263/7 1527/3260/7 
s 2
f 1530/3264/26 1529/3265/26 1531/3266/26 
f 1531/3266/26 1532/3267/26 1530/3264/26 
s 1
f 1532/3268/19 1531/3269/19 1533/3270/19 
f 1533/3270/19 1534/3271/19 1532/3268/19 
s 2
f 1534/3272/25 1533/3273/25 1528/3274/25 
f 1528/3274/25 1527/3275/25 1534/3272/25 
s 1
f 1535/3276/10 1536/3277/10 1537/3278/10 
f 1536/3277/10 1535/3276/10 1538/3279/10 
s 2
f 1535/3280/26 1537/3281/26 1539/3282/26 
f 1539/3282/26 1540/3283/26 1535/3280/26 
s 1
f 1540/3284/22 1539/3285/22 1541/3286/22 
f 1541/3286/22 1542/3287/22 1540/3284/22 
s 2
f 1538/3288/25 1541/3289/25 1536/3290/25 
f 1541/3289/25 1538/3288/25 1542/3291/25 
s 1
f 1543/3292/25 1544/3293/25 1545/3294/25 
f 1545/3294/25 1546/3295/25 1543/3292/25 
s 2
f 1546/3296/13 1545/3297/13 1547/3298/13 
f 1547/3298/13 1548/3299/13 1546/3296/13 
s 1
f 1548/3300/26 1547/3301/26 1549/3302/26 
f 1549/3302/26 1550/3303/26 1548/3300/26 
s 2
f 1550/3304/1 1549/3305/1 1544/3306/1 
f 1544/3306/1 1543/3307/1 1550/3304/1 
s 1
f 1551/3308/26 1552/3309/26 1553/3310/26 
f 1553/3310/26 1554/3311/26 1551/3308/26 
s 2
f 1553/3312/1 1555/3313/1 1556/3314/1 
f 1555/3313/1 1553/3312/1 1552/3315/1 
s 1
f 1555/3316/25 1557/3317/25 1558/3318/25 
f 1558/3318/25 1556/3319/25 1555/3316/25 
s 2
f 1557/3320/13 1551/3321/13 1554/3322/13 
f 1554/3322/13 1558/3323/13 1557/3320/13 
s 1
f 1559/3324/26 1560/3325/26 1561/3326/26 
f 1561/3326/26 1562/3327/26 1559/3324/26 
f 1563/3328/1 1564/3329/1 1565/3330/1 
f 1565/3330/1 1566/3331/1 1563/3328/1 
f 1567/3332/25 1568/3333/25 1569/3334/25 
f 1568/3333/25 1567/3332/25 1570/3335/25 
f 1571/3336/13 1572/3337/13 1573/3338/13 
f 1573/3338/13 1574/3339/13 1571/3336/13 
f 1575/3340/26 1576/3341/26 1577/3342/26 
f 1576/3341/26 1575/3340/26 1578/3343/26 
f 1579/3344/1 1580/3345/1 1581/3346/1 
f 1581/3346/1 1582/3347/1 1579/3344/1 
f 1583/3348/25 1584/3349/25 1585/3350/25 
f 1585/3350/25 1586/3351/25 1583/3348/25 
f 1587/3352/13 1588/3353/13 1589/3354/13 
f 1589/3354/13 1590/3355/13 1587/3352/13 
f 1591/3356/26 1592/3357/26 1593/3358/26 
f 1593/3358/26 1594/3359/26 1591/3356/26 
f 1595/3360/1 1596/3361/1 1597/3362/1 
f 1597/3362/1 1598/3363/1 1595/3360/1 
f 1599/3364/25 1600/3365/25 1601/3366/25 
f 1600/3365/25 1599/3364/25 1602/3367/25 
s 2
f 1603/3368/13 1604/3369/13 1605/3370/13 
f 1605/3370/13 1606/3371/13 1603/3368/13 
s 1
f 1607/3372/26 1608/3373/26 1609/3374/26 
f 1608/3373/26 1607/3372/26 1610/3375/26 
s 2
f 1611/3376/1 1612/3377/1 1613/3378/1 
f 1613/3378/1 1614/3379/1 1611/3376/1 
s 1
f 1615/3380/25 1616/3381/25 1617/3382/25 
f 1617/3382/25 1618/3383/25 1615/3380/25 
f 1619/3384/13 1620/3385/13 1621/3386/13 
f 1621/3386/13 1622/3387/13 1619/3384/13 
f 1623/3388/26 1624/3389/26 1625/3390/26 
f 1625/3390/26 1626/3391/26 1623/3388/26 
f 1627/3392/1 1628/3393/1 1629/3394/1 
f 1629/3394/1 1630/3395/1 1627/3392/1 
f 1631/3396/25 1632/3397/25 1633/3398/25 
f 1632/3397/25 1631/3396/25 1634/3399/25 
f 1635/3400/13 1636/3401/13 1637/3402/13 
f 1637/3402/13 1638/3403/13 1635/3400/13 
f 1639/3404/26 1640/3405/26 1641/3406/26 
f 1640/3405/26 1639/3404/26 1642/3407/26 
f 1643/3408/1 1644/3409/1 1645/3410/1 
f 1645/3410/1 1646/3411/1 1643/3408/1 
f 1647/3412/25 1648/3413/25 1649/3414/25 
f 1649/3414/25 1650/3415/25 1647/3412/25 
f 1651/3416/13 1652/3417/13 1653/3418/13 
f 1653/3418/13 1654/3419/13 1651/3416/13 
s 4
f 1655/3420/26 1574/3421/26 1656/3422/26 
f 1574/3421/26 1655/3420/26 1563/3423/26 
f 1656/3422/26 1573/3424/26 1657/3425/26 
f 1573/3424/26 1656/3422/26 1574/3421/26 
f 1657/3425/26 1564/3426/26 1658/3427/26 
f 1564/3426/26 1657/3425/26 1573/3424/26 
f 1564/3426/26 1563/3423/26 1655/3420/26 
f 1655/3420/26 1658/3427/26 1564/3426/26 
s 2
f 1571/3428/25 1566/3429/25 1659/3430/25 
f 1659/3430/25 1660/3431/25 1571/3428/25 
f 1659/3430/25 1565/3432/25 1661/3433/25 
f 1565/3432/25 1659/3430/25 1566/3429/25 
f 1661/3433/25 1662/3434/25 1663/3435/25 
f 1662/3434/25 1661/3433/25 1565/3432/25 
f 1572/3436/25 1571/3428/25 1660/3431/25 
f 1660/3431/25 1663/3435/25 1572/3436/25 
s 4
f 1579/3437/26 1590/3438/26 1664/3439/26 
f 1664/3439/26 1665/3440/26 1579/3437/26 
f 1664/3439/26 1589/3441/26 1666/3442/26 
f 1589/3441/26 1664/3439/26 1590/3438/26 
f 1666/3442/26 1580/3443/26 1667/3444/26 
f 1580/3443/26 1666/3442/26 1589/3441/26 
f 1580/3443/26 1579/3437/26 1665/3440/26 
f 1665/3440/26 1667/3444/26 1580/3443/26 
s 2
f 1668/3445/25 1582/3446/25 1669/3447/25 
f 1582/3446/25 1668/3445/25 1587/3448/25 
f 1669/3447/25 1581/3449/25 1670/3450/25 
f 1581/3449/25 1669/3447/25 1582/3446/25 
f 1670/3450/25 1671/3451/25 1672/3452/25 
f 1671/3451/25 1670/3450/25 1581/3449/25 
f 1588/3453/25 1587/3448/25 1668/3445/25 
f 1668/3445/25 1672/3452/25 1588/3453/25 
s 4
f 1673/3454/26 1605/3455/26 1674/3456/26 
f 1605/3455/26 1673/3454/26 1606/3457/26 
f 1674/3456/26 1596/3458/26 1675/3459/26 
f 1596/3458/26 1674/3456/26 1605/3455/26 
f 1596/3458/26 1595/3460/26 1676/3461/26 
f 1676/3461/26 1675/3459/26 1596/3458/26 
f 1676/3461/26 1606/3457/26 1673/3454/26 
f 1606/3457/26 1676/3461/26 1595/3460/26 
f 1677/3462/25 1597/3463/25 1678/3464/25 
f 1597/3463/25 1677/3462/25 1598/3465/25 
f 1597/3463/25 1604/3466/25 1679/3467/25 
f 1679/3467/25 1678/3464/25 1597/3463/25 
f 1604/3466/25 1603/3468/25 1680/3469/25 
f 1680/3469/25 1679/3467/25 1604/3466/25 
f 1603/3468/25 1598/3465/25 1677/3462/25 
f 1677/3462/25 1680/3469/25 1603/3468/25 
f 1681/3470/26 1621/3471/26 1682/3472/26 
f 1621/3471/26 1681/3470/26 1622/3473/26 
f 1682/3472/26 1612/3474/26 1683/3475/26 
f 1612/3474/26 1682/3472/26 1621/3471/26 
f 1612/3474/26 1611/3476/26 1684/3477/26 
f 1684/3477/26 1683/3475/26 1612/3474/26 
f 1611/3476/26 1622/3473/26 1681/3470/26 
f 1681/3470/26 1684/3477/26 1611/3476/26 
f 1685/3478/25 1613/3479/25 1686/3480/25 
f 1613/3479/25 1685/3478/25 1614/3481/25 
f 1613/3479/25 1620/3482/25 1687/3483/25 
f 1687/3483/25 1686/3480/25 1613/3479/25 
f 1620/3482/25 1619/3484/25 1688/3485/25 
f 1688/3485/25 1687/3483/25 1620/3482/25 
f 1688/3485/25 1614/3481/25 1685/3478/25 
f 1614/3481/25 1688/3485/25 1619/3484/25 
s 2
f 1689/3486/26 1637/3487/26 1690/3488/26 
f 1637/3487/26 1689/3486/26 1638/3489/26 
f 1690/3488/26 1628/3490/26 1691/3491/26 
f 1628/3490/26 1690/3488/26 1637/3487/26 
f 1628/3490/26 1627/3492/26 1692/3493/26 
f 1692/3493/26 1691/3491/26 1628/3490/26 
f 1692/3493/26 1638/3489/26 1689/3486/26 
f 1638/3489/26 1692/3493/26 1627/3492/26 
s 4
f 1693/3494/25 1629/3495/25 1694/3496/25 
f 1629/3495/25 1693/3494/25 1630/3497/25 
f 1629/3495/25 1636/3498/25 1695/3499/25 
f 1695/3499/25 1694/3496/25 1629/3495/25 
f 1636/3498/25 1635/3500/25 1696/3501/25 
f 1696/3501/25 1695/3499/25 1636/3498/25 
f 1635/3500/25 1630/3497/25 1693/3494/25 
f 1693/3494/25 1696/3501/25 1635/3500/25 
s 2
f 1697/3502/26 1653/3503/26 1698/3504/26 
f 1653/3503/26 1697/3502/26 1654/3505/26 
f 1698/3504/26 1644/3506/26 1699/3507/26 
f 1644/3506/26 1698/3504/26 1653/3503/26 
f 1644/3506/26 1643/3508/26 1700/3509/26 
f 1700/3509/26 1699/3507/26 1644/3506/26 
f 1643/3508/26 1654/3505/26 1697/3502/26 
f 1697/3502/26 1700/3509/26 1643/3508/26 
s 4
f 1701/3510/25 1645/3511/25 1702/3512/25 
f 1645/3511/25 1701/3510/25 1646/3513/25 
f 1645/3511/25 1652/3514/25 1703/3515/25 
f 1703/3515/25 1702/3512/25 1645/3511/25 
f 1652/3514/25 1651/3516/25 1704/3517/25 
f 1704/3517/25 1703/3515/25 1652/3514/25 
f 1704/3517/25 1646/3513/25 1701/3510/25 
f 1646/3513/25 1704/3517/25 1651/3516/25 
s 2
f 1655/3518/762 1656/3519/762 1559/3520/762 
f 1559/3520/762 1562/3521/762 1655/3518/762 
s 8
f 1656/3522/1 1657/3523/1 1560/3524/1 
f 1560/3524/1 1559/3525/1 1656/3522/1 
s 2
f 1657/3526/7 1658/3527/7 1561/3528/7 
f 1561/3528/7 1560/3529/7 1657/3526/7 
s 8
f 1658/3530/13 1655/3531/13 1562/3532/13 
f 1562/3532/13 1561/3533/13 1658/3530/13 
s 4
f 1660/3534/762 1659/3535/762 1570/3536/762 
f 1570/3536/762 1567/3537/762 1660/3534/762 
s 8
f 1570/3538/13 1661/3539/13 1568/3540/13 
f 1661/3539/13 1570/3538/13 1659/3541/13 
s 4
f 1661/3542/7 1663/3543/7 1569/3544/7 
f 1569/3544/7 1568/3545/7 1661/3542/7 
s 8
f 1663/3546/1 1660/3547/1 1567/3548/1 
f 1567/3548/1 1569/3549/1 1663/3546/1 
s 2
f 1665/3550/763 1664/3551/763 1578/3552/763 
f 1578/3552/763 1575/3553/763 1665/3550/763 
s 8
f 1664/3554/1 1666/3555/1 1576/3556/1 
f 1576/3556/1 1578/3557/1 1664/3554/1 
s 2
f 1666/3558/7 1667/3559/7 1577/3560/7 
f 1577/3560/7 1576/3561/7 1666/3558/7 
s 8
f 1667/3562/13 1665/3563/13 1575/3564/13 
f 1575/3564/13 1577/3565/13 1667/3562/13 
s 4
f 1668/3566/763 1669/3567/763 1583/3568/763 
f 1583/3568/763 1586/3569/763 1668/3566/763 
s 8
f 1583/3570/13 1670/3571/13 1584/3572/13 
f 1670/3571/13 1583/3570/13 1669/3573/13 
s 4
f 1670/3574/7 1672/3575/7 1585/3576/7 
f 1585/3576/7 1584/3577/7 1670/3574/7 
s 8
f 1672/3578/1 1668/3579/1 1586/3580/1 
f 1586/3580/1 1585/3581/1 1672/3578/1 
s 2
f 1673/3582/1 1674/3583/1 1592/3584/1 
f 1592/3584/1 1591/3585/1 1673/3582/1 
s 8
f 1674/3586/7 1675/3587/7 1593/3588/7 
f 1593/3588/7 1592/3589/7 1674/3586/7 
s 2
f 1675/3590/13 1676/3591/13 1594/3592/13 
f 1594/3592/13 1593/3593/13 1675/3590/13 
s 8
f 1676/3594/762 1673/3595/762 1591/3596/762 
f 1591/3596/762 1594/3597/762 1676/3594/762 
s 2
f 1677/3598/13 1678/3599/13 1600/3600/13 
f 1600/3600/13 1602/3601/13 1677/3598/13 
s 8
f 1678/3602/7 1679/3603/7 1601/3604/7 
f 1601/3604/7 1600/3605/7 1678/3602/7 
s 2
f 1679/3606/1 1680/3607/1 1599/3608/1 
f 1599/3608/1 1601/3609/1 1679/3606/1 
s 8
f 1680/3610/762 1677/3611/762 1602/3612/762 
f 1602/3612/762 1599/3613/762 1680/3610/762 
s 2
f 1681/3614/1 1682/3615/1 1608/3616/1 
f 1608/3616/1 1610/3617/1 1681/3614/1 
s 8
f 1682/3618/7 1683/3619/7 1609/3620/7 
f 1609/3620/7 1608/3621/7 1682/3618/7 
s 2
f 1683/3622/13 1684/3623/13 1607/3624/13 
f 1607/3624/13 1609/3625/13 1683/3622/13 
s 8
f 1684/3626/763 1681/3627/763 1610/3628/763 
f 1610/3628/763 1607/3629/763 1684/3626/763 
s 2
f 1685/3630/13 1686/3631/13 1616/3632/13 
f 1616/3632/13 1615/3633/13 1685/3630/13 
s 8
f 1686/3634/7 1687/3635/7 1617/3636/7 
f 1617/3636/7 1616/3637/7 1686/3634/7 
s 2
f 1687/3638/1 1688/3639/1 1618/3640/1 
f 1618/3640/1 1617/3641/1 1687/3638/1 
s 8
f 1688/3642/763 1685/3643/763 1615/3644/763 
f 1615/3644/763 1618/3645/763 1688/3642/763 
s 4
f 1689/3646/1 1690/3647/1 1624/3648/1 
f 1624/3648/1 1623/3649/1 1689/3646/1 
s 8
f 1690/3650/7 1691/3651/7 1625/3652/7 
f 1625/3652/7 1624/3653/7 1690/3650/7 
s 4
f 1691/3654/13 1692/3655/13 1626/3656/13 
f 1626/3656/13 1625/3657/13 1691/3654/13 
s 8
f 1692/3658/762 1689/3659/762 1623/3660/762 
f 1623/3660/762 1626/3661/762 1692/3658/762 
s 2
f 1693/3662/13 1694/3663/13 1632/3664/13 
f 1632/3664/13 1634/3665/13 1693/3662/13 
s 8
f 1694/3666/7 1695/3667/7 1633/3668/7 
f 1633/3668/7 1632/3669/7 1694/3666/7 
s 2
f 1695/3670/1 1696/3671/1 1631/3672/1 
f 1631/3672/1 1633/3673/1 1695/3670/1 
s 8
f 1696/3674/762 1693/3675/762 1634/3676/762 
f 1634/3676/762 1631/3677/762 1696/3674/762 
s 4
f 1697/3678/1 1698/3679/1 1640/3680/1 
f 1640/3680/1 1642/3681/1 1697/3678/1 
s 8
f 1698/3682/7 1699/3683/7 1641/3684/7 
f 1641/3684/7 1640/3685/7 1698/3682/7 
s 4
f 1699/3686/13 1700/3687/13 1639/3688/13 
f 1639/3688/13 1641/3689/13 1699/3686/13 
s 8
f 1700/3690/763 1697/3691/763 1642/3692/763 
f 1642/3692/763 1639/3693/763 1700/3690/763 
s 2
f 1701/3694/13 1702/3695/13 1648/3696/13 
f 1648/3696/13 1647/3697/13 1701/3694/13 
s 8
f 1702/3698/7 1703/3699/7 1649/3700/7 
f 1649/3700/7 1648/3701/7 1702/3698/7 
s 2
f 1703/3702/1 1704/3703/1 1650/3704/1 
f 1650/3704/1 1649/3705/1 1703/3702/1 
s 8
f 1704/3706/763 1701/3707/763 1647/3708/763 
f 1647/3708/763 1650/3709/763 1704/3706/763 
s 1
f 1565/3330/1 1564/3329/1 1705/3710/1 
f 1705/3710/1 1662/3711/1 1565/3330/1 
s 2
f 1706/3712/25 1663/3435/25 1662/3434/25 
f 1663/3435/25 1706/3712/25 1572/3436/25 
s 1
f 1589/3354/13 1588/3353/13 1707/3713/13 
f 1707/3713/13 1708/3714/13 1589/3354/13 
s 2
f 1707/3715/25 1672/3452/25 1671/3451/25 
f 1672/3452/25 1707/3715/25 1588/3453/25 
s 1
f 1597/3362/1 1596/3361/1 1709/3716/1 
f 1709/3716/1 1710/3717/1 1597/3362/1 
s 2
f 1605/3370/13 1604/3369/13 1711/3718/13 
f 1711/3718/13 1712/3719/13 1605/3370/13 
f 1613/3378/1 1612/3377/1 1713/3720/1 
f 1713/3720/1 1714/3721/1 1613/3378/1 
s 1
f 1621/3386/13 1620/3385/13 1715/3722/13 
f 1715/3722/13 1716/3723/13 1621/3386/13 
f 1629/3394/1 1628/3393/1 1717/3724/1 
f 1717/3724/1 1718/3725/1 1629/3394/1 
f 1653/3418/13 1652/3417/13 1719/3726/13 
f 1719/3726/13 1720/3727/13 1653/3418/13 
f 1589/3354/13 1708/3714/13 1715/3722/13 
f 1715/3722/13 1620/3385/13 1589/3354/13 
s 2
f 1721/3728/1 1580/3729/1 1613/3378/1 
f 1613/3378/1 1714/3721/1 1721/3728/1 
s 8
f 1580/3730/7 1589/3731/7 1620/3732/7 
f 1620/3732/7 1613/3733/7 1580/3730/7 
s 1
f 1621/3386/13 1716/3723/13 1719/3726/13 
f 1719/3726/13 1652/3417/13 1621/3386/13 
s 2
f 1713/3720/1 1612/3377/1 1645/3734/1 
f 1645/3734/1 1722/3735/1 1713/3720/1 
s 8
f 1612/3736/7 1621/3737/7 1652/3738/7 
f 1652/3738/7 1645/3739/7 1612/3736/7 
s 2
f 1605/3370/13 1712/3719/13 1723/3740/13 
f 1723/3740/13 1636/3741/13 1605/3370/13 
s 1
f 1709/3716/1 1596/3361/1 1629/3394/1 
f 1629/3394/1 1718/3725/1 1709/3716/1 
s 8
f 1596/3742/7 1605/3743/7 1636/3744/7 
f 1636/3744/7 1629/3745/7 1596/3742/7 
s 2
f 1573/3746/13 1724/3747/13 1711/3718/13 
f 1711/3718/13 1604/3369/13 1573/3746/13 
s 1
f 1705/3710/1 1564/3329/1 1597/3362/1 
f 1597/3362/1 1710/3717/1 1705/3710/1 
s 8
f 1564/3748/7 1573/3749/7 1604/3750/7 
f 1604/3750/7 1597/3751/7 1564/3748/7 
s 2
f 1572/3436/25 1706/3712/25 1671/3451/25 
f 1671/3451/25 1581/3449/25 1572/3436/25 
s 16
f 1724/3752/26 1573/3753/26 1580/3754/26 
f 1580/3754/26 1721/3755/26 1724/3752/26 
s 32
f 1573/3756/7 1572/3757/7 1581/3758/7 
f 1581/3758/7 1580/3759/7 1573/3756/7 
s 16
f 1636/3760/25 1723/3761/25 1722/3762/25 
f 1722/3762/25 1645/3763/25 1636/3760/25 
s 32
f 1637/3764/7 1636/3765/7 1645/3766/7 
f 1645/3766/7 1644/3767/7 1637/3764/7 
s 1
f 1725/1592/26 1726/1593/26 1727/1594/26 
f 1727/1594/26 1728/1595/26 1725/1592/26 
s 2
f 1726/1596/1 1729/1597/1 1730/1598/1 
f 1730/1598/1 1727/1599/1 1726/1596/1 
s 1
f 1729/1600/25 1731/1601/25 1732/1602/25 
f 1732/1602/25 1730/1603/25 1729/1600/25 
s 2
f 1731/1604/13 1725/1605/13 1728/1606/13 
f 1728/1606/13 1732/1607/13 1731/1604/13 
s 1
f 1733/2014/740 1734/2015/740 1735/2016/740 
f 1735/2016/740 1736/2017/740 1733/2014/740 
f 1737/2018/736 1733/2014/736 1736/2017/736 
f 1736/2017/736 1738/2019/736 1737/2018/736 
f 1739/2020/741 1737/2018/741 1738/2019/741 
f 1738/2019/741 1740/2021/741 1739/2020/741 
f 1741/2022/742 1739/2023/742 1740/2024/742 
f 1740/2024/742 1742/2025/742 1741/2022/742 
f 1743/2026/739 1741/2022/739 1742/2025/739 
f 1742/2025/739 1744/2027/739 1743/2026/739 
f 1745/2029/743 1743/2026/743 1744/2027/743 
f 1744/2027/743 1746/2028/743 1745/2029/743 
f 1747/2030/744 1748/2031/744 1749/2032/744 
f 1749/2032/744 1750/2033/744 1747/2030/744 
f 1751/2034/729 1747/2030/729 1750/2033/729 
f 1750/2033/729 1752/2035/729 1751/2034/729 
f 1753/2036/745 1751/2034/745 1752/2035/745 
f 1751/2034/745 1753/2036/745 1754/2037/745 
f 1755/2038/746 1754/2039/746 1753/2040/746 
f 1753/2040/746 1756/2041/746 1755/2038/746 
f 1757/2042/737 1755/2038/737 1756/2041/737 
f 1756/2041/737 1758/2043/737 1757/2042/737 
f 1734/2015/747 1757/2042/747 1758/2043/747 
f 1758/2043/747 1735/2016/747 1734/2015/747 
s 2
f 1748/2044/25 1745/2045/25 1746/2046/25 
f 1746/2046/25 1749/2047/25 1748/2044/25 
s 1
f 1759/2048/1 1760/2049/1 1761/2050/1 
f 1762/2051/1 1763/2052/1 1764/2053/1 
f 1761/2050/1 1763/2052/1 1762/2051/1 
f 1765/2054/1 1766/2055/1 1767/2056/1 
f 1766/2055/1 1765/2054/1 1768/2057/1 
f 1769/2058/1 1766/2055/1 1768/2057/1 
f 1766/2055/1 1769/2058/1 1770/2059/1 
f 1771/2060/1 1766/2055/1 1770/2059/1 
f 1771/2060/1 1762/2051/1 1766/2055/1 
f 1759/2048/1 1761/2050/1 1762/2051/1 
f 1771/2060/1 1759/2048/1 1762/2051/1 
f 1772/2061/13 1773/2062/13 1774/2063/13 
f 1774/2063/13 1775/2064/13 1772/2061/13 
f 1776/2065/13 1773/2062/13 1772/2061/13 
f 1777/2066/13 1778/2067/13 1779/2068/13 
f 1778/2067/13 1777/2066/13 1780/2069/13 
f 1781/2070/13 1778/2067/13 1780/2069/13 
f 1782/2071/13 1783/2072/13 1778/2067/13 
f 1778/2067/13 1781/2070/13 1782/2071/13 
f 1783/2072/13 1772/2061/13 1778/2067/13 
f 1784/2073/13 1772/2061/13 1783/2072/13 
f 1784/2073/13 1776/2065/13 1772/2061/13 
s 4
f 1736/2074/1 1735/2075/1 1785/2076/1 
f 1785/2076/1 1786/2077/1 1736/2074/1 
f 1785/2076/1 1758/2078/1 1787/2079/1 
f 1758/2078/1 1785/2076/1 1735/2075/1 
f 1787/2079/1 1756/2080/1 1788/2081/1 
f 1756/2080/1 1787/2079/1 1758/2078/1 
f 1756/2080/1 1753/2082/1 1789/2083/1 
f 1789/2083/1 1788/2081/1 1756/2080/1 
f 1753/2082/1 1752/2084/1 1790/2085/1 
f 1790/2085/1 1789/2083/1 1753/2082/1 
f 1790/2085/1 1750/2086/1 1791/2087/1 
f 1750/2086/1 1790/2085/1 1752/2084/1 
f 1750/2086/1 1749/2088/1 1792/2089/1 
f 1792/2089/1 1791/2087/1 1750/2086/1 
f 1749/2088/1 1746/2090/1 1793/2091/1 
f 1793/2091/1 1792/2089/1 1749/2088/1 
f 1793/2091/1 1744/2092/1 1794/2093/1 
f 1744/2092/1 1793/2091/1 1746/2090/1 
f 1794/2093/1 1742/2094/1 1795/2095/1 
f 1742/2094/1 1794/2093/1 1744/2092/1 
f 1742/2094/1 1740/2096/1 1796/2097/1 
f 1796/2097/1 1795/2095/1 1742/2094/1 
f 1740/2096/1 1738/2098/1 1797/2099/1 
f 1797/2099/1 1796/2097/1 1740/2096/1 
f 1738/2098/1 1736/2074/1 1786/2077/1 
f 1786/2077/1 1797/2099/1 1738/2098/1 
f 1798/2100/13 1733/2101/13 1799/2102/13 
f 1733/2101/13 1798/2100/13 1734/2103/13 
f 1799/2102/13 1737/2104/13 1800/2105/13 
f 1737/2104/13 1799/2102/13 1733/2101/13 
f 1800/2105/13 1739/2106/13 1801/2107/13 
f 1739/2106/13 1800/2105/13 1737/2104/13 
f 1801/2107/13 1741/2108/13 1802/2109/13 
f 1741/2108/13 1801/2107/13 1739/2106/13 
f 1741/2108/13 1743/2110/13 1803/2111/13 
f 1803/2111/13 1802/2109/13 1741/2108/13 
f 1743/2110/13 1745/2112/13 1804/2113/13 
f 1804/2113/13 1803/2111/13 1743/2110/13 
f 1804/2113/13 1748/2114/13 1805/2115/13 
f 1748/2114/13 1804/2113/13 1745/2112/13 
f 1805/2115/13 1747/2116/13 1806/2117/13 
f 1747/2116/13 1805/2115/13 1748/2114/13 
f 1747/2116/13 1751/2118/13 1807/2119/13 
f 1807/2119/13 1806/2117/13 1747/2116/13 
f 1807/2119/13 1754/2120/13 1808/2121/13 
f 1754/2120/13 1807/2119/13 1751/2118/13 
f 1808/2121/13 1755/2122/13 1809/2123/13 
f 1755/2122/13 1808/2121/13 1754/2120/13 
f 1755/2122/13 1757/2124/13 1810/2125/13 
f 1810/2125/13 1809/2123/13 1755/2122/13 
f 1757/2124/13 1734/2103/13 1798/2100/13 
f 1798/2100/13 1810/2125/13 1757/2124/13 
s 2
f 1786/2126/141 1785/2127/141 1771/2128/141 
f 1771/2128/141 1770/2129/141 1786/2126/141 
f 1785/2127/129 1787/2130/129 1759/2131/129 
f 1759/2131/129 1771/2128/129 1785/2127/129 
f 1787/2130/738 1788/2132/738 1760/2133/738 
f 1760/2133/738 1759/2131/738 1787/2130/738 
f 1788/2132/748 1789/2134/748 1761/2135/748 
f 1761/2135/748 1760/2133/748 1788/2132/748 
f 1789/2136/749 1790/2137/749 1763/2138/749 
f 1763/2138/749 1761/2139/749 1789/2136/749 
f 1790/2137/735 1791/2140/735 1764/2141/735 
f 1764/2141/735 1763/2138/735 1790/2137/735 
f 1791/2140/750 1792/2142/750 1762/2143/750 
f 1762/2143/750 1764/2141/750 1791/2140/750 
s 8
f 1762/2144/26 1793/2145/26 1766/2146/26 
f 1793/2145/26 1762/2144/26 1792/2147/26 
s 2
f 1793/2148/751 1794/2149/751 1767/2150/751 
f 1767/2150/751 1766/2151/751 1793/2148/751 
f 1794/2149/730 1795/2152/730 1765/2153/730 
f 1765/2153/730 1767/2150/730 1794/2149/730 
f 1795/2152/752 1796/2154/752 1768/2155/752 
f 1768/2155/752 1765/2153/752 1795/2152/752 
f 1796/2156/753 1797/2157/753 1769/2158/753 
f 1769/2158/753 1768/2159/753 1796/2156/753 
f 1797/2157/734 1786/2126/734 1770/2129/734 
f 1770/2129/734 1769/2158/734 1797/2157/734 
f 1798/2160/141 1799/2161/141 1784/2162/141 
f 1784/2162/141 1783/2163/141 1798/2160/141 
f 1799/2161/734 1800/2164/734 1776/2165/734 
f 1776/2165/734 1784/2162/734 1799/2161/734 
f 1800/2164/753 1801/2166/753 1773/2167/753 
f 1773/2167/753 1776/2165/753 1800/2164/753 
f 1801/2168/752 1802/2169/752 1774/2170/752 
f 1774/2170/752 1773/2171/752 1801/2168/752 
f 1802/2169/730 1803/2172/730 1775/2173/730 
f 1775/2173/730 1774/2170/730 1802/2169/730 
f 1803/2172/751 1804/2174/751 1772/2175/751 
f 1772/2175/751 1775/2173/751 1803/2172/751 
s 8
f 1772/2176/26 1805/2177/26 1778/2178/26 
f 1805/2177/26 1772/2176/26 1804/2179/26 
s 2
f 1805/2180/750 1806/2181/750 1779/2182/750 
f 1779/2182/750 1778/2183/750 1805/2180/750 
f 1806/2181/735 1807/2184/735 1777/2185/735 
f 1777/2185/735 1779/2182/735 1806/2181/735 
f 1807/2184/749 1808/2186/749 1780/2187/749 
f 1780/2187/749 1777/2185/749 1807/2184/749 
f 1808/2188/748 1809/2189/748 1781/2190/748 
f 1781/2190/748 1780/2191/748 1808/2188/748 
f 1809/2189/738 1810/2192/738 1782/2193/738 
f 1782/2193/738 1781/2190/738 1809/2189/738 
f 1810/2192/129 1798/2160/129 1783/2163/129 
f 1783/2163/129 1782/2193/129 1810/2192/129 
s 1
f 1811/2194/19 1812/2195/19 1813/2196/19 
f 1813/2196/19 1814/2197/19 1811/2194/19 
f 1815/2198/7 1816/2199/7 1817/2200/7 
f 1817/2200/7 1818/2201/7 1815/2198/7 
f 1819/2202/26 1820/2203/26 1821/2204/26 
f 1821/2204/26 1822/2205/26 1819/2202/26 
s 2
f 1814/2206/1 1813/2207/1 1817/2208/1 
f 1817/2208/1 1816/2209/1 1814/2206/1 
s 4
f 1813/2210/25 1812/2211/25 1818/2212/25 
f 1818/2212/25 1817/2213/25 1813/2210/25 
s 2
f 1812/2214/13 1811/2215/13 1815/2216/13 
f 1815/2216/13 1818/2217/13 1812/2214/13 
s 4
f 1811/2218/26 1814/2219/26 1823/2220/26 
f 1823/2220/26 1824/2221/26 1811/2218/26 
f 1814/2219/26 1816/2222/26 1825/2223/26 
f 1825/2223/26 1823/2220/26 1814/2219/26 
f 1816/2222/26 1815/2224/26 1826/2225/26 
f 1826/2225/26 1825/2223/26 1816/2222/26 
f 1826/2225/26 1811/2218/26 1824/2221/26 
f 1811/2218/26 1826/2225/26 1815/2224/26 
s 2
f 1824/2226/19 1823/2227/19 1820/2228/19 
f 1820/2228/19 1819/2229/19 1824/2226/19 
s 8
f 1823/2230/1 1825/2231/1 1821/2232/1 
f 1821/2232/1 1820/2233/1 1823/2230/1 
s 2
f 1825/2234/7 1826/2235/7 1822/2236/7 
f 1822/2236/7 1821/2237/7 1825/2234/7 
s 8
f 1826/2238/13 1824/2239/13 1819/2240/13 
f 1819/2240/13 1822/2241/13 1826/2238/13 
s 1
f 1827/2242/19 1828/2243/19 1829/2244/19 
f 1830/2245/19 1827/2242/19 1831/2246/19 
f 1831/2246/19 1832/2247/19 1830/2245/19 
f 1833/2248/19 1828/2243/19 1830/2245/19 
f 1830/2245/19 1834/2249/19 1833/2248/19 
f 1833/2248/19 1835/2250/19 1836/2251/19 
f 1837/2252/19 1833/2248/19 1836/2251/19 
f 1828/2243/19 1827/2242/19 1830/2245/19 
f 1837/2252/19 1828/2243/19 1833/2248/19 
f 1837/2252/19 1838/2253/19 1828/2243/19 
s 2
f 1836/2254/1 1835/2255/754 1839/2256/754 
f 1839/2256/754 1840/2257/1 1836/2254/1 
s 4
f 1835/2258/754 1833/2259/755 1841/2260/755 
f 1841/2260/755 1839/2261/754 1835/2258/754 
f 1833/2259/755 1834/2262/25 1842/2263/25 
f 1842/2263/25 1841/2260/755 1833/2259/755 
s 2
f 1834/2262/25 1830/2264/756 1843/2265/756 
f 1843/2265/756 1842/2263/25 1834/2262/25 
f 1830/2264/756 1832/2266/757 1844/2267/757 
f 1844/2267/757 1843/2265/756 1830/2264/756 
s 4
f 1844/2271/757 1831/2269/13 1845/2270/13 
f 1831/2269/13 1844/2271/757 1832/2268/757 
s 2
f 1831/2269/13 1827/2272/758 1846/2273/758 
f 1846/2273/758 1845/2270/13 1831/2269/13 
f 1827/2274/758 1829/2275/759 1847/2276/759 
f 1847/2276/759 1846/2277/758 1827/2274/758 
s 4
f 1829/2275/759 1828/2278/26 1848/2279/26 
f 1848/2279/26 1847/2276/759 1829/2275/759 
f 1828/2278/26 1838/2280/760 1849/2281/760 
f 1849/2281/760 1848/2279/26 1828/2278/26 
s 8
f 1838/2280/760 1837/2282/761 1850/2283/761 
f 1850/2283/761 1849/2281/760 1838/2280/760 
f 1837/2284/761 1836/2254/1 1840/2257/1 
f 1840/2257/1 1850/2285/761 1837/2284/761 
s 1
f 1840/2286/7 1839/2287/7 1841/2288/7 
f 1841/2288/7 1842/2289/7 1843/2290/7 
f 1843/2290/7 1844/2291/7 1845/2292/7 
f 1841/2288/7 1843/2290/7 1845/2292/7 
f 1845/2292/7 1846/2293/7 1847/2295/7 
f 1847/2295/7 1848/2294/7 1849/2297/7 
f 1841/2288/7 1847/2295/7 1849/2297/7 
f 1841/2288/7 1845/2292/7 1847/2295/7 
f 1840/2286/7 1841/2288/7 1849/2297/7 
f 1850/2296/7 1840/2286/7 1849/2297/7 
f 1851/2298/19 1852/2299/19 1853/2300/19 
f 1854/2301/19 1851/2298/19 1855/2302/19 
f 1855/2302/19 1856/2303/19 1854/2301/19 
f 1857/2304/19 1852/2299/19 1854/2301/19 
f 1854/2301/19 1858/2305/19 1859/2306/19 
f 1859/2306/19 1860/2307/19 1857/2304/19 
f 1854/2301/19 1859/2306/19 1857/2304/19 
f 1852/2299/19 1851/2298/19 1854/2301/19 
f 1861/2308/19 1852/2299/19 1857/2304/19 
f 1862/2309/19 1861/2308/19 1857/2304/19 
s 2
f 1857/2310/1 1860/2311/754 1863/2312/754 
f 1863/2312/754 1864/2313/1 1857/2310/1 
s 4
f 1860/2311/754 1859/2314/755 1865/2315/755 
f 1865/2315/755 1863/2312/754 1860/2311/754 
f 1859/2314/755 1858/2316/25 1866/2317/25 
f 1866/2317/25 1865/2315/755 1859/2314/755 
s 2
f 1858/2316/25 1854/2318/756 1867/2319/756 
f 1867/2319/756 1866/2317/25 1858/2316/25 
f 1854/2318/756 1856/2320/757 1868/2321/757 
f 1868/2321/757 1867/2319/756 1854/2318/756 
s 4
f 1868/2321/757 1855/2322/13 1869/2323/13 
f 1855/2322/13 1868/2321/757 1856/2320/757 
s 2
f 1855/2322/13 1851/2324/758 1870/2325/758 
f 1870/2325/758 1869/2323/13 1855/2322/13 
f 1851/2326/758 1853/2327/759 1871/2328/759 
f 1871/2328/759 1870/2329/758 1851/2326/758 
s 4
f 1853/2327/759 1852/2330/26 1872/2331/26 
f 1872/2331/26 1871/2328/759 1853/2327/759 
f 1852/2330/26 1861/2332/760 1873/2333/760 
f 1873/2333/760 1872/2331/26 1852/2330/26 
s 8
f 1861/2332/760 1862/2334/761 1874/2335/761 
f 1874/2335/761 1873/2333/760 1861/2332/760 
s 2
f 1862/2334/761 1857/2310/1 1864/2313/1 
f 1864/2313/1 1874/2335/761 1862/2334/761 
s 1
f 1864/2336/7 1863/2337/7 1865/2338/7 
f 1865/2338/7 1866/2339/7 1867/2340/7 
f 1867/2340/7 1868/2341/7 1869/2342/7 
f 1865/2338/7 1867/2340/7 1869/2342/7 
f 1872/2344/7 1870/2343/7 1871/2345/7 
f 1865/2338/7 1872/2344/7 1873/2346/7 
f 1865/2338/7 1870/2343/7 1872/2344/7 
f 1865/2338/7 1869/2342/7 1870/2343/7 
f 1864/2336/7 1865/2338/7 1873/2346/7 
f 1874/2347/7 1864/2336/7 1873/2346/7 
f 1875/1608/26 1876/1611/26 1877/1610/26 
f 1877/1610/26 1878/1609/26 1875/1608/26 
s 2
f 1878/1612/19 1877/1615/19 1879/1614/19 
f 1879/1614/19 1880/1613/19 1878/1612/19 
s 1
f 1880/1616/25 1879/1619/25 1881/1618/25 
f 1881/1618/25 1882/1617/25 1880/1616/25 
s 2
f 1882/1620/7 1881/1623/7 1876/1622/7 
f 1876/1622/7 1875/1621/7 1882/1620/7 
s 1
f 1883/1625/26 1884/1624/26 1885/1626/26 
f 1884/1624/26 1883/1625/26 1886/1627/26 
s 2
f 1883/1628/634 1885/1631/634 1887/1630/634 
f 1887/1630/634 1888/1629/634 1883/1628/634 
s 1
f 1888/1632/25 1887/1635/25 1889/1634/25 
f 1889/1634/25 1890/1633/25 1888/1632/25 
s 2
f 1890/1636/622 1889/1639/622 1884/1638/622 
f 1884/1638/622 1886/1637/622 1890/1636/622 
s 1
f 1891/1641/26 1892/1640/26 1893/1642/26 
f 1892/1640/26 1891/1641/26 1894/1643/26 
s 2
f 1891/1644/640 1893/1647/640 1895/1646/640 
f 1895/1646/640 1896/1645/640 1891/1644/640 
s 1
f 1896/1648/25 1895/1651/25 1897/1650/25 
f 1897/1650/25 1898/1649/25 1896/1648/25 
s 2
f 1898/1652/628 1897/1655/628 1892/1654/628 
f 1892/1654/628 1894/1653/628 1898/1652/628 
f 1637/3436/26 1899/3451/26 1900/3712/26 
f 1899/3451/26 1637/3436/26 1644/3449/26 
s 1
f 1644/3418/13 1653/3417/13 1720/3726/13 
f 1720/3726/13 1899/3727/13 1644/3418/13 
f 1628/3418/13 1637/3417/13 1900/3726/13 
f 1900/3726/13 1717/3727/13 1628/3418/13 
# 0 polygons - 3576 triangles

